<profile><master_cap>/root/datasets/OfficialDataset/Injection/injection/training/frequent/20161021132150/20160813162223.injection_WarmRestart/20160813162223.injection_WarmRestart.master.pcap</master_cap><slave_cap>/root/datasets/OfficialDataset/Injection/injection/training/frequent/20161021132150/20160813162223.injection_WarmRestart/20160813162223.injection_WarmRestart.slave.pcap</slave_cap><attack_cap>/root/datasets/OfficialDataset/Injection/injection/training/frequent/20161021132150/20160813162223.injection_WarmRestart/20160813162223.injection_WarmRestart.attacker.pcap</attack_cap><start>2016-08-13 16:22:23.200004</start><finish>2016-08-13 16:23:40.935683</finish><attack>injection_WarmRestart</attack><local_dir>/root/datasets/OfficialDataset/Injection/injection/training/frequent/20161021132150/20160813162223.injection_WarmRestart</local_dir><first>4259</first><last>216238</last><range pcap="attacker"><first>73807</first><offset>78066</offset><last>78365</last></range><range pcap="slave"><first>726192</first><offset>831623</offset><last>832045</last></range><range pcap="master"><first>726071</first><offset>831486</offset><last>831896</last></range></profile>