<profile><master_cap>/root/datasets/OfficialDataset/Replay/replay/training/infrequent/20161021141910/20160728140356.injection_replay/20160728140356.injection_replay.master.pcap</master_cap><slave_cap>/root/datasets/OfficialDataset/Replay/replay/training/infrequent/20161021141910/20160728140356.injection_replay/20160728140356.injection_replay.slave.pcap</slave_cap><attack_cap>/root/datasets/OfficialDataset/Replay/replay/training/infrequent/20161021141910/20160728140356.injection_replay/20160728140356.injection_replay.attacker.pcap</attack_cap><start>2016-07-28 14:03:56.752217</start><finish>2016-07-28 14:04:01.047730</finish><attack>injection_replay</attack><local_dir>/root/datasets/OfficialDataset/Replay/replay/training/infrequent/20161021141910/20160728140356.injection_replay</local_dir><first>27931</first><last>None</last><range pcap="attacker"><first>219830</first><offset>247761</offset><last>247778</last></range><range pcap="slave"><first>596275</first><offset>635450</offset><last>635468</last></range><range pcap="master"><first>596068</first><offset>635243</offset><last>635263</last></range></profile>