<profile><master_cap>/root/datasets/OfficialDataset/Injection/injection/training/frequent/20161021132150/20160813211341.injection_WarmRestart/20160813211341.injection_WarmRestart.master.pcap</master_cap><slave_cap>/root/datasets/OfficialDataset/Injection/injection/training/frequent/20161021132150/20160813211341.injection_WarmRestart/20160813211341.injection_WarmRestart.slave.pcap</slave_cap><attack_cap>/root/datasets/OfficialDataset/Injection/injection/training/frequent/20161021132150/20160813211341.injection_WarmRestart/20160813211341.injection_WarmRestart.attacker.pcap</attack_cap><start>2016-08-13 21:13:41.997371</start><finish>2016-08-13 21:14:52.812929</finish><attack>injection_WarmRestart</attack><local_dir>/root/datasets/OfficialDataset/Injection/injection/training/frequent/20161021132150/20160813211341.injection_WarmRestart</local_dir><first>4109</first><last>16729</last><range pcap="attacker"><first>134052</first><offset>138161</offset><last>138431</last></range><range pcap="slave"><first>1582681</first><offset>1588472</offset><last>1588860</last></range><range pcap="master"><first>1582449</first><offset>1588238</offset><last>1588618</last></range></profile>