<profile><master_cap>/root/datasets/OfficialDataset/Replay/replay/training/frequent/20161021142021/20160729114726.injection_replay_updaterAck/20160729114726.injection_replay_updaterAck.master.pcap</master_cap><slave_cap>/root/datasets/OfficialDataset/Replay/replay/training/frequent/20161021142021/20160729114726.injection_replay_updaterAck/20160729114726.injection_replay_updaterAck.slave.pcap</slave_cap><attack_cap>/root/datasets/OfficialDataset/Replay/replay/training/frequent/20161021142021/20160729114726.injection_replay_updaterAck/20160729114726.injection_replay_updaterAck.attacker.pcap</attack_cap><start>2016-07-29 11:47:26.761380</start><finish>2016-07-29 11:47:35.799983</finish><attack>injection_replay_updaterAck</attack><local_dir>/root/datasets/OfficialDataset/Replay/replay/training/frequent/20161021142021/20160729114726.injection_replay_updaterAck</local_dir><first>5925</first><last>22999</last><range pcap="attacker"><first>246740</first><offset>252665</offset><last>252702</last></range><range pcap="slave"><first>2109855</first><offset>2118181</offset><last>2118375</last></range><range pcap="master"><first>2108500</first><offset>2116819</offset><last>2117015</last></range></profile>