<profile><master_cap>/root/datasets/OfficialDataset/MITM/MITM/training/frequent/20161021140907/20160924034234.MITM_hijack_injection/20160924034234.MITM_hijack_injection.master.pcap</master_cap><slave_cap>/root/datasets/OfficialDataset/MITM/MITM/training/frequent/20161021140907/20160924034234.MITM_hijack_injection/20160924034234.MITM_hijack_injection.slave.pcap</slave_cap><attack_cap>/root/datasets/OfficialDataset/MITM/MITM/training/frequent/20161021140907/20160924034234.MITM_hijack_injection/20160924034234.MITM_hijack_injection.attacker.pcap</attack_cap><start>2016-09-24 03:42:34.615735</start><finish>2016-09-24 03:43:49.631274</finish><attack>MITM_hijack_injection</attack><local_dir>/root/datasets/OfficialDataset/MITM/MITM/training/frequent/20161021140907/20160924034234.MITM_hijack_injection</local_dir><first>5584</first><last>108989</last><range pcap="attacker"><first>135251</first><offset>140835</offset><last>141492</last></range><range pcap="slave"><first>469183</first><offset>491671</offset><last>520589</last></range><range pcap="master"><first>469282</first><offset>491770</offset><last>520622</last></range></profile>