<profile><master_cap>/root/datasets/OfficialDataset/Flooding/flooding/training/frequent/20161021130706/20160831120721.master_flooding/20160831120721.master_flooding.master.pcap</master_cap><slave_cap>/root/datasets/OfficialDataset/Flooding/flooding/training/frequent/20161021130706/20160831120721.master_flooding/20160831120721.master_flooding.slave.pcap</slave_cap><attack_cap>/root/datasets/OfficialDataset/Flooding/flooding/training/frequent/20161021130706/20160831120721.master_flooding/20160831120721.master_flooding.attacker.pcap</attack_cap><start>2016-08-31 12:07:21.343548</start><finish>2016-08-31 12:08:34.435484</finish><attack>master_flooding</attack><local_dir>/root/datasets/OfficialDataset/Flooding/flooding/training/frequent/20161021130706/20160831120721.master_flooding</local_dir><first>6054</first><last>25239</last><range pcap="attacker"><first>328196</first><offset>334250</offset><last>335100</last></range><range pcap="slave"><first>410512</first><offset>419031</offset><last>419988</last></range><range pcap="master"><first>399675</first><offset>408192</offset><last>408532</last></range></profile>