<profile><master_cap>/root/datasets/OfficialDataset/Attacks/attacks/training/frequent/20161021143503/20161010181309.master_flooding_freeze/20161010181309.master_flooding_freeze.master.pcap</master_cap><slave_cap>/root/datasets/OfficialDataset/Attacks/attacks/training/frequent/20161021143503/20161010181309.master_flooding_freeze/20161010181309.master_flooding_freeze.slave.pcap</slave_cap><attack_cap>/root/datasets/OfficialDataset/Attacks/attacks/training/frequent/20161021143503/20161010181309.master_flooding_freeze/20161010181309.master_flooding_freeze.attacker.pcap</attack_cap><start>2016-10-10 18:13:09.228848</start><finish>2016-10-10 18:14:20.254501</finish><attack>master_flooding_freeze</attack><local_dir>/root/datasets/OfficialDataset/Attacks/attacks/training/frequent/20161021143503/20161010181309.master_flooding_freeze</local_dir><first>3778</first><last>32946</last><range pcap="attacker"><first>609</first><offset>4387</offset><last>13445</last></range><range pcap="slave"><first>494</first><offset>5785</offset><last>14955</last></range><range pcap="master"><first>483</first><offset>5772</offset><last>6130</last></range></profile>