<profile><master_cap>/root/datasets/OfficialDataset/MITM/MITM/training/frequent/20161021140907/20160923165627.reconnaissance/20160923165627.reconnaissance.master.pcap</master_cap><slave_cap>/root/datasets/OfficialDataset/MITM/MITM/training/frequent/20161021140907/20160923165627.reconnaissance/20160923165627.reconnaissance.slave.pcap</slave_cap><attack_cap>/root/datasets/OfficialDataset/MITM/MITM/training/frequent/20161021140907/20160923165627.reconnaissance/20160923165627.reconnaissance.attacker.pcap</attack_cap><start>2016-09-23 16:56:27.920796</start><finish>2016-09-23 16:56:31.977664</finish><attack>reconnaissance</attack><local_dir>/root/datasets/OfficialDataset/MITM/MITM/training/frequent/20161021140907/20160923165627.reconnaissance</local_dir><first>39</first><last>206</last><range pcap="attacker"><first>532</first><offset>571</offset><last>592</last></range><range pcap="slave"><first>424</first><offset>471</offset><last>503</last></range><range pcap="master"><first>421</first><offset>466</offset><last>486</last></range></profile>