<profile><master_cap>/root/datasets/OfficialDataset/Attacks/attacks/training/frequent/20161021143503/20161011045929.master_flooding/20161011045929.master_flooding.master.pcap</master_cap><slave_cap>/root/datasets/OfficialDataset/Attacks/attacks/training/frequent/20161021143503/20161011045929.master_flooding/20161011045929.master_flooding.slave.pcap</slave_cap><attack_cap>/root/datasets/OfficialDataset/Attacks/attacks/training/frequent/20161021143503/20161011045929.master_flooding/20161011045929.master_flooding.attacker.pcap</attack_cap><start>2016-10-11 04:59:29.425076</start><finish>2016-10-11 05:00:34.343367</finish><attack>master_flooding</attack><local_dir>/root/datasets/OfficialDataset/Attacks/attacks/training/frequent/20161021143503/20161011045929.master_flooding</local_dir><first>5830</first><last>24182</last><range pcap="attacker"><first>150727</first><offset>156557</offset><last>157371</last></range><range pcap="slave"><first>348851</first><offset>357016</offset><last>357924</last></range><range pcap="master"><first>342397</first><offset>350546</offset><last>350860</last></range></profile>