<profile><master_cap>/root/datasets/OfficialDataset/MITM/MITM/training/frequent/20161021140907/20160924071337.MITM_modification_BinaryInputPointDelete/20160924071337.MITM_modification_BinaryInputPointDelete.master.pcap</master_cap><slave_cap>/root/datasets/OfficialDataset/MITM/MITM/training/frequent/20161021140907/20160924071337.MITM_modification_BinaryInputPointDelete/20160924071337.MITM_modification_BinaryInputPointDelete.slave.pcap</slave_cap><attack_cap>/root/datasets/OfficialDataset/MITM/MITM/training/frequent/20161021140907/20160924071337.MITM_modification_BinaryInputPointDelete/20160924071337.MITM_modification_BinaryInputPointDelete.attacker.pcap</attack_cap><start>2016-09-24 07:13:37.013498</start><finish>2016-09-24 07:14:23.849052</finish><attack>MITM_modification_BinaryInputPointDelete</attack><local_dir>/root/datasets/OfficialDataset/MITM/MITM/training/frequent/20161021140907/20160924071337.MITM_modification_BinaryInputPointDelete</local_dir><first>4705</first><last>18887</last><range pcap="attacker"><first>182274</first><offset>186979</offset><last>187359</last></range><range pcap="slave"><first>768396</first><offset>775012</offset><last>775293</last></range><range pcap="master"><first>768389</first><offset>775005</offset><last>775292</last></range></profile>