<profile><master_cap>/root/datasets/OfficialDataset/Replay/replay/training/frequent/20161021142021/20160729063432.master_replay/20160729063432.master_replay.master.pcap</master_cap><slave_cap>/root/datasets/OfficialDataset/Replay/replay/training/frequent/20161021142021/20160729063432.master_replay/20160729063432.master_replay.slave.pcap</slave_cap><attack_cap>/root/datasets/OfficialDataset/Replay/replay/training/frequent/20161021142021/20160729063432.master_replay/20160729063432.master_replay.attacker.pcap</attack_cap><start>2016-07-29 06:34:32.038538</start><finish>2016-07-29 06:35:21.975945</finish><attack>master_replay</attack><local_dir>/root/datasets/OfficialDataset/Replay/replay/training/frequent/20161021142021/20160729063432.master_replay</local_dir><first>3666</first><last>341160</last><range pcap="attacker"><first>182996</first><offset>186662</offset><last>186890</last></range><range pcap="slave"><first>1514729</first><offset>1683083</offset><last>1683388</last></range><range pcap="master"><first>1513832</first><offset>1682197</offset><last>1682437</last></range></profile>