<profile><master_cap>/root/datasets/OfficialDataset/Attacks/attacks/training/frequent/20161021143503/20161010203146.MITM_modification_ImmedFreezeNR/20161010203146.MITM_modification_ImmedFreezeNR.master.pcap</master_cap><slave_cap>/root/datasets/OfficialDataset/Attacks/attacks/training/frequent/20161021143503/20161010203146.MITM_modification_ImmedFreezeNR/20161010203146.MITM_modification_ImmedFreezeNR.slave.pcap</slave_cap><attack_cap>/root/datasets/OfficialDataset/Attacks/attacks/training/frequent/20161021143503/20161010203146.MITM_modification_ImmedFreezeNR/20161010203146.MITM_modification_ImmedFreezeNR.attacker.pcap</attack_cap><start>2016-10-10 20:31:46.588685</start><finish>2016-10-10 20:32:23.120523</finish><attack>MITM_modification_ImmedFreezeNR</attack><local_dir>/root/datasets/OfficialDataset/Attacks/attacks/training/frequent/20161021143503/20161010203146.MITM_modification_ImmedFreezeNR</local_dir><first>2986</first><last>12084</last><range pcap="attacker"><first>39569</first><offset>42555</offset><last>42823</last></range><range pcap="slave"><first>50878</first><offset>55066</offset><last>55292</last></range><range pcap="master"><first>42139</first><offset>46325</offset><last>46553</last></range></profile>