<profile><master_cap>/root/datasets/OfficialDataset/Attacks/attacks/training/frequent/20161021143503/20161011022616.MITM_modification_CounterStatus/20161011022616.MITM_modification_CounterStatus.master.pcap</master_cap><slave_cap>/root/datasets/OfficialDataset/Attacks/attacks/training/frequent/20161021143503/20161011022616.MITM_modification_CounterStatus/20161011022616.MITM_modification_CounterStatus.slave.pcap</slave_cap><attack_cap>/root/datasets/OfficialDataset/Attacks/attacks/training/frequent/20161021143503/20161011022616.MITM_modification_CounterStatus/20161011022616.MITM_modification_CounterStatus.attacker.pcap</attack_cap><start>2016-10-11 02:26:16.890424</start><finish>2016-10-11 02:27:31.163855</finish><attack>MITM_modification_CounterStatus</attack><local_dir>/root/datasets/OfficialDataset/Attacks/attacks/training/frequent/20161021143503/20161011022616.MITM_modification_CounterStatus</local_dir><first>5643</first><last>22882</last><range pcap="attacker"><first>114703</first><offset>120346</offset><last>120923</last></range><range pcap="slave"><first>304119</first><offset>311994</offset><last>312440</last></range><range pcap="master"><first>294481</first><offset>302356</offset><last>302820</last></range></profile>