<profile><master_cap>/root/datasets/OfficialDataset/MITM/MITM/training/frequent/20161021140907/20160924042416.MITM_forwarding/20160924042416.MITM_forwarding.master.pcap</master_cap><slave_cap>/root/datasets/OfficialDataset/MITM/MITM/training/frequent/20161021140907/20160924042416.MITM_forwarding/20160924042416.MITM_forwarding.slave.pcap</slave_cap><attack_cap>/root/datasets/OfficialDataset/MITM/MITM/training/frequent/20161021140907/20160924042416.MITM_forwarding/20160924042416.MITM_forwarding.attacker.pcap</attack_cap><start>2016-09-24 04:24:16.567396</start><finish>2016-09-24 04:25:06.114623</finish><attack>MITM_forwarding</attack><local_dir>/root/datasets/OfficialDataset/MITM/MITM/training/frequent/20161021140907/20160924042416.MITM_forwarding</local_dir><first>2567</first><last>10805</last><range pcap="attacker"><first>147446</first><offset>150013</offset><last>150405</last></range><range pcap="slave"><first>609451</first><offset>613069</offset><last>613367</last></range><range pcap="master"><first>609474</first><offset>613092</offset><last>613402</last></range></profile>