<profile><master_cap>/root/datasets/OfficialDataset/Injection/injection/training/frequent/20161021132150/20160813180147.injection_push/20160813180147.injection_push.master.pcap</master_cap><slave_cap>/root/datasets/OfficialDataset/Injection/injection/training/frequent/20161021132150/20160813180147.injection_push/20160813180147.injection_push.slave.pcap</slave_cap><attack_cap>/root/datasets/OfficialDataset/Injection/injection/training/frequent/20161021132150/20160813180147.injection_push/20160813180147.injection_push.attacker.pcap</attack_cap><start>2016-08-13 18:01:47.526364</start><finish>2016-08-13 18:02:16.331618</finish><attack>injection_push</attack><local_dir>/root/datasets/OfficialDataset/Injection/injection/training/frequent/20161021132150/20160813180147.injection_push</local_dir><first>4031</first><last>16133</last><range pcap="attacker"><first>94532</first><offset>98563</offset><last>98671</last></range><range pcap="slave"><first>953879</first><offset>959526</offset><last>959867</last></range><range pcap="master"><first>953707</first><offset>959363</offset><last>959711</last></range></profile>