<profile><master_cap>/root/datasets/OfficialDataset/Masqurading/masquerading/training/frequent/20161021132756/20160827104247.master_hijacking_masquerading/20160827104247.master_hijacking_masquerading.master.pcap</master_cap><slave_cap>/root/datasets/OfficialDataset/Masqurading/masquerading/training/frequent/20161021132756/20160827104247.master_hijacking_masquerading/20160827104247.master_hijacking_masquerading.slave.pcap</slave_cap><attack_cap>/root/datasets/OfficialDataset/Masqurading/masquerading/training/frequent/20161021132756/20160827104247.master_hijacking_masquerading/20160827104247.master_hijacking_masquerading.attacker.pcap</attack_cap><start>2016-08-27 10:42:47.391995</start><finish>2016-08-27 10:45:14.127684</finish><attack>master_hijacking_masquerading</attack><local_dir>/root/datasets/OfficialDataset/Masqurading/masquerading/training/frequent/20161021132756/20160827104247.master_hijacking_masquerading</local_dir><first>4125</first><last>17957</last><range pcap="attacker"><first>290789</first><offset>294914</offset><last>295646</last></range><range pcap="slave"><first>376132</first><offset>381843</offset><last>382782</last></range><range pcap="master"><first>393439</first><offset>399149</offset><last>399887</last></range></profile>