<profile><master_cap>/root/datasets/OfficialDataset/MITM/MITM/training/frequent/20161021140907/20160924054729.MITM_modification_BinaryInputPointInsert/20160924054729.MITM_modification_BinaryInputPointInsert.master.pcap</master_cap><slave_cap>/root/datasets/OfficialDataset/MITM/MITM/training/frequent/20161021140907/20160924054729.MITM_modification_BinaryInputPointInsert/20160924054729.MITM_modification_BinaryInputPointInsert.slave.pcap</slave_cap><attack_cap>/root/datasets/OfficialDataset/MITM/MITM/training/frequent/20161021140907/20160924054729.MITM_modification_BinaryInputPointInsert/20160924054729.MITM_modification_BinaryInputPointInsert.attacker.pcap</attack_cap><start>2016-09-24 05:47:29.206138</start><finish>2016-09-24 05:48:21.449699</finish><attack>MITM_modification_BinaryInputPointInsert</attack><local_dir>/root/datasets/OfficialDataset/MITM/MITM/training/frequent/20161021140907/20160924054729.MITM_modification_BinaryInputPointInsert</local_dir><first>4808</first><last>19413</last><range pcap="attacker"><first>163396</first><offset>168204</offset><last>168626</last></range><range pcap="slave"><first>742871</first><offset>749640</offset><last>749960</last></range><range pcap="master"><first>742842</first><offset>749611</offset><last>749934</last></range></profile>