<profile><master_cap>/root/datasets/OfficialDataset/Replay/replay/training/frequent/20161021142021/20160728163549.injection_replay_updaterAck/20160728163549.injection_replay_updaterAck.master.pcap</master_cap><slave_cap>/root/datasets/OfficialDataset/Replay/replay/training/frequent/20161021142021/20160728163549.injection_replay_updaterAck/20160728163549.injection_replay_updaterAck.slave.pcap</slave_cap><attack_cap>/root/datasets/OfficialDataset/Replay/replay/training/frequent/20161021142021/20160728163549.injection_replay_updaterAck/20160728163549.injection_replay_updaterAck.attacker.pcap</attack_cap><start>2016-07-28 16:35:49.930916</start><finish>2016-07-28 16:35:57.975843</finish><attack>injection_replay_updaterAck</attack><local_dir>/root/datasets/OfficialDataset/Replay/replay/training/frequent/20161021142021/20160728163549.injection_replay_updaterAck</local_dir><first>2769</first><last>11014</last><range pcap="attacker"><first>6874</first><offset>9643</offset><last>9678</last></range><range pcap="slave"><first>9229</first><offset>13103</offset><last>13334</last></range><range pcap="master"><first>9145</first><offset>13015</offset><last>13248</last></range></profile>