<profile><master_cap>/root/datasets/OfficialDataset/Injection/injection/training/frequent/20161021132150/20160813160156.injection_push/20160813160156.injection_push.master.pcap</master_cap><slave_cap>/root/datasets/OfficialDataset/Injection/injection/training/frequent/20161021132150/20160813160156.injection_push/20160813160156.injection_push.slave.pcap</slave_cap><attack_cap>/root/datasets/OfficialDataset/Injection/injection/training/frequent/20161021132150/20160813160156.injection_push/20160813160156.injection_push.attacker.pcap</attack_cap><start>2016-08-13 16:01:56.050111</start><finish>2016-08-13 16:02:12.095961</finish><attack>injection_push</attack><local_dir>/root/datasets/OfficialDataset/Injection/injection/training/frequent/20161021132150/20160813160156.injection_push</local_dir><first>2338</first><last>85078</last><range pcap="attacker"><first>71399</first><offset>73737</offset><last>73806</last></range><range pcap="slave"><first>684850</first><offset>725743</offset><last>726191</last></range><range pcap="master"><first>684742</first><offset>725614</offset><last>726070</last></range></profile>