<profile><master_cap>/root/datasets/OfficialDataset/Flooding/flooding/training/frequent/20161021130706/20160830233118.master_flooding_freeze/20160830233118.master_flooding_freeze.master.pcap</master_cap><slave_cap>/root/datasets/OfficialDataset/Flooding/flooding/training/frequent/20161021130706/20160830233118.master_flooding_freeze/20160830233118.master_flooding_freeze.slave.pcap</slave_cap><attack_cap>/root/datasets/OfficialDataset/Flooding/flooding/training/frequent/20161021130706/20160830233118.master_flooding_freeze/20160830233118.master_flooding_freeze.attacker.pcap</attack_cap><start>2016-08-30 23:31:18.262920</start><finish>2016-08-30 23:32:22.462729</finish><attack>master_flooding_freeze</attack><local_dir>/root/datasets/OfficialDataset/Flooding/flooding/training/frequent/20161021130706/20160830233118.master_flooding_freeze</local_dir><first>2533</first><last>11788</last><range pcap="attacker"><first>134401</first><offset>136934</offset><last>137766</last></range><range pcap="slave"><first>168863</first><offset>172448</offset><last>173379</last></range><range pcap="master"><first>170973</first><offset>174545</offset><last>174878</last></range></profile>