<profile><master_cap>/root/datasets/OfficialDataset/Flooding/flooding/training/frequent/20161021130706/20160830144430.master_flooding/20160830144430.master_flooding.master.pcap</master_cap><slave_cap>/root/datasets/OfficialDataset/Flooding/flooding/training/frequent/20161021130706/20160830144430.master_flooding/20160830144430.master_flooding.slave.pcap</slave_cap><attack_cap>/root/datasets/OfficialDataset/Flooding/flooding/training/frequent/20161021130706/20160830144430.master_flooding/20160830144430.master_flooding.attacker.pcap</attack_cap><start>2016-08-30 14:44:30.433876</start><finish>2016-08-30 14:45:34.583048</finish><attack>master_flooding</attack><local_dir>/root/datasets/OfficialDataset/Flooding/flooding/training/frequent/20161021130706/20160830144430.master_flooding</local_dir><first>2673</first><last>12170</last><range pcap="attacker"><first>5028</first><offset>7701</offset><last>8510</last></range><range pcap="slave"><first>6638</first><offset>10385</offset><last>11279</last></range><range pcap="master"><first>6630</first><offset>10375</offset><last>10675</last></range></profile>