<profile><master_cap>/root/datasets/OfficialDataset/Replay/replay/training/frequent/20161021142021/20160729000517.master_replay_flooding/20160729000517.master_replay_flooding.master.pcap</master_cap><slave_cap>/root/datasets/OfficialDataset/Replay/replay/training/frequent/20161021142021/20160729000517.master_replay_flooding/20160729000517.master_replay_flooding.slave.pcap</slave_cap><attack_cap>/root/datasets/OfficialDataset/Replay/replay/training/frequent/20161021142021/20160729000517.master_replay_flooding/20160729000517.master_replay_flooding.attacker.pcap</attack_cap><start>2016-07-29 00:05:17.495526</start><finish>2016-07-29 00:05:36.620926</finish><attack>master_replay_flooding</attack><local_dir>/root/datasets/OfficialDataset/Replay/replay/training/frequent/20161021142021/20160729000517.master_replay_flooding</local_dir><first>6246</first><last>24003</last><range pcap="attacker"><first>97969</first><offset>104215</offset><last>104306</last></range><range pcap="slave"><first>625550</first><offset>634271</offset><last>634393</last></range><range pcap="master"><first>624982</first><offset>633701</offset><last>633803</last></range></profile>