<profile><master_cap>/root/datasets/OfficialDataset/Masqurading/masquerading/training/frequent/20161021132756/20160826131804.slave_masquerading_ObjectSpoofBinaryFuzz/20160826131804.slave_masquerading_ObjectSpoofBinaryFuzz.master.pcap</master_cap><slave_cap>/root/datasets/OfficialDataset/Masqurading/masquerading/training/frequent/20161021132756/20160826131804.slave_masquerading_ObjectSpoofBinaryFuzz/20160826131804.slave_masquerading_ObjectSpoofBinaryFuzz.slave.pcap</slave_cap><attack_cap>/root/datasets/OfficialDataset/Masqurading/masquerading/training/frequent/20161021132756/20160826131804.slave_masquerading_ObjectSpoofBinaryFuzz/20160826131804.slave_masquerading_ObjectSpoofBinaryFuzz.attacker.pcap</attack_cap><start>2016-08-26 13:18:04.251572</start><finish>2016-08-26 13:18:48.872133</finish><attack>slave_masquerading_ObjectSpoofBinaryFuzz</attack><local_dir>/root/datasets/OfficialDataset/Masqurading/masquerading/training/frequent/20161021132756/20160826131804.slave_masquerading_ObjectSpoofBinaryFuzz</local_dir><first>5515</first><last>21909</last><range pcap="attacker"><first>591</first><offset>6106</offset><last>6455</last></range><range pcap="slave"><first>451</first><offset>8204</offset><last>8383</last></range><range pcap="master"><first>437</first><offset>8194</offset><last>8548</last></range></profile>