<profile><master_cap>/root/datasets/OfficialDataset/Attacks/attacks/training/frequent/20161021143503/20161011093732.slave_masquerading_ObjectSpoofBinary/20161011093732.slave_masquerading_ObjectSpoofBinary.master.pcap</master_cap><slave_cap>/root/datasets/OfficialDataset/Attacks/attacks/training/frequent/20161021143503/20161011093732.slave_masquerading_ObjectSpoofBinary/20161011093732.slave_masquerading_ObjectSpoofBinary.slave.pcap</slave_cap><attack_cap>/root/datasets/OfficialDataset/Attacks/attacks/training/frequent/20161021143503/20161011093732.slave_masquerading_ObjectSpoofBinary/20161011093732.slave_masquerading_ObjectSpoofBinary.attacker.pcap</attack_cap><start>2016-10-11 09:37:32.375851</start><finish>2016-10-11 09:37:50.025119</finish><attack>slave_masquerading_ObjectSpoofBinary</attack><local_dir>/root/datasets/OfficialDataset/Attacks/attacks/training/frequent/20161021143503/20161011093732.slave_masquerading_ObjectSpoofBinary</local_dir><first>4253</first><last>16300</last><range pcap="attacker"><first>213059</first><offset>217312</offset><last>217413</last></range><range pcap="slave"><first>577766</first><offset>583659</offset><last>583726</last></range><range pcap="master"><first>571431</first><offset>577312</offset><last>577415</last></range></profile>