<profile><master_cap>/root/datasets/OfficialDataset/Flooding/flooding/training/frequent/20161021130706/20160831034413.master_replay_flooding/20160831034413.master_replay_flooding.master.pcap</master_cap><slave_cap>/root/datasets/OfficialDataset/Flooding/flooding/training/frequent/20161021130706/20160831034413.master_replay_flooding/20160831034413.master_replay_flooding.slave.pcap</slave_cap><attack_cap>/root/datasets/OfficialDataset/Flooding/flooding/training/frequent/20161021130706/20160831034413.master_replay_flooding/20160831034413.master_replay_flooding.attacker.pcap</attack_cap><start>2016-08-31 03:44:13.521751</start><finish>2016-08-31 03:44:57.230413</finish><attack>master_replay_flooding</attack><local_dir>/root/datasets/OfficialDataset/Flooding/flooding/training/frequent/20161021130706/20160831034413.master_replay_flooding</local_dir><first>6015</first><last>23584</last><range pcap="attacker"><first>199048</first><offset>205063</offset><last>205248</last></range><range pcap="slave"><first>242841</first><offset>251299</offset><last>251554</last></range><range pcap="master"><first>249914</first><offset>258365</offset><last>258583</last></range></profile>