<profile><master_cap>/root/datasets/OfficialDataset/Replay/replay/training/frequent/20161021142021/20160729061618.injection_replay_updaterAck/20160729061618.injection_replay_updaterAck.master.pcap</master_cap><slave_cap>/root/datasets/OfficialDataset/Replay/replay/training/frequent/20161021142021/20160729061618.injection_replay_updaterAck/20160729061618.injection_replay_updaterAck.slave.pcap</slave_cap><attack_cap>/root/datasets/OfficialDataset/Replay/replay/training/frequent/20161021142021/20160729061618.injection_replay_updaterAck/20160729061618.injection_replay_updaterAck.attacker.pcap</attack_cap><start>2016-07-29 06:16:18.461723</start><finish>2016-07-29 06:16:45.967664</finish><attack>injection_replay_updaterAck</attack><local_dir>/root/datasets/OfficialDataset/Replay/replay/training/frequent/20161021142021/20160729061618.injection_replay_updaterAck</local_dir><first>4629</first><last>357832</last><range pcap="attacker"><first>178248</first><offset>182877</offset><last>182995</last></range><range pcap="slave"><first>1338188</first><offset>1514445</offset><last>1514728</last></range><range pcap="master"><first>1337288</first><offset>1513531</offset><last>1513831</last></range></profile>