<profile><master_cap>/root/datasets/OfficialDataset/Attacks/attacks/training/frequent/20161021143503/20161010195238.master_replay_flooding/20161010195238.master_replay_flooding.master.pcap</master_cap><slave_cap>/root/datasets/OfficialDataset/Attacks/attacks/training/frequent/20161021143503/20161010195238.master_replay_flooding/20161010195238.master_replay_flooding.slave.pcap</slave_cap><attack_cap>/root/datasets/OfficialDataset/Attacks/attacks/training/frequent/20161021143503/20161010195238.master_replay_flooding/20161010195238.master_replay_flooding.attacker.pcap</attack_cap><start>2016-10-10 19:52:38.090990</start><finish>2016-10-10 19:52:57.284732</finish><attack>master_replay_flooding</attack><local_dir>/root/datasets/OfficialDataset/Attacks/attacks/training/frequent/20161021143503/20161010195238.master_replay_flooding</local_dir><first>4080</first><last>15897</last><range pcap="attacker"><first>30270</first><offset>34350</offset><last>34469</last></range><range pcap="slave"><first>37911</first><offset>43634</offset><last>43789</last></range><range pcap="master"><first>29192</first><offset>34915</offset><last>35010</last></range></profile>