<profile><master_cap>/root/datasets/OfficialDataset/Flooding/flooding/training/frequent/20161021130706/20160831125716.slave_masquerading_flooding/20160831125716.slave_masquerading_flooding.master.pcap</master_cap><slave_cap>/root/datasets/OfficialDataset/Flooding/flooding/training/frequent/20161021130706/20160831125716.slave_masquerading_flooding/20160831125716.slave_masquerading_flooding.slave.pcap</slave_cap><attack_cap>/root/datasets/OfficialDataset/Flooding/flooding/training/frequent/20161021130706/20160831125716.slave_masquerading_flooding/20160831125716.slave_masquerading_flooding.attacker.pcap</attack_cap><start>2016-08-31 12:57:16.091402</start><finish>2016-08-31 12:57:45.526178</finish><attack>slave_masquerading_flooding</attack><local_dir>/root/datasets/OfficialDataset/Flooding/flooding/training/frequent/20161021130706/20160831125716.slave_masquerading_flooding</local_dir><first>5234</first><last>23871</last><range pcap="attacker"><first>339844</first><offset>345078</offset><last>346957</last></range><range pcap="slave"><first>426673</first><offset>434057</offset><last>434165</last></range><range pcap="master"><first>415180</first><offset>422564</offset><last>424444</last></range></profile>