<profile><master_cap>/root/datasets/OfficialDataset/MITM/MITM/training/frequent/20161021140907/20160923174111.MITM_modification_BinaryStatus/20160923174111.MITM_modification_BinaryStatus.master.pcap</master_cap><slave_cap>/root/datasets/OfficialDataset/MITM/MITM/training/frequent/20161021140907/20160923174111.MITM_modification_BinaryStatus/20160923174111.MITM_modification_BinaryStatus.slave.pcap</slave_cap><attack_cap>/root/datasets/OfficialDataset/MITM/MITM/training/frequent/20161021140907/20160923174111.MITM_modification_BinaryStatus/20160923174111.MITM_modification_BinaryStatus.attacker.pcap</attack_cap><start>2016-09-23 17:41:11.060680</start><finish>2016-09-23 17:41:59.097618</finish><attack>MITM_modification_BinaryStatus</attack><local_dir>/root/datasets/OfficialDataset/MITM/MITM/training/frequent/20161021140907/20160923174111.MITM_modification_BinaryStatus</local_dir><first>2142</first><last>9130</last><range pcap="attacker"><first>8110</first><offset>10252</offset><last>10642</last></range><range pcap="slave"><first>10571</first><offset>13573</offset><last>13866</last></range><range pcap="master"><first>10570</first><offset>13572</offset><last>13871</last></range></profile>