<profile><master_cap>/root/datasets/OfficialDataset/MITM/MITM/training/frequent/20161021140907/20160924120153.MITM_modification_CounterStatus/20160924120153.MITM_modification_CounterStatus.master.pcap</master_cap><slave_cap>/root/datasets/OfficialDataset/MITM/MITM/training/frequent/20161021140907/20160924120153.MITM_modification_CounterStatus/20160924120153.MITM_modification_CounterStatus.slave.pcap</slave_cap><attack_cap>/root/datasets/OfficialDataset/MITM/MITM/training/frequent/20161021140907/20160924120153.MITM_modification_CounterStatus/20160924120153.MITM_modification_CounterStatus.attacker.pcap</attack_cap><start>2016-09-24 12:01:53.990519</start><finish>2016-09-24 12:02:41.823493</finish><attack>MITM_modification_CounterStatus</attack><local_dir>/root/datasets/OfficialDataset/MITM/MITM/training/frequent/20161021140907/20160924120153.MITM_modification_CounterStatus</local_dir><first>5429</first><last>21778</last><range pcap="attacker"><first>244577</first><offset>250006</offset><last>250409</last></range><range pcap="slave"><first>1219634</first><offset>1227291</offset><last>1227602</last></range><range pcap="master"><first>1219513</first><offset>1227170</offset><last>1227489</last></range></profile>