<profile><master_cap>/root/datasets/OfficialDataset/Injection/injection/training/frequent/20161021132150/20160813154957.injection_push/20160813154957.injection_push.master.pcap</master_cap><slave_cap>/root/datasets/OfficialDataset/Injection/injection/training/frequent/20161021132150/20160813154957.injection_push/20160813154957.injection_push.slave.pcap</slave_cap><attack_cap>/root/datasets/OfficialDataset/Injection/injection/training/frequent/20161021132150/20160813154957.injection_push/20160813154957.injection_push.attacker.pcap</attack_cap><start>2016-08-13 15:49:57.374387</start><finish>2016-08-13 15:50:35.951982</finish><attack>injection_push</attack><local_dir>/root/datasets/OfficialDataset/Injection/injection/training/frequent/20161021132150/20160813154957.injection_push</local_dir><first>2800</first><last>11627</last><range pcap="attacker"><first>68467</first><offset>71267</offset><last>71398</last></range><range pcap="slave"><first>680507</first><offset>684426</offset><last>684849</last></range><range pcap="master"><first>680389</first><offset>684305</offset><last>684741</last></range></profile>