<profile><master_cap>/root/datasets/OfficialDataset/Replay/replay/training/frequent/20161021142021/20160728221647.injection_replay/20160728221647.injection_replay.master.pcap</master_cap><slave_cap>/root/datasets/OfficialDataset/Replay/replay/training/frequent/20161021142021/20160728221647.injection_replay/20160728221647.injection_replay.slave.pcap</slave_cap><attack_cap>/root/datasets/OfficialDataset/Replay/replay/training/frequent/20161021142021/20160728221647.injection_replay/20160728221647.injection_replay.attacker.pcap</attack_cap><start>2016-07-28 22:16:47.310033</start><finish>2016-07-28 22:16:51.591875</finish><attack>injection_replay</attack><local_dir>/root/datasets/OfficialDataset/Replay/replay/training/frequent/20161021142021/20160728221647.injection_replay</local_dir><first>2128</first><last>46471</last><range pcap="attacker"><first>79113</first><offset>81241</offset><last>81253</last></range><range pcap="slave"><first>518308</first><offset>540453</offset><last>540471</last></range><range pcap="master"><first>517833</first><offset>539979</offset><last>539999</last></range></profile>