<profile><master_cap>/root/datasets/OfficialDataset/Injection/injection/training/frequent/20161021132150/20160813232932.injection_replay_updaterAck/20160813232932.injection_replay_updaterAck.master.pcap</master_cap><slave_cap>/root/datasets/OfficialDataset/Injection/injection/training/frequent/20161021132150/20160813232932.injection_replay_updaterAck/20160813232932.injection_replay_updaterAck.slave.pcap</slave_cap><attack_cap>/root/datasets/OfficialDataset/Injection/injection/training/frequent/20161021132150/20160813232932.injection_replay_updaterAck/20160813232932.injection_replay_updaterAck.attacker.pcap</attack_cap><start>2016-08-13 23:29:32.344280</start><finish>2016-08-13 23:30:10.183742</finish><attack>injection_replay_updaterAck</attack><local_dir>/root/datasets/OfficialDataset/Injection/injection/training/frequent/20161021132150/20160813232932.injection_replay_updaterAck</local_dir><first>2908</first><last>12492</last><range pcap="attacker"><first>163650</first><offset>166558</offset><last>166731</last></range><range pcap="slave"><first>1909328</first><offset>1913420</offset><last>1914029</last></range><range pcap="master"><first>1909048</first><offset>1913140</offset><last>1913756</last></range></profile>