<profile><master_cap>/root/datasets/OfficialDataset/Masqurading/masquerading/training/frequent/20161021132756/20160827062927.slave_masquerading_ObjectSpoofBinaryFuzz/20160827062927.slave_masquerading_ObjectSpoofBinaryFuzz.master.pcap</master_cap><slave_cap>/root/datasets/OfficialDataset/Masqurading/masquerading/training/frequent/20161021132756/20160827062927.slave_masquerading_ObjectSpoofBinaryFuzz/20160827062927.slave_masquerading_ObjectSpoofBinaryFuzz.slave.pcap</slave_cap><attack_cap>/root/datasets/OfficialDataset/Masqurading/masquerading/training/frequent/20161021132756/20160827062927.slave_masquerading_ObjectSpoofBinaryFuzz/20160827062927.slave_masquerading_ObjectSpoofBinaryFuzz.attacker.pcap</attack_cap><start>2016-08-27 06:29:27.153113</start><finish>2016-08-27 06:30:06.787100</finish><attack>slave_masquerading_ObjectSpoofBinaryFuzz</attack><local_dir>/root/datasets/OfficialDataset/Masqurading/masquerading/training/frequent/20161021132756/20160827062927.slave_masquerading_ObjectSpoofBinaryFuzz</local_dir><first>4964</first><last>19481</last><range pcap="attacker"><first>233125</first><offset>238089</offset><last>238399</last></range><range pcap="slave"><first>301607</first><offset>308487</offset><last>308627</last></range><range pcap="master"><first>315473</first><offset>322343</offset><last>322658</last></range></profile>