<profile><master_cap>/root/datasets/OfficialDataset/Flooding/flooding/training/infrequent/20161021130632/20160829185746.master_replay_flooding/20160829185746.master_replay_flooding.master.pcap</master_cap><slave_cap>/root/datasets/OfficialDataset/Flooding/flooding/training/infrequent/20161021130632/20160829185746.master_replay_flooding/20160829185746.master_replay_flooding.slave.pcap</slave_cap><attack_cap>/root/datasets/OfficialDataset/Flooding/flooding/training/infrequent/20161021130632/20160829185746.master_replay_flooding/20160829185746.master_replay_flooding.attacker.pcap</attack_cap><start>2016-08-29 18:57:46.574060</start><finish>2016-08-29 18:58:06.236788</finish><attack>master_replay_flooding</attack><local_dir>/root/datasets/OfficialDataset/Flooding/flooding/training/infrequent/20161021130632/20160829185746.master_replay_flooding</local_dir><first>29981</first><last>114521</last><range pcap="attacker"><first>629</first><offset>30610</offset><last>30697</last></range><range pcap="slave"><first>504</first><offset>42626</offset><last>42743</last></range><range pcap="master"><first>491</first><offset>42615</offset><last>42703</last></range></profile>