<profile><master_cap>/root/datasets/OfficialDataset/MITM/MITM/training/frequent/20161021140907/20160924000413.MITM_modification_BinaryInputDataDelete/20160924000413.MITM_modification_BinaryInputDataDelete.master.pcap</master_cap><slave_cap>/root/datasets/OfficialDataset/MITM/MITM/training/frequent/20161021140907/20160924000413.MITM_modification_BinaryInputDataDelete/20160924000413.MITM_modification_BinaryInputDataDelete.slave.pcap</slave_cap><attack_cap>/root/datasets/OfficialDataset/MITM/MITM/training/frequent/20161021140907/20160924000413.MITM_modification_BinaryInputDataDelete/20160924000413.MITM_modification_BinaryInputDataDelete.attacker.pcap</attack_cap><start>2016-09-24 00:04:13.764071</start><finish>2016-09-24 00:05:00.595162</finish><attack>MITM_modification_BinaryInputDataDelete</attack><local_dir>/root/datasets/OfficialDataset/MITM/MITM/training/frequent/20161021140907/20160924000413.MITM_modification_BinaryInputDataDelete</local_dir><first>5269</first><last>21249</last><range pcap="attacker"><first>88187</first><offset>93456</offset><last>93888</last></range><range pcap="slave"><first>361904</first><offset>369334</offset><last>369674</last></range><range pcap="master"><first>361933</first><offset>369361</offset><last>369709</last></range></profile>