<profile><master_cap>/root/datasets/OfficialDataset/Masqurading/masquerading/training/frequent/20161021132756/20160826153706.slave_masquerading_ObjectSpoofBinaryFuzz/20160826153706.slave_masquerading_ObjectSpoofBinaryFuzz.master.pcap</master_cap><slave_cap>/root/datasets/OfficialDataset/Masqurading/masquerading/training/frequent/20161021132756/20160826153706.slave_masquerading_ObjectSpoofBinaryFuzz/20160826153706.slave_masquerading_ObjectSpoofBinaryFuzz.slave.pcap</slave_cap><attack_cap>/root/datasets/OfficialDataset/Masqurading/masquerading/training/frequent/20161021132756/20160826153706.slave_masquerading_ObjectSpoofBinaryFuzz/20160826153706.slave_masquerading_ObjectSpoofBinaryFuzz.attacker.pcap</attack_cap><start>2016-08-26 15:37:06.522828</start><finish>2016-08-26 15:37:44.344921</finish><attack>slave_masquerading_ObjectSpoofBinaryFuzz</attack><local_dir>/root/datasets/OfficialDataset/Masqurading/masquerading/training/frequent/20161021132756/20160826153706.slave_masquerading_ObjectSpoofBinaryFuzz</local_dir><first>4983</first><last>19664</last><range pcap="attacker"><first>31528</first><offset>36511</offset><last>36826</last></range><range pcap="slave"><first>42471</first><offset>49420</offset><last>49574</last></range><range pcap="master"><first>42472</first><offset>49414</offset><last>49733</last></range></profile>