<profile><master_cap>/root/datasets/OfficialDataset/Masqurading/masquerading/training/frequent/20161021132756/20160826161956.slave_masquerading_ObjectSpoofBinaryFuzz/20160826161956.slave_masquerading_ObjectSpoofBinaryFuzz.master.pcap</master_cap><slave_cap>/root/datasets/OfficialDataset/Masqurading/masquerading/training/frequent/20161021132756/20160826161956.slave_masquerading_ObjectSpoofBinaryFuzz/20160826161956.slave_masquerading_ObjectSpoofBinaryFuzz.slave.pcap</slave_cap><attack_cap>/root/datasets/OfficialDataset/Masqurading/masquerading/training/frequent/20161021132756/20160826161956.slave_masquerading_ObjectSpoofBinaryFuzz/20160826161956.slave_masquerading_ObjectSpoofBinaryFuzz.attacker.pcap</attack_cap><start>2016-08-26 16:19:56.623647</start><finish>2016-08-26 16:21:03.915824</finish><attack>slave_masquerading_ObjectSpoofBinaryFuzz</attack><local_dir>/root/datasets/OfficialDataset/Masqurading/masquerading/training/frequent/20161021132756/20160826161956.slave_masquerading_ObjectSpoofBinaryFuzz</local_dir><first>4461</first><last>18366</last><range pcap="attacker"><first>43197</first><offset>47658</offset><last>48216</last></range><range pcap="slave"><first>55463</first><offset>61725</offset><last>61997</last></range><range pcap="master"><first>57767</first><offset>64021</offset><last>64578</last></range></profile>