<profile><master_cap>/root/datasets/OfficialDataset/Masqurading/masquerading/training/infrequent/20161021132730/20160825182748.slave_masquerading_ObjectSpoofCounterFuzz/20160825182748.slave_masquerading_ObjectSpoofCounterFuzz.master.pcap</master_cap><slave_cap>/root/datasets/OfficialDataset/Masqurading/masquerading/training/infrequent/20161021132730/20160825182748.slave_masquerading_ObjectSpoofCounterFuzz/20160825182748.slave_masquerading_ObjectSpoofCounterFuzz.slave.pcap</slave_cap><attack_cap>/root/datasets/OfficialDataset/Masqurading/masquerading/training/infrequent/20161021132730/20160825182748.slave_masquerading_ObjectSpoofCounterFuzz/20160825182748.slave_masquerading_ObjectSpoofCounterFuzz.attacker.pcap</attack_cap><start>2016-08-25 18:27:48.883541</start><finish>2016-08-25 18:28:53.336796</finish><attack>slave_masquerading_ObjectSpoofCounterFuzz</attack><local_dir>/root/datasets/OfficialDataset/Masqurading/masquerading/training/infrequent/20161021132730/20160825182748.slave_masquerading_ObjectSpoofCounterFuzz</local_dir><first>20365</first><last>78768</last><range pcap="attacker"><first>33075</first><offset>53440</offset><last>53961</last></range><range pcap="slave"><first>42506</first><offset>71069</offset><last>71311</last></range><range pcap="master"><first>44879</first><offset>73434</offset><last>73954</last></range></profile>