<profile><master_cap>/root/datasets/OfficialDataset/MITM/MITM/training/frequent/20161021140907/20160924094331.MITM_modification_ImmedFreezeNR/20160924094331.MITM_modification_ImmedFreezeNR.master.pcap</master_cap><slave_cap>/root/datasets/OfficialDataset/MITM/MITM/training/frequent/20161021140907/20160924094331.MITM_modification_ImmedFreezeNR/20160924094331.MITM_modification_ImmedFreezeNR.slave.pcap</slave_cap><attack_cap>/root/datasets/OfficialDataset/MITM/MITM/training/frequent/20161021140907/20160924094331.MITM_modification_ImmedFreezeNR/20160924094331.MITM_modification_ImmedFreezeNR.attacker.pcap</attack_cap><start>2016-09-24 09:43:31.596136</start><finish>2016-09-24 09:44:09.748542</finish><attack>MITM_modification_ImmedFreezeNR</attack><local_dir>/root/datasets/OfficialDataset/MITM/MITM/training/frequent/20161021140907/20160924094331.MITM_modification_ImmedFreezeNR</local_dir><first>2198</first><last>9043</last><range pcap="attacker"><first>217186</first><offset>219384</offset><last>219632</last></range><range pcap="slave"><first>904707</first><offset>907795</offset><last>908003</last></range><range pcap="master"><first>904711</first><offset>907799</offset><last>908010</last></range></profile>