<profile><master_cap>/root/datasets/OfficialDataset/Masqurading/masquerading/training/frequent/20161021132756/20160826213410.slave_masquerading_ObjectSpoofBinary/20160826213410.slave_masquerading_ObjectSpoofBinary.master.pcap</master_cap><slave_cap>/root/datasets/OfficialDataset/Masqurading/masquerading/training/frequent/20161021132756/20160826213410.slave_masquerading_ObjectSpoofBinary/20160826213410.slave_masquerading_ObjectSpoofBinary.slave.pcap</slave_cap><attack_cap>/root/datasets/OfficialDataset/Masqurading/masquerading/training/frequent/20161021132756/20160826213410.slave_masquerading_ObjectSpoofBinary/20160826213410.slave_masquerading_ObjectSpoofBinary.attacker.pcap</attack_cap><start>2016-08-26 21:34:10.311554</start><finish>2016-08-26 21:34:40.724544</finish><attack>slave_masquerading_ObjectSpoofBinary</attack><local_dir>/root/datasets/OfficialDataset/Masqurading/masquerading/training/frequent/20161021132756/20160826213410.slave_masquerading_ObjectSpoofBinary</local_dir><first>3378</first><last>13383</last><range pcap="attacker"><first>113655</first><offset>117033</offset><last>117229</last></range><range pcap="slave"><first>148563</first><offset>153307</offset><last>153437</last></range><range pcap="master"><first>153811</first><offset>158541</offset><last>158744</last></range></profile>