<profile><master_cap>/root/datasets/OfficialDataset/Replay/replay/training/frequent/20161021142021/20160728162152.master_replay/20160728162152.master_replay.master.pcap</master_cap><slave_cap>/root/datasets/OfficialDataset/Replay/replay/training/frequent/20161021142021/20160728162152.master_replay/20160728162152.master_replay.slave.pcap</slave_cap><attack_cap>/root/datasets/OfficialDataset/Replay/replay/training/frequent/20161021142021/20160728162152.master_replay/20160728162152.master_replay.attacker.pcap</attack_cap><start>2016-07-28 16:21:52.175672</start><finish>2016-07-28 16:22:42.121704</finish><attack>master_replay</attack><local_dir>/root/datasets/OfficialDataset/Replay/replay/training/frequent/20161021142021/20160728162152.master_replay</local_dir><first>6039</first><last>23641</last><range pcap="attacker"><first>606</first><offset>6645</offset><last>6873</last></range><range pcap="slave"><first>506</first><offset>8923</offset><last>9228</last></range><range pcap="master"><first>494</first><offset>8908</offset><last>9144</last></range></profile>