<profile><master_cap>/root/datasets/OfficialDataset/Flooding/flooding/training/frequent/20161021130706/20160831000109.master_hijacking_replay_flooding/20160831000109.master_hijacking_replay_flooding.master.pcap</master_cap><slave_cap>/root/datasets/OfficialDataset/Flooding/flooding/training/frequent/20161021130706/20160831000109.master_hijacking_replay_flooding/20160831000109.master_hijacking_replay_flooding.slave.pcap</slave_cap><attack_cap>/root/datasets/OfficialDataset/Flooding/flooding/training/frequent/20161021130706/20160831000109.master_hijacking_replay_flooding/20160831000109.master_hijacking_replay_flooding.attacker.pcap</attack_cap><start>2016-08-31 00:01:09.599574</start><finish>2016-08-31 00:02:12.147621</finish><attack>master_hijacking_replay_flooding</attack><local_dir>/root/datasets/OfficialDataset/Flooding/flooding/training/frequent/20161021130706/20160831000109.master_hijacking_replay_flooding</local_dir><first>5883</first><last>23415</last><range pcap="attacker"><first>137767</first><offset>143650</offset><last>143901</last></range><range pcap="slave"><first>173380</first><offset>181671</offset><last>182033</last></range><range pcap="master"><first>174879</first><offset>183166</offset><last>183505</last></range></profile>