<profile><master_cap>/root/datasets/OfficialDataset/Flooding/flooding/training/frequent/20161021130706/20160830205751.master_flooding_time/20160830205751.master_flooding_time.master.pcap</master_cap><slave_cap>/root/datasets/OfficialDataset/Flooding/flooding/training/frequent/20161021130706/20160830205751.master_flooding_time/20160830205751.master_flooding_time.slave.pcap</slave_cap><attack_cap>/root/datasets/OfficialDataset/Flooding/flooding/training/frequent/20161021130706/20160830205751.master_flooding_time/20160830205751.master_flooding_time.attacker.pcap</attack_cap><start>2016-08-30 20:57:51.745320</start><finish>2016-08-30 20:59:04.956519</finish><attack>master_flooding_time</attack><local_dir>/root/datasets/OfficialDataset/Flooding/flooding/training/frequent/20161021130706/20160830205751.master_flooding_time</local_dir><first>4311</first><last>18366</last><range pcap="attacker"><first>91921</first><offset>96232</offset><last>97015</last></range><range pcap="slave"><first>119657</first><offset>125686</offset><last>126570</last></range><range pcap="master"><first>117469</first><offset>123497</offset><last>123826</last></range></profile>