<profile><master_cap>/root/datasets/OfficialDataset/Masqurading/masquerading/training/frequent/20161021132756/20160826184206.master_masquerading/20160826184206.master_masquerading.master.pcap</master_cap><slave_cap>/root/datasets/OfficialDataset/Masqurading/masquerading/training/frequent/20161021132756/20160826184206.master_masquerading/20160826184206.master_masquerading.slave.pcap</slave_cap><attack_cap>/root/datasets/OfficialDataset/Masqurading/masquerading/training/frequent/20161021132756/20160826184206.master_masquerading/20160826184206.master_masquerading.attacker.pcap</attack_cap><start>2016-08-26 18:42:06.679545</start><finish>2016-08-26 18:43:14.201982</finish><attack>master_masquerading</attack><local_dir>/root/datasets/OfficialDataset/Masqurading/masquerading/training/frequent/20161021132756/20160826184206.master_masquerading</local_dir><first>3061</first><last>12591</last><range pcap="attacker"><first>74975</first><offset>78036</offset><last>78334</last></range><range pcap="slave"><first>98287</first><offset>102545</offset><last>102935</last></range><range pcap="master"><first>101546</first><offset>105804</offset><last>106128</last></range></profile>