<profile><master_cap>/root/datasets/OfficialDataset/Injection/injection/training/frequent/20161021132150/20160813231404.injection_ColdRestart/20160813231404.injection_ColdRestart.master.pcap</master_cap><slave_cap>/root/datasets/OfficialDataset/Injection/injection/training/frequent/20161021132150/20160813231404.injection_ColdRestart/20160813231404.injection_ColdRestart.slave.pcap</slave_cap><attack_cap>/root/datasets/OfficialDataset/Injection/injection/training/frequent/20161021132150/20160813231404.injection_ColdRestart/20160813231404.injection_ColdRestart.attacker.pcap</attack_cap><start>2016-08-13 23:14:04.782830</start><finish>2016-08-13 23:15:21.255582</finish><attack>injection_ColdRestart</attack><local_dir>/root/datasets/OfficialDataset/Injection/injection/training/frequent/20161021132150/20160813231404.injection_ColdRestart</local_dir><first>3572</first><last>19535</last><range pcap="attacker"><first>159783</first><offset>163355</offset><last>163649</last></range><range pcap="slave"><first>1901498</first><offset>1908916</offset><last>1909327</last></range><range pcap="master"><first>1901209</first><offset>1908626</offset><last>1909047</last></range></profile>