<profile><master_cap>/root/datasets/OfficialDataset/Flooding/flooding/training/infrequent/20161021130632/20160830111155.master_flooding_time/20160830111155.master_flooding_time.master.pcap</master_cap><slave_cap>/root/datasets/OfficialDataset/Flooding/flooding/training/infrequent/20161021130632/20160830111155.master_flooding_time/20160830111155.master_flooding_time.slave.pcap</slave_cap><attack_cap>/root/datasets/OfficialDataset/Flooding/flooding/training/infrequent/20161021130632/20160830111155.master_flooding_time/20160830111155.master_flooding_time.attacker.pcap</attack_cap><start>2016-08-30 11:11:55.925933</start><finish>2016-08-30 11:13:09.055202</finish><attack>master_flooding_time</attack><local_dir>/root/datasets/OfficialDataset/Flooding/flooding/training/infrequent/20161021130632/20160830111155.master_flooding_time</local_dir><first>34910</first><last>None</last><range pcap="attacker"><first>207646</first><offset>242556</offset><last>243346</last></range><range pcap="slave"><first>280728</first><offset>329737</offset><last>330635</last></range><range pcap="master"><first>282573</first><offset>331582</offset><last>331925</last></range></profile>