<profile><master_cap>/root/datasets/OfficialDataset/Masqurading/masquerading/training/frequent/20161021132756/20160826232906.slave_masquerading_ObjectSpoofBinaryFuzz/20160826232906.slave_masquerading_ObjectSpoofBinaryFuzz.master.pcap</master_cap><slave_cap>/root/datasets/OfficialDataset/Masqurading/masquerading/training/frequent/20161021132756/20160826232906.slave_masquerading_ObjectSpoofBinaryFuzz/20160826232906.slave_masquerading_ObjectSpoofBinaryFuzz.slave.pcap</slave_cap><attack_cap>/root/datasets/OfficialDataset/Masqurading/masquerading/training/frequent/20161021132756/20160826232906.slave_masquerading_ObjectSpoofBinaryFuzz/20160826232906.slave_masquerading_ObjectSpoofBinaryFuzz.attacker.pcap</attack_cap><start>2016-08-26 23:29:06.271879</start><finish>2016-08-26 23:30:08.386535</finish><attack>slave_masquerading_ObjectSpoofBinaryFuzz</attack><local_dir>/root/datasets/OfficialDataset/Masqurading/masquerading/training/frequent/20161021132756/20160826232906.slave_masquerading_ObjectSpoofBinaryFuzz</local_dir><first>5550</first><last>22368</last><range pcap="attacker"><first>136107</first><offset>141657</offset><last>142164</last></range><range pcap="slave"><first>178899</first><offset>186689</offset><last>186911</last></range><range pcap="master"><first>184696</first><offset>192485</offset><last>192993</last></range></profile>