<profile><master_cap>/root/datasets/OfficialDataset/Replay/replay/training/frequent/20161021142021/20160729045400.injection_replay_updaterAck/20160729045400.injection_replay_updaterAck.master.pcap</master_cap><slave_cap>/root/datasets/OfficialDataset/Replay/replay/training/frequent/20161021142021/20160729045400.injection_replay_updaterAck/20160729045400.injection_replay_updaterAck.slave.pcap</slave_cap><attack_cap>/root/datasets/OfficialDataset/Replay/replay/training/frequent/20161021142021/20160729045400.injection_replay_updaterAck/20160729045400.injection_replay_updaterAck.attacker.pcap</attack_cap><start>2016-07-29 04:54:00.991233</start><finish>2016-07-29 04:54:11.927986</finish><attack>injection_replay_updaterAck</attack><local_dir>/root/datasets/OfficialDataset/Replay/replay/training/frequent/20161021142021/20160729045400.injection_replay_updaterAck</local_dir><first>2714</first><last>15364</last><range pcap="attacker"><first>163069</first><offset>165783</offset><last>165821</last></range><range pcap="slave"><first>1230044</first><offset>1233825</offset><last>1236347</last></range><range pcap="master"><first>1229112</first><offset>1232893</offset><last>1235419</last></range></profile>