<profile><master_cap>/root/datasets/OfficialDataset/Injection/injection/training/frequent/20161021132150/20160813153504.injection_ColdRestart/20160813153504.injection_ColdRestart.master.pcap</master_cap><slave_cap>/root/datasets/OfficialDataset/Injection/injection/training/frequent/20161021132150/20160813153504.injection_ColdRestart/20160813153504.injection_ColdRestart.slave.pcap</slave_cap><attack_cap>/root/datasets/OfficialDataset/Injection/injection/training/frequent/20161021132150/20160813153504.injection_ColdRestart/20160813153504.injection_ColdRestart.attacker.pcap</attack_cap><start>2016-08-13 15:35:04.499583</start><finish>2016-08-13 15:36:23.268622</finish><attack>injection_ColdRestart</attack><local_dir>/root/datasets/OfficialDataset/Injection/injection/training/frequent/20161021132150/20160813153504.injection_ColdRestart</local_dir><first>2131</first><last>9145</last><range pcap="attacker"><first>66070</first><offset>68201</offset><last>68466</last></range><range pcap="slave"><first>677130</first><offset>680121</offset><last>680506</last></range><range pcap="master"><first>677017</first><offset>680008</offset><last>680388</last></range></profile>