<profile><master_cap>/root/datasets/OfficialDataset/Replay/replay/training/frequent/20161021142021/20160729074626.injection_replay_updaterAck/20160729074626.injection_replay_updaterAck.master.pcap</master_cap><slave_cap>/root/datasets/OfficialDataset/Replay/replay/training/frequent/20161021142021/20160729074626.injection_replay_updaterAck/20160729074626.injection_replay_updaterAck.slave.pcap</slave_cap><attack_cap>/root/datasets/OfficialDataset/Replay/replay/training/frequent/20161021142021/20160729074626.injection_replay_updaterAck/20160729074626.injection_replay_updaterAck.attacker.pcap</attack_cap><start>2016-07-29 07:46:26.849798</start><finish>2016-07-29 07:46:34.000655</finish><attack>injection_replay_updaterAck</attack><local_dir>/root/datasets/OfficialDataset/Replay/replay/training/frequent/20161021142021/20160729074626.injection_replay_updaterAck</local_dir><first>4860</first><last>18789</last><range pcap="attacker"><first>196877</first><offset>201737</offset><last>201782</last></range><range pcap="slave"><first>1697451</first><offset>1704216</offset><last>1704389</last></range><range pcap="master"><first>1696426</first><offset>1703191</offset><last>1703370</last></range></profile>