<profile><master_cap>/root/datasets/OfficialDataset/Flooding/flooding/training/infrequent/20161021130632/20160829163222.reconnaissance/20160829163222.reconnaissance.master.pcap</master_cap><slave_cap>/root/datasets/OfficialDataset/Flooding/flooding/training/infrequent/20161021130632/20160829163222.reconnaissance/20160829163222.reconnaissance.slave.pcap</slave_cap><attack_cap>/root/datasets/OfficialDataset/Flooding/flooding/training/infrequent/20161021130632/20160829163222.reconnaissance/20160829163222.reconnaissance.attacker.pcap</attack_cap><start>2016-08-29 16:32:22.260678</start><finish>2016-08-29 16:32:26.362445</finish><attack>reconnaissance</attack><local_dir>/root/datasets/OfficialDataset/Flooding/flooding/training/infrequent/20161021130632/20160829163222.reconnaissance</local_dir><first>50</first><last>279</last><range pcap="attacker"><first>543</first><offset>593</offset><last>628</last></range><range pcap="slave"><first>400</first><offset>465</offset><last>503</last></range><range pcap="master"><first>401</first><offset>464</offset><last>490</last></range></profile>