<profile><master_cap>/root/datasets/OfficialDataset/MITM/MITM/training/infrequent/20161021135759/20160922202653.MITM_modification_BinaryStatus/20160922202653.MITM_modification_BinaryStatus.master.pcap</master_cap><slave_cap>/root/datasets/OfficialDataset/MITM/MITM/training/infrequent/20161021135759/20160922202653.MITM_modification_BinaryStatus/20160922202653.MITM_modification_BinaryStatus.slave.pcap</slave_cap><attack_cap>/root/datasets/OfficialDataset/MITM/MITM/training/infrequent/20161021135759/20160922202653.MITM_modification_BinaryStatus/20160922202653.MITM_modification_BinaryStatus.attacker.pcap</attack_cap><start>2016-09-22 20:26:53.669256</start><finish>2016-09-22 20:27:48.619573</finish><attack>MITM_modification_BinaryStatus</attack><local_dir>/root/datasets/OfficialDataset/MITM/MITM/training/infrequent/20161021135759/20160922202653.MITM_modification_BinaryStatus</local_dir><first>14009</first><last>54448</last><range pcap="attacker"><first>14205</first><offset>28214</offset><last>28646</last></range><range pcap="slave"><first>19462</first><offset>39132</offset><last>39465</last></range><range pcap="master"><first>19449</first><offset>39121</offset><last>39451</last></range></profile>