<profile><master_cap>/root/datasets/OfficialDataset/Replay/replay/training/frequent/20161021142021/20160729005950.master_replay_flooding/20160729005950.master_replay_flooding.master.pcap</master_cap><slave_cap>/root/datasets/OfficialDataset/Replay/replay/training/frequent/20161021142021/20160729005950.master_replay_flooding/20160729005950.master_replay_flooding.slave.pcap</slave_cap><attack_cap>/root/datasets/OfficialDataset/Replay/replay/training/frequent/20161021142021/20160729005950.master_replay_flooding/20160729005950.master_replay_flooding.attacker.pcap</attack_cap><start>2016-07-29 00:59:50.050333</start><finish>2016-07-29 01:00:09.323569</finish><attack>master_replay_flooding</attack><local_dir>/root/datasets/OfficialDataset/Replay/replay/training/frequent/20161021142021/20160729005950.master_replay_flooding</local_dir><first>5505</first><last>21236</last><range pcap="attacker"><first>110232</first><offset>115737</offset><last>115836</last></range><range pcap="slave"><first>642669</first><offset>650363</offset><last>650496</last></range><range pcap="master"><first>642050</first><offset>649741</offset><last>649853</last></range></profile>