<profile><master_cap>/root/datasets/OfficialDataset/Masqurading/masquerading/training/frequent/20161021132756/20160827043443.slave_masquerading_ObjectSpoofBinaryFuzz/20160827043443.slave_masquerading_ObjectSpoofBinaryFuzz.master.pcap</master_cap><slave_cap>/root/datasets/OfficialDataset/Masqurading/masquerading/training/frequent/20161021132756/20160827043443.slave_masquerading_ObjectSpoofBinaryFuzz/20160827043443.slave_masquerading_ObjectSpoofBinaryFuzz.slave.pcap</slave_cap><attack_cap>/root/datasets/OfficialDataset/Masqurading/masquerading/training/frequent/20161021132756/20160827043443.slave_masquerading_ObjectSpoofBinaryFuzz/20160827043443.slave_masquerading_ObjectSpoofBinaryFuzz.attacker.pcap</attack_cap><start>2016-08-27 04:34:43.285872</start><finish>2016-08-27 04:35:24.131716</finish><attack>slave_masquerading_ObjectSpoofBinaryFuzz</attack><local_dir>/root/datasets/OfficialDataset/Masqurading/masquerading/training/frequent/20161021132756/20160827043443.slave_masquerading_ObjectSpoofBinaryFuzz</local_dir><first>4886</first><last>19494</last><range pcap="attacker"><first>207009</first><offset>211895</offset><last>212241</last></range><range pcap="slave"><first>268111</first><offset>274980</offset><last>275151</last></range><range pcap="master"><first>280085</first><offset>286948</offset><last>287305</last></range></profile>