<profile><master_cap>/root/datasets/OfficialDataset/Replay/replay/training/frequent/20161021142021/20160728155316.reconnaissance/20160728155316.reconnaissance.master.pcap</master_cap><slave_cap>/root/datasets/OfficialDataset/Replay/replay/training/frequent/20161021142021/20160728155316.reconnaissance/20160728155316.reconnaissance.slave.pcap</slave_cap><attack_cap>/root/datasets/OfficialDataset/Replay/replay/training/frequent/20161021142021/20160728155316.reconnaissance/20160728155316.reconnaissance.attacker.pcap</attack_cap><start>2016-07-28 15:53:16.369258</start><finish>2016-07-28 15:53:20.411669</finish><attack>reconnaissance</attack><local_dir>/root/datasets/OfficialDataset/Replay/replay/training/frequent/20161021142021/20160728155316.reconnaissance</local_dir><first>28</first><last>176</last><range pcap="attacker"><first>556</first><offset>584</offset><last>605</last></range><range pcap="slave"><first>437</first><offset>473</offset><last>505</last></range><range pcap="master"><first>436</first><offset>474</offset><last>493</last></range></profile>