<profile><master_cap>/root/datasets/OfficialDataset/Masqurading/masquerading/training/infrequent/20161021132730/20160825142603.nmap/20160825142603.nmap.master.pcap</master_cap><slave_cap>/root/datasets/OfficialDataset/Masqurading/masquerading/training/infrequent/20161021132730/20160825142603.nmap/20160825142603.nmap.slave.pcap</slave_cap><attack_cap>/root/datasets/OfficialDataset/Masqurading/masquerading/training/infrequent/20161021132730/20160825142603.nmap/20160825142603.nmap.attacker.pcap</attack_cap><start>2016-08-25 14:26:03.158749</start><finish>2016-08-25 14:26:05.887539</finish><attack>nmap</attack><local_dir>/root/datasets/OfficialDataset/Masqurading/masquerading/training/infrequent/20161021132730/20160825142603.nmap</local_dir><first>0</first><last>1381</last><range pcap="attacker"><first>0</first><offset>0</offset><last>554</last></range><range pcap="slave"><first>0</first><offset>0</offset><last>412</last></range><range pcap="master"><first>0</first><offset>0</offset><last>413</last></range></profile>