<profile><master_cap>/root/datasets/OfficialDataset/Masqurading/masquerading/training/frequent/20161021132756/20160826173538.slave_masquerading_ObjectSpoofCounterFuzz/20160826173538.slave_masquerading_ObjectSpoofCounterFuzz.master.pcap</master_cap><slave_cap>/root/datasets/OfficialDataset/Masqurading/masquerading/training/frequent/20161021132756/20160826173538.slave_masquerading_ObjectSpoofCounterFuzz/20160826173538.slave_masquerading_ObjectSpoofCounterFuzz.slave.pcap</slave_cap><attack_cap>/root/datasets/OfficialDataset/Masqurading/masquerading/training/frequent/20161021132756/20160826173538.slave_masquerading_ObjectSpoofCounterFuzz/20160826173538.slave_masquerading_ObjectSpoofCounterFuzz.attacker.pcap</attack_cap><start>2016-08-26 17:35:38.903560</start><finish>2016-08-26 17:36:07.771936</finish><attack>slave_masquerading_ObjectSpoofCounterFuzz</attack><local_dir>/root/datasets/OfficialDataset/Masqurading/masquerading/training/frequent/20161021132756/20160826173538.slave_masquerading_ObjectSpoofCounterFuzz</local_dir><first>2516</first><last>10280</last><range pcap="attacker"><first>61311</first><offset>63827</offset><last>64092</last></range><range pcap="slave"><first>79859</first><offset>83403</offset><last>83541</last></range><range pcap="master"><first>82712</first><offset>86256</offset><last>86527</last></range></profile>