<profile><master_cap>/root/datasets/OfficialDataset/Flooding/flooding/training/frequent/20161021130706/20160831010325.slave_masquerading_flooding/20160831010325.slave_masquerading_flooding.master.pcap</master_cap><slave_cap>/root/datasets/OfficialDataset/Flooding/flooding/training/frequent/20161021130706/20160831010325.slave_masquerading_flooding/20160831010325.slave_masquerading_flooding.slave.pcap</slave_cap><attack_cap>/root/datasets/OfficialDataset/Flooding/flooding/training/frequent/20161021130706/20160831010325.slave_masquerading_flooding/20160831010325.slave_masquerading_flooding.attacker.pcap</attack_cap><start>2016-08-31 01:03:25.887563</start><finish>2016-08-31 01:03:58.053067</finish><attack>slave_masquerading_flooding</attack><local_dir>/root/datasets/OfficialDataset/Flooding/flooding/training/frequent/20161021130706/20160831010325.slave_masquerading_flooding</local_dir><first>4460</first><last>22083</last><range pcap="attacker"><first>155215</first><offset>159675</offset><last>162172</last></range><range pcap="slave"><first>193629</first><offset>199884</offset><last>200000</last></range><range pcap="master"><first>198038</first><offset>204293</offset><last>206791</last></range></profile>