<profile><master_cap>/root/datasets/OfficialDataset/Injection/injection/training/frequent/20161021132150/20160814072254.injection_ColdRestart/20160814072254.injection_ColdRestart.master.pcap</master_cap><slave_cap>/root/datasets/OfficialDataset/Injection/injection/training/frequent/20161021132150/20160814072254.injection_ColdRestart/20160814072254.injection_ColdRestart.slave.pcap</slave_cap><attack_cap>/root/datasets/OfficialDataset/Injection/injection/training/frequent/20161021132150/20160814072254.injection_ColdRestart/20160814072254.injection_ColdRestart.attacker.pcap</attack_cap><start>2016-08-14 07:22:54.460175</start><finish>2016-08-14 07:24:15.383645</finish><attack>injection_ColdRestart</attack><local_dir>/root/datasets/OfficialDataset/Injection/injection/training/frequent/20161021132150/20160814072254.injection_ColdRestart</local_dir><first>6150</first><last>223427</last><range pcap="attacker"><first>258503</first><offset>264653</offset><last>264933</last></range><range pcap="slave"><first>2664053</first><offset>2772160</offset><last>2772564</last></range><range pcap="master"><first>2663664</first><offset>2771752</offset><last>2772148</last></range></profile>