<profile><master_cap>/root/datasets/OfficialDataset/MITM/MITM/training/frequent/20161021140907/20160924080346.MITM_modification_BinaryInputPointInsert/20160924080346.MITM_modification_BinaryInputPointInsert.master.pcap</master_cap><slave_cap>/root/datasets/OfficialDataset/MITM/MITM/training/frequent/20161021140907/20160924080346.MITM_modification_BinaryInputPointInsert/20160924080346.MITM_modification_BinaryInputPointInsert.slave.pcap</slave_cap><attack_cap>/root/datasets/OfficialDataset/MITM/MITM/training/frequent/20161021140907/20160924080346.MITM_modification_BinaryInputPointInsert/20160924080346.MITM_modification_BinaryInputPointInsert.attacker.pcap</attack_cap><start>2016-09-24 08:03:46.424997</start><finish>2016-09-24 08:04:36.264360</finish><attack>MITM_modification_BinaryInputPointInsert</attack><local_dir>/root/datasets/OfficialDataset/MITM/MITM/training/frequent/20161021140907/20160924080346.MITM_modification_BinaryInputPointInsert</local_dir><first>5053</first><last>20259</last><range pcap="attacker"><first>192625</first><offset>197678</offset><last>198073</last></range><range pcap="slave"><first>782539</first><offset>789630</offset><last>789939</last></range><range pcap="master"><first>782539</first><offset>789632</offset><last>789948</last></range></profile>