<profile><master_cap>/root/datasets/OfficialDataset/Masqurading/masquerading/training/frequent/20161021132756/20160827013512.slave_masquerading_ObjectSpoofBinary/20160827013512.slave_masquerading_ObjectSpoofBinary.master.pcap</master_cap><slave_cap>/root/datasets/OfficialDataset/Masqurading/masquerading/training/frequent/20161021132756/20160827013512.slave_masquerading_ObjectSpoofBinary/20160827013512.slave_masquerading_ObjectSpoofBinary.slave.pcap</slave_cap><attack_cap>/root/datasets/OfficialDataset/Masqurading/masquerading/training/frequent/20161021132756/20160827013512.slave_masquerading_ObjectSpoofBinary/20160827013512.slave_masquerading_ObjectSpoofBinary.attacker.pcap</attack_cap><start>2016-08-27 01:35:12.139571</start><finish>2016-08-27 01:36:12.943761</finish><attack>slave_masquerading_ObjectSpoofBinary</attack><local_dir>/root/datasets/OfficialDataset/Masqurading/masquerading/training/frequent/20161021132756/20160827013512.slave_masquerading_ObjectSpoofBinary</local_dir><first>6053</first><last>23981</last><range pcap="attacker"><first>165305</first><offset>171358</offset><last>171752</last></range><range pcap="slave"><first>214703</first><offset>223153</offset><last>223386</last></range><range pcap="master"><first>223797</first><offset>232252</offset><last>232646</last></range></profile>