<profile><master_cap>/root/datasets/OfficialDataset/Attacks/attacks/training/frequent/20161021143503/20161011150717.master_flooding_freeze/20161011150717.master_flooding_freeze.master.pcap</master_cap><slave_cap>/root/datasets/OfficialDataset/Attacks/attacks/training/frequent/20161021143503/20161011150717.master_flooding_freeze/20161011150717.master_flooding_freeze.slave.pcap</slave_cap><attack_cap>/root/datasets/OfficialDataset/Attacks/attacks/training/frequent/20161021143503/20161011150717.master_flooding_freeze/20161011150717.master_flooding_freeze.attacker.pcap</attack_cap><start>2016-10-11 15:07:17.020524</start><finish>2016-10-11 15:08:21.099485</finish><attack>master_flooding_freeze</attack><local_dir>/root/datasets/OfficialDataset/Attacks/attacks/training/frequent/20161021143503/20161011150717.master_flooding_freeze</local_dir><first>5401</first><last>22509</last><range pcap="attacker"><first>282591</first><offset>287992</offset><last>288803</last></range><range pcap="slave"><first>985337</first><offset>992875</offset><last>993781</last></range><range pcap="master"><first>978880</first><offset>986413</offset><last>986731</last></range></profile>