<profile><master_cap>/root/datasets/OfficialDataset/Flooding/flooding/training/frequent/20161021130706/20160831111859.master_flooding/20160831111859.master_flooding.master.pcap</master_cap><slave_cap>/root/datasets/OfficialDataset/Flooding/flooding/training/frequent/20161021130706/20160831111859.master_flooding/20160831111859.master_flooding.slave.pcap</slave_cap><attack_cap>/root/datasets/OfficialDataset/Flooding/flooding/training/frequent/20161021130706/20160831111859.master_flooding/20160831111859.master_flooding.attacker.pcap</attack_cap><start>2016-08-31 11:18:59.835909</start><finish>2016-08-31 11:20:12.959753</finish><attack>master_flooding</attack><local_dir>/root/datasets/OfficialDataset/Flooding/flooding/training/frequent/20161021130706/20160831111859.master_flooding</local_dir><first>4641</first><last>19919</last><range pcap="attacker"><first>318500</first><offset>323141</offset><last>324002</last></range><range pcap="slave"><first>397334</first><offset>403864</offset><last>404840</last></range><range pcap="master"><first>387691</first><offset>394221</offset><last>394600</last></range></profile>