<profile><master_cap>/root/datasets/OfficialDataset/MITM/MITM/training/frequent/20161021140907/20160924063146.MITM_modification_BinaryInputPointDelete/20160924063146.MITM_modification_BinaryInputPointDelete.master.pcap</master_cap><slave_cap>/root/datasets/OfficialDataset/MITM/MITM/training/frequent/20161021140907/20160924063146.MITM_modification_BinaryInputPointDelete/20160924063146.MITM_modification_BinaryInputPointDelete.slave.pcap</slave_cap><attack_cap>/root/datasets/OfficialDataset/MITM/MITM/training/frequent/20161021140907/20160924063146.MITM_modification_BinaryInputPointDelete/20160924063146.MITM_modification_BinaryInputPointDelete.attacker.pcap</attack_cap><start>2016-09-24 06:31:46.585746</start><finish>2016-09-24 06:32:33.664472</finish><attack>MITM_modification_BinaryInputPointDelete</attack><local_dir>/root/datasets/OfficialDataset/MITM/MITM/training/frequent/20161021140907/20160924063146.MITM_modification_BinaryInputPointDelete</local_dir><first>2921</first><last>11953</last><range pcap="attacker"><first>175051</first><offset>177972</offset><last>178338</last></range><range pcap="slave"><first>758746</first><offset>762790</offset><last>763075</last></range><range pcap="master"><first>758732</first><offset>762774</offset><last>763067</last></range></profile>