<profile><master_cap>/root/datasets/OfficialDataset/MITM/MITM/training/frequent/20161021140907/20160923184815.MITM_modification_ImmedFreezeNR/20160923184815.MITM_modification_ImmedFreezeNR.master.pcap</master_cap><slave_cap>/root/datasets/OfficialDataset/MITM/MITM/training/frequent/20161021140907/20160923184815.MITM_modification_ImmedFreezeNR/20160923184815.MITM_modification_ImmedFreezeNR.slave.pcap</slave_cap><attack_cap>/root/datasets/OfficialDataset/MITM/MITM/training/frequent/20161021140907/20160923184815.MITM_modification_ImmedFreezeNR/20160923184815.MITM_modification_ImmedFreezeNR.attacker.pcap</attack_cap><start>2016-09-23 18:48:15.591530</start><finish>2016-09-23 18:48:43.334881</finish><attack>MITM_modification_ImmedFreezeNR</attack><local_dir>/root/datasets/OfficialDataset/MITM/MITM/training/frequent/20161021140907/20160923184815.MITM_modification_ImmedFreezeNR</local_dir><first>4005</first><last>15879</last><range pcap="attacker"><first>20682</first><offset>24687</offset><last>24908</last></range><range pcap="slave"><first>51669</first><offset>57309</offset><last>57494</last></range><range pcap="master"><first>51699</first><offset>57339</offset><last>57525</last></range></profile>