<profile><master_cap>/root/datasets/OfficialDataset/MITM/MITM/training/frequent/20161021140907/20160923165615.nmap/20160923165615.nmap.master.pcap</master_cap><slave_cap>/root/datasets/OfficialDataset/MITM/MITM/training/frequent/20161021140907/20160923165615.nmap/20160923165615.nmap.slave.pcap</slave_cap><attack_cap>/root/datasets/OfficialDataset/MITM/MITM/training/frequent/20161021140907/20160923165615.nmap/20160923165615.nmap.attacker.pcap</attack_cap><start>2016-09-23 16:56:15.420653</start><finish>2016-09-23 16:56:17.908802</finish><attack>nmap</attack><local_dir>/root/datasets/OfficialDataset/MITM/MITM/training/frequent/20161021140907/20160923165615.nmap</local_dir><first>0</first><last>1376</last><range pcap="attacker"><first>0</first><offset>0</offset><last>531</last></range><range pcap="slave"><first>0</first><offset>0</offset><last>423</last></range><range pcap="master"><first>0</first><offset>0</offset><last>420</last></range></profile>