<profile><master_cap>/root/datasets/OfficialDataset/Injection/injection/training/frequent/20161021132150/20160813101138.nmap/20160813101138.nmap.master.pcap</master_cap><slave_cap>/root/datasets/OfficialDataset/Injection/injection/training/frequent/20161021132150/20160813101138.nmap/20160813101138.nmap.slave.pcap</slave_cap><attack_cap>/root/datasets/OfficialDataset/Injection/injection/training/frequent/20161021132150/20160813101138.nmap/20160813101138.nmap.attacker.pcap</attack_cap><start>2016-08-13 10:11:38.008652</start><finish>2016-08-13 10:11:40.819619</finish><attack>nmap</attack><local_dir>/root/datasets/OfficialDataset/Injection/injection/training/frequent/20161021132150/20160813101138.nmap</local_dir><first>0</first><last>1319</last><range pcap="attacker"><first>0</first><offset>0</offset><last>532</last></range><range pcap="slave"><first>0</first><offset>0</offset><last>393</last></range><range pcap="master"><first>0</first><offset>0</offset><last>392</last></range></profile>