<profile><master_cap>/root/datasets/OfficialDataset/Injection/injection/training/frequent/20161021132150/20160813124020.injection_FreezeObj/20160813124020.injection_FreezeObj.master.pcap</master_cap><slave_cap>/root/datasets/OfficialDataset/Injection/injection/training/frequent/20161021132150/20160813124020.injection_FreezeObj/20160813124020.injection_FreezeObj.slave.pcap</slave_cap><attack_cap>/root/datasets/OfficialDataset/Injection/injection/training/frequent/20161021132150/20160813124020.injection_FreezeObj/20160813124020.injection_FreezeObj.attacker.pcap</attack_cap><start>2016-08-13 12:40:20.011565</start><finish>2016-08-13 12:40:41.103751</finish><attack>injection_FreezeObj</attack><local_dir>/root/datasets/OfficialDataset/Injection/injection/training/frequent/20161021132150/20160813124020.injection_FreezeObj</local_dir><first>5108</first><last>21330</last><range pcap="attacker"><first>26502</first><offset>31610</offset><last>31703</last></range><range pcap="slave"><first>403112</first><offset>410275</offset><last>411180</last></range><range pcap="master"><first>403049</first><offset>410212</offset><last>411108</last></range></profile>