<profile><master_cap>/root/datasets/OfficialDataset/Masqurading/masquerading/training/frequent/20161021132756/20160826215452.slave_masquerading_ObjectSpoofBinary/20160826215452.slave_masquerading_ObjectSpoofBinary.master.pcap</master_cap><slave_cap>/root/datasets/OfficialDataset/Masqurading/masquerading/training/frequent/20161021132756/20160826215452.slave_masquerading_ObjectSpoofBinary/20160826215452.slave_masquerading_ObjectSpoofBinary.slave.pcap</slave_cap><attack_cap>/root/datasets/OfficialDataset/Masqurading/masquerading/training/frequent/20161021132756/20160826215452.slave_masquerading_ObjectSpoofBinary/20160826215452.slave_masquerading_ObjectSpoofBinary.attacker.pcap</attack_cap><start>2016-08-26 21:54:52.791572</start><finish>2016-08-26 21:55:55.631665</finish><attack>slave_masquerading_ObjectSpoofBinary</attack><local_dir>/root/datasets/OfficialDataset/Masqurading/masquerading/training/frequent/20161021132756/20160826215452.slave_masquerading_ObjectSpoofBinary</local_dir><first>4343</first><last>17434</last><range pcap="attacker"><first>117230</first><offset>121573</offset><last>121978</last></range><range pcap="slave"><first>153438</first><offset>159456</offset><last>159700</last></range><range pcap="master"><first>158745</first><offset>164763</offset><last>165167</last></range></profile>