<profile><master_cap>/root/datasets/OfficialDataset/Injection/injection/training/frequent/20161021132150/20160813150045.injection_FreezeObj/20160813150045.injection_FreezeObj.master.pcap</master_cap><slave_cap>/root/datasets/OfficialDataset/Injection/injection/training/frequent/20161021132150/20160813150045.injection_FreezeObj/20160813150045.injection_FreezeObj.slave.pcap</slave_cap><attack_cap>/root/datasets/OfficialDataset/Injection/injection/training/frequent/20161021132150/20160813150045.injection_FreezeObj/20160813150045.injection_FreezeObj.attacker.pcap</attack_cap><start>2016-08-13 15:00:45.315609</start><finish>2016-08-13 15:01:02.747772</finish><attack>injection_FreezeObj</attack><local_dir>/root/datasets/OfficialDataset/Injection/injection/training/frequent/20161021132150/20160813150045.injection_FreezeObj</local_dir><first>4397</first><last>138056</last><range pcap="attacker"><first>56730</first><offset>61127</offset><last>61187</last></range><range pcap="slave"><first>508341</first><offset>574398</offset><last>575144</last></range><range pcap="master"><first>508243</first><offset>574300</offset><last>575037</last></range></profile>