<profile><master_cap>/root/datasets/OfficialDataset/MITM/MITM/training/frequent/20161021140907/20160924061733.MITM_modification_BinaryInputPointDelete/20160924061733.MITM_modification_BinaryInputPointDelete.master.pcap</master_cap><slave_cap>/root/datasets/OfficialDataset/MITM/MITM/training/frequent/20161021140907/20160924061733.MITM_modification_BinaryInputPointDelete/20160924061733.MITM_modification_BinaryInputPointDelete.slave.pcap</slave_cap><attack_cap>/root/datasets/OfficialDataset/MITM/MITM/training/frequent/20161021140907/20160924061733.MITM_modification_BinaryInputPointDelete/20160924061733.MITM_modification_BinaryInputPointDelete.attacker.pcap</attack_cap><start>2016-09-24 06:17:33.521444</start><finish>2016-09-24 06:18:27.485955</finish><attack>MITM_modification_BinaryInputPointDelete</attack><local_dir>/root/datasets/OfficialDataset/MITM/MITM/training/frequent/20161021140907/20160924061733.MITM_modification_BinaryInputPointDelete</local_dir><first>6013</first><last>24005</last><range pcap="attacker"><first>168627</first><offset>174640</offset><last>175050</last></range><range pcap="slave"><first>749961</first><offset>758429</offset><last>758745</last></range><range pcap="master"><first>749935</first><offset>758407</offset><last>758731</last></range></profile>