<profile><master_cap>/root/datasets/OfficialDataset/Replay/replay/training/frequent/20161021142021/20160729093021.master_replay_flooding/20160729093021.master_replay_flooding.master.pcap</master_cap><slave_cap>/root/datasets/OfficialDataset/Replay/replay/training/frequent/20161021142021/20160729093021.master_replay_flooding/20160729093021.master_replay_flooding.slave.pcap</slave_cap><attack_cap>/root/datasets/OfficialDataset/Replay/replay/training/frequent/20161021142021/20160729093021.master_replay_flooding/20160729093021.master_replay_flooding.attacker.pcap</attack_cap><start>2016-07-29 09:30:21.858018</start><finish>2016-07-29 09:30:43.605049</finish><attack>master_replay_flooding</attack><local_dir>/root/datasets/OfficialDataset/Replay/replay/training/frequent/20161021142021/20160729093021.master_replay_flooding</local_dir><first>4066</first><last>362152</last><range pcap="attacker"><first>219400</first><offset>223466</offset><last>223556</last></range><range pcap="slave"><first>1830417</first><offset>2009308</offset><last>2009437</last></range><range pcap="master"><first>1829298</first><offset>2008175</offset><last>2008272</last></range></profile>