<profile><master_cap>/root/datasets/OfficialDataset/Masqurading/masquerading/training/frequent/20161021132756/20160826141405.master_masquerading/20160826141405.master_masquerading.master.pcap</master_cap><slave_cap>/root/datasets/OfficialDataset/Masqurading/masquerading/training/frequent/20161021132756/20160826141405.master_masquerading/20160826141405.master_masquerading.slave.pcap</slave_cap><attack_cap>/root/datasets/OfficialDataset/Masqurading/masquerading/training/frequent/20161021132756/20160826141405.master_masquerading/20160826141405.master_masquerading.attacker.pcap</attack_cap><start>2016-08-26 14:14:05.523137</start><finish>2016-08-26 14:15:22.336399</finish><attack>master_masquerading</attack><local_dir>/root/datasets/OfficialDataset/Masqurading/masquerading/training/frequent/20161021132756/20160826141405.master_masquerading</local_dir><first>2987</first><last>12544</last><range pcap="attacker"><first>15393</first><offset>18380</offset><last>18754</last></range><range pcap="slave"><first>20612</first><offset>24778</offset><last>25265</last></range><range pcap="master"><first>20657</first><offset>24819</offset><last>25185</last></range></profile>