<profile><master_cap>/root/datasets/OfficialDataset/Injection/injection/training/frequent/20161021132150/20160813214152.injection_WarmRestart/20160813214152.injection_WarmRestart.master.pcap</master_cap><slave_cap>/root/datasets/OfficialDataset/Injection/injection/training/frequent/20161021132150/20160813214152.injection_WarmRestart/20160813214152.injection_WarmRestart.slave.pcap</slave_cap><attack_cap>/root/datasets/OfficialDataset/Injection/injection/training/frequent/20161021132150/20160813214152.injection_WarmRestart/20160813214152.injection_WarmRestart.attacker.pcap</attack_cap><start>2016-08-13 21:41:52.531477</start><finish>2016-08-13 21:43:09.895721</finish><attack>injection_WarmRestart</attack><local_dir>/root/datasets/OfficialDataset/Injection/injection/training/frequent/20161021132150/20160813214152.injection_WarmRestart</local_dir><first>3326</first><last>126075</last><range pcap="attacker"><first>140758</first><offset>144084</offset><last>144375</last></range><range pcap="slave"><first>1592634</first><offset>1653454</offset><last>1653865</last></range><range pcap="master"><first>1592395</first><offset>1653216</offset><last>1653620</last></range></profile>