<profile><master_cap>/root/datasets/OfficialDataset/Replay/replay/training/infrequent/20161021141910/20160727232444.injection_replay_updaterAck/20160727232444.injection_replay_updaterAck.master.pcap</master_cap><slave_cap>/root/datasets/OfficialDataset/Replay/replay/training/infrequent/20161021141910/20160727232444.injection_replay_updaterAck/20160727232444.injection_replay_updaterAck.slave.pcap</slave_cap><attack_cap>/root/datasets/OfficialDataset/Replay/replay/training/infrequent/20161021141910/20160727232444.injection_replay_updaterAck/20160727232444.injection_replay_updaterAck.attacker.pcap</attack_cap><start>2016-07-27 23:24:44.140166</start><finish>2016-07-27 23:24:52.547688</finish><attack>injection_replay_updaterAck</attack><local_dir>/root/datasets/OfficialDataset/Replay/replay/training/infrequent/20161021141910/20160727232444.injection_replay_updaterAck</local_dir><first>32068</first><last>444533</last><range pcap="attacker"><first>32027</first><offset>64095</offset><last>64125</last></range><range pcap="slave"><first>44517</first><offset>250444</offset><last>250722</last></range><range pcap="master"><first>44506</first><offset>250453</offset><last>250734</last></range></profile>