<profile><master_cap>/root/datasets/OfficialDataset/Masqurading/masquerading/training/frequent/20161021132756/20160827015850.slave_masquerading_ObjectSpoofCounter/20160827015850.slave_masquerading_ObjectSpoofCounter.master.pcap</master_cap><slave_cap>/root/datasets/OfficialDataset/Masqurading/masquerading/training/frequent/20161021132756/20160827015850.slave_masquerading_ObjectSpoofCounter/20160827015850.slave_masquerading_ObjectSpoofCounter.slave.pcap</slave_cap><attack_cap>/root/datasets/OfficialDataset/Masqurading/masquerading/training/frequent/20161021132756/20160827015850.slave_masquerading_ObjectSpoofCounter/20160827015850.slave_masquerading_ObjectSpoofCounter.attacker.pcap</attack_cap><start>2016-08-27 01:58:50.047578</start><finish>2016-08-27 01:59:50.914256</finish><attack>slave_masquerading_ObjectSpoofCounter</attack><local_dir>/root/datasets/OfficialDataset/Masqurading/masquerading/training/frequent/20161021132756/20160827015850.slave_masquerading_ObjectSpoofCounter</local_dir><first>4663</first><last>18824</last><range pcap="attacker"><first>171753</first><offset>176416</offset><last>176834</last></range><range pcap="slave"><first>223387</first><offset>229917</offset><last>230174</last></range><range pcap="master"><first>232647</first><offset>239186</offset><last>239601</last></range></profile>