<profile><master_cap>/root/datasets/OfficialDataset/Masqurading/masquerading/training/frequent/20161021132756/20160827045344.master_masquerading/20160827045344.master_masquerading.master.pcap</master_cap><slave_cap>/root/datasets/OfficialDataset/Masqurading/masquerading/training/frequent/20161021132756/20160827045344.master_masquerading/20160827045344.master_masquerading.slave.pcap</slave_cap><attack_cap>/root/datasets/OfficialDataset/Masqurading/masquerading/training/frequent/20161021132756/20160827045344.master_masquerading/20160827045344.master_masquerading.attacker.pcap</attack_cap><start>2016-08-27 04:53:44.221424</start><finish>2016-08-27 04:54:51.703134</finish><attack>master_masquerading</attack><local_dir>/root/datasets/OfficialDataset/Masqurading/masquerading/training/frequent/20161021132756/20160827045344.master_masquerading</local_dir><first>3745</first><last>15383</last><range pcap="attacker"><first>212242</first><offset>215987</offset><last>216308</last></range><range pcap="slave"><first>275152</first><offset>280425</offset><last>280842</last></range><range pcap="master"><first>287306</first><offset>292580</offset><last>292931</last></range></profile>