<profile><master_cap>/root/datasets/OfficialDataset/Replay/replay/training/frequent/20161021142021/20160729121733.master_replay/20160729121733.master_replay.master.pcap</master_cap><slave_cap>/root/datasets/OfficialDataset/Replay/replay/training/frequent/20161021142021/20160729121733.master_replay/20160729121733.master_replay.slave.pcap</slave_cap><attack_cap>/root/datasets/OfficialDataset/Replay/replay/training/frequent/20161021142021/20160729121733.master_replay/20160729121733.master_replay.attacker.pcap</attack_cap><start>2016-07-29 12:17:33.821369</start><finish>2016-07-29 12:18:23.731752</finish><attack>master_replay</attack><local_dir>/root/datasets/OfficialDataset/Replay/replay/training/frequent/20161021142021/20160729121733.master_replay</local_dir><first>3566</first><last>14377</last><range pcap="attacker"><first>255497</first><offset>259063</offset><last>259302</last></range><range pcap="slave"><first>2256740</first><offset>2261737</offset><last>2262058</last></range><range pcap="master"><first>2255304</first><offset>2260299</offset><last>2260556</last></range></profile>