<AttackProcessor pcap="20161021143503.attacker"><start>2016-10-10 17:54:45.659427</start><finish>2016-10-11 17:31:07.248790</finish><local_dir>/root/datasets/OfficialDataset/Attacks/attacks/training/frequent</local_dir><first>2693</first><last>322334</last></AttackProcessor><AttackProcessor pcap="20161021143503.master"><start>2016-10-10 17:54:45.659427</start><finish>2016-10-11 17:31:07.248790</finish><local_dir>/root/datasets/OfficialDataset/Attacks/attacks/training/frequent</local_dir><first>3760</first><last>1188005</last></AttackProcessor><AttackProcessor pcap="20161021143503.slave"><start>2016-10-10 17:54:45.659427</start><finish>2016-10-11 17:31:07.248790</finish><local_dir>/root/datasets/OfficialDataset/Attacks/attacks/training/frequent</local_dir><first>3762</first><last>1195691</last></AttackProcessor>