<profile><master_cap>/root/datasets/OfficialDataset/Masqurading/masquerading/training/infrequent/20161021132730/20160825225717.master_hijacking_masquerading/20160825225717.master_hijacking_masquerading.master.pcap</master_cap><slave_cap>/root/datasets/OfficialDataset/Masqurading/masquerading/training/infrequent/20161021132730/20160825225717.master_hijacking_masquerading/20160825225717.master_hijacking_masquerading.slave.pcap</slave_cap><attack_cap>/root/datasets/OfficialDataset/Masqurading/masquerading/training/infrequent/20161021132730/20160825225717.master_hijacking_masquerading/20160825225717.master_hijacking_masquerading.attacker.pcap</attack_cap><start>2016-08-25 22:57:17.617953</start><finish>2016-08-25 22:59:48.432685</finish><attack>master_hijacking_masquerading</attack><local_dir>/root/datasets/OfficialDataset/Masqurading/masquerading/training/infrequent/20161021132730/20160825225717.master_hijacking_masquerading</local_dir><first>12928</first><last>51501</last><range pcap="attacker"><first>97909</first><offset>110837</offset><last>111576</last></range><range pcap="slave"><first>131873</first><offset>149955</offset><last>150894</last></range><range pcap="master"><first>134921</first><offset>153004</offset><last>153732</last></range></profile>