<profile><master_cap>/root/datasets/OfficialDataset/Flooding/flooding/training/frequent/20161021130706/20160830163824.master_flooding_freeze/20160830163824.master_flooding_freeze.master.pcap</master_cap><slave_cap>/root/datasets/OfficialDataset/Flooding/flooding/training/frequent/20161021130706/20160830163824.master_flooding_freeze/20160830163824.master_flooding_freeze.slave.pcap</slave_cap><attack_cap>/root/datasets/OfficialDataset/Flooding/flooding/training/frequent/20161021130706/20160830163824.master_flooding_freeze/20160830163824.master_flooding_freeze.attacker.pcap</attack_cap><start>2016-08-30 16:38:24.391589</start><finish>2016-08-30 16:39:37.547845</finish><attack>master_flooding_freeze</attack><local_dir>/root/datasets/OfficialDataset/Flooding/flooding/training/frequent/20161021130706/20160830163824.master_flooding_freeze</local_dir><first>4370</first><last>18734</last><range pcap="attacker"><first>31271</first><offset>35641</offset><last>36474</last></range><range pcap="slave"><first>39570</first><offset>45697</offset><last>46639</last></range><range pcap="master"><first>39312</first><offset>45435</offset><last>45772</last></range></profile>