<profile><master_cap>/root/datasets/OfficialDataset/Attacks/attacks/training/frequent/20161021143503/20161011080842.master_hijacking_masquerading/20161011080842.master_hijacking_masquerading.master.pcap</master_cap><slave_cap>/root/datasets/OfficialDataset/Attacks/attacks/training/frequent/20161021143503/20161011080842.master_hijacking_masquerading/20161011080842.master_hijacking_masquerading.slave.pcap</slave_cap><attack_cap>/root/datasets/OfficialDataset/Attacks/attacks/training/frequent/20161021143503/20161011080842.master_hijacking_masquerading/20161011080842.master_hijacking_masquerading.attacker.pcap</attack_cap><start>2016-10-11 08:08:42.168062</start><finish>2016-10-11 08:11:12.744764</finish><attack>master_hijacking_masquerading</attack><local_dir>/root/datasets/OfficialDataset/Attacks/attacks/training/frequent/20161021143503/20161011080842.master_hijacking_masquerading</local_dir><first>5969</first><last>25022</last><range pcap="attacker"><first>192129</first><offset>198098</offset><last>198847</last></range><range pcap="slave"><first>462492</first><offset>470795</offset><last>471747</last></range><range pcap="master"><first>456176</first><offset>464481</offset><last>465223</last></range></profile>