<profile><master_cap>/root/datasets/OfficialDataset/Flooding/flooding/training/frequent/20161021130706/20160830211704.master_replay_flooding/20160830211704.master_replay_flooding.master.pcap</master_cap><slave_cap>/root/datasets/OfficialDataset/Flooding/flooding/training/frequent/20161021130706/20160830211704.master_replay_flooding/20160830211704.master_replay_flooding.slave.pcap</slave_cap><attack_cap>/root/datasets/OfficialDataset/Flooding/flooding/training/frequent/20161021130706/20160830211704.master_replay_flooding/20160830211704.master_replay_flooding.attacker.pcap</attack_cap><start>2016-08-30 21:17:04.018669</start><finish>2016-08-30 21:17:23.547352</finish><attack>master_replay_flooding</attack><local_dir>/root/datasets/OfficialDataset/Flooding/flooding/training/frequent/20161021130706/20160830211704.master_replay_flooding</local_dir><first>3679</first><last>14344</last><range pcap="attacker"><first>97016</first><offset>100695</offset><last>100784</last></range><range pcap="slave"><first>126571</first><offset>131747</offset><last>131871</last></range><range pcap="master"><first>123827</first><offset>128999</offset><last>129101</last></range></profile>