<profile><master_cap>/root/datasets/OfficialDataset/MITM/MITM/training/frequent/20161021140907/20160924015803.MITM_modification_BinaryInputPointInsert/20160924015803.MITM_modification_BinaryInputPointInsert.master.pcap</master_cap><slave_cap>/root/datasets/OfficialDataset/MITM/MITM/training/frequent/20161021140907/20160924015803.MITM_modification_BinaryInputPointInsert/20160924015803.MITM_modification_BinaryInputPointInsert.slave.pcap</slave_cap><attack_cap>/root/datasets/OfficialDataset/MITM/MITM/training/frequent/20161021140907/20160924015803.MITM_modification_BinaryInputPointInsert/20160924015803.MITM_modification_BinaryInputPointInsert.attacker.pcap</attack_cap><start>2016-09-24 01:58:03.804794</start><finish>2016-09-24 01:58:53.984371</finish><attack>MITM_modification_BinaryInputPointInsert</attack><local_dir>/root/datasets/OfficialDataset/MITM/MITM/training/frequent/20161021140907/20160924015803.MITM_modification_BinaryInputPointInsert</local_dir><first>5442</first><last>36928</last><range pcap="attacker"><first>112852</first><offset>118294</offset><last>118712</last></range><range pcap="slave"><first>421496</first><offset>429180</offset><last>437028</last></range><range pcap="master"><first>421567</first><offset>429251</offset><last>437101</last></range></profile>