<profile><master_cap>/root/datasets/OfficialDataset/Attacks/attacks/training/infrequent/20161021143435/20161005072916.injection_replay/20161005072916.injection_replay.master.pcap</master_cap><slave_cap>/root/datasets/OfficialDataset/Attacks/attacks/training/infrequent/20161021143435/20161005072916.injection_replay/20161005072916.injection_replay.slave.pcap</slave_cap><attack_cap>/root/datasets/OfficialDataset/Attacks/attacks/training/infrequent/20161021143435/20161005072916.injection_replay/20161005072916.injection_replay.attacker.pcap</attack_cap><start>2016-10-05 07:29:16.704066</start><finish>2016-10-05 07:29:21.160915</finish><attack>injection_replay</attack><local_dir>/root/datasets/OfficialDataset/Attacks/attacks/training/infrequent/20161021143435/20161005072916.injection_replay</local_dir><first>27803</first><last>105911</last><range pcap="attacker"><first>143661</first><offset>171464</offset><last>171477</last></range><range pcap="slave"><first>221561</first><offset>260586</offset><last>260605</last></range><range pcap="master"><first>223431</first><offset>262459</offset><last>262480</last></range></profile>