<profile><master_cap>/root/datasets/OfficialDataset/Injection/injection/training/frequent/20161021132150/20160813184717.injection_FreezeObj/20160813184717.injection_FreezeObj.master.pcap</master_cap><slave_cap>/root/datasets/OfficialDataset/Injection/injection/training/frequent/20161021132150/20160813184717.injection_FreezeObj/20160813184717.injection_FreezeObj.slave.pcap</slave_cap><attack_cap>/root/datasets/OfficialDataset/Injection/injection/training/frequent/20161021132150/20160813184717.injection_FreezeObj/20160813184717.injection_FreezeObj.attacker.pcap</attack_cap><start>2016-08-13 18:47:17.162083</start><finish>2016-08-13 18:47:39.233799</finish><attack>injection_FreezeObj</attack><local_dir>/root/datasets/OfficialDataset/Injection/injection/training/frequent/20161021132150/20160813184717.injection_FreezeObj</local_dir><first>2206</first><last>229071</last><range pcap="attacker"><first>105668</first><offset>107874</offset><last>107968</last></range><range pcap="slave"><first>1090486</first><offset>1202670</offset><last>1203883</last></range><range pcap="master"><first>1090320</first><offset>1202486</offset><last>1203692</last></range></profile>