<profile><master_cap>/root/datasets/OfficialDataset/Injection/injection/training/frequent/20161021132150/20160813193854.injection_ColdRestart/20160813193854.injection_ColdRestart.master.pcap</master_cap><slave_cap>/root/datasets/OfficialDataset/Injection/injection/training/frequent/20161021132150/20160813193854.injection_ColdRestart/20160813193854.injection_ColdRestart.slave.pcap</slave_cap><attack_cap>/root/datasets/OfficialDataset/Injection/injection/training/frequent/20161021132150/20160813193854.injection_ColdRestart/20160813193854.injection_ColdRestart.attacker.pcap</attack_cap><start>2016-08-13 19:38:54.702635</start><finish>2016-08-13 19:40:15.263634</finish><attack>injection_ColdRestart</attack><local_dir>/root/datasets/OfficialDataset/Injection/injection/training/frequent/20161021132150/20160813193854.injection_ColdRestart</local_dir><first>2101</first><last>25195</last><range pcap="attacker"><first>116406</first><offset>118507</offset><last>118776</last></range><range pcap="slave"><first>1330919</first><offset>1341949</offset><last>1342340</last></range><range pcap="master"><first>1330714</first><offset>1341734</offset><last>1342116</last></range></profile>