<profile><master_cap>/root/datasets/OfficialDataset/Injection/injection/training/frequent/20161021132150/20160813105102.injection_FreezeObj/20160813105102.injection_FreezeObj.master.pcap</master_cap><slave_cap>/root/datasets/OfficialDataset/Injection/injection/training/frequent/20161021132150/20160813105102.injection_FreezeObj/20160813105102.injection_FreezeObj.slave.pcap</slave_cap><attack_cap>/root/datasets/OfficialDataset/Injection/injection/training/frequent/20161021132150/20160813105102.injection_FreezeObj/20160813105102.injection_FreezeObj.attacker.pcap</attack_cap><start>2016-08-13 10:51:02.189051</start><finish>2016-08-13 10:51:29.831652</finish><attack>injection_FreezeObj</attack><local_dir>/root/datasets/OfficialDataset/Injection/injection/training/frequent/20161021132150/20160813105102.injection_FreezeObj</local_dir><first>5237</first><last>295107</last><range pcap="attacker"><first>3573</first><offset>8810</offset><last>8913</last></range><range pcap="slave"><first>5268</first><offset>149694</offset><last>150174</last></range><range pcap="master"><first>5262</first><offset>149655</offset><last>150121</last></range></profile>