<profile><master_cap>/root/datasets/OfficialDataset/Attacks/attacks/training/frequent/20161021143503/20161011162318.injection_FreezeObj/20161011162318.injection_FreezeObj.master.pcap</master_cap><slave_cap>/root/datasets/OfficialDataset/Attacks/attacks/training/frequent/20161021143503/20161011162318.injection_FreezeObj/20161011162318.injection_FreezeObj.slave.pcap</slave_cap><attack_cap>/root/datasets/OfficialDataset/Attacks/attacks/training/frequent/20161021143503/20161011162318.injection_FreezeObj/20161011162318.injection_FreezeObj.attacker.pcap</attack_cap><start>2016-10-11 16:23:18.955484</start><finish>2016-10-11 16:23:45.020836</finish><attack>injection_FreezeObj</attack><local_dir>/root/datasets/OfficialDataset/Attacks/attacks/training/frequent/20161021143503/20161011162318.injection_FreezeObj</local_dir><first>4316</first><last>17030</last><range pcap="attacker"><first>300934</first><offset>305250</offset><last>305331</last></range><range pcap="slave"><first>1010296</first><offset>1016299</offset><last>1016618</last></range><range pcap="master"><first>1002665</first><offset>1008662</offset><last>1008974</last></range></profile>