<profile><master_cap>/root/datasets/OfficialDataset/Masqurading/masquerading/training/frequent/20161021132756/20160827080219.master_masquerading/20160827080219.master_masquerading.master.pcap</master_cap><slave_cap>/root/datasets/OfficialDataset/Masqurading/masquerading/training/frequent/20161021132756/20160827080219.master_masquerading/20160827080219.master_masquerading.slave.pcap</slave_cap><attack_cap>/root/datasets/OfficialDataset/Masqurading/masquerading/training/frequent/20161021132756/20160827080219.master_masquerading/20160827080219.master_masquerading.attacker.pcap</attack_cap><start>2016-08-27 08:02:19.494672</start><finish>2016-08-27 08:03:27.002624</finish><attack>master_masquerading</attack><local_dir>/root/datasets/OfficialDataset/Masqurading/masquerading/training/frequent/20161021132756/20160827080219.master_masquerading</local_dir><first>4526</first><last>18129</last><range pcap="attacker"><first>253667</first><offset>258193</offset><last>258491</last></range><range pcap="slave"><first>328890</first><offset>335172</offset><last>335567</last></range><range pcap="master"><first>343522</first><offset>349819</offset><last>350148</last></range></profile>