<profile><master_cap>/root/datasets/OfficialDataset/Attacks/attacks/training/frequent/20161021143503/20161010225052.injection_replay/20161010225052.injection_replay.master.pcap</master_cap><slave_cap>/root/datasets/OfficialDataset/Attacks/attacks/training/frequent/20161021143503/20161010225052.injection_replay/20161010225052.injection_replay.slave.pcap</slave_cap><attack_cap>/root/datasets/OfficialDataset/Attacks/attacks/training/frequent/20161021143503/20161010225052.injection_replay/20161010225052.injection_replay.attacker.pcap</attack_cap><start>2016-10-10 22:50:52.333320</start><finish>2016-10-10 22:50:56.600929</finish><attack>injection_replay</attack><local_dir>/root/datasets/OfficialDataset/Attacks/attacks/training/frequent/20161021143503/20161010225052.injection_replay</local_dir><first>6083</first><last>23089</last><range pcap="attacker"><first>66863</first><offset>72946</offset><last>72961</last></range><range pcap="slave"><first>232616</first><offset>241094</offset><last>241112</last></range><range pcap="master"><first>224068</first><offset>232542</offset><last>232561</last></range></profile>