<profile><master_cap>/root/datasets/OfficialDataset/Masqurading/masquerading/training/frequent/20161021132756/20160827065704.slave_masquerading_ObjectSpoofBinary/20160827065704.slave_masquerading_ObjectSpoofBinary.master.pcap</master_cap><slave_cap>/root/datasets/OfficialDataset/Masqurading/masquerading/training/frequent/20161021132756/20160827065704.slave_masquerading_ObjectSpoofBinary/20160827065704.slave_masquerading_ObjectSpoofBinary.slave.pcap</slave_cap><attack_cap>/root/datasets/OfficialDataset/Masqurading/masquerading/training/frequent/20161021132756/20160827065704.slave_masquerading_ObjectSpoofBinary/20160827065704.slave_masquerading_ObjectSpoofBinary.attacker.pcap</attack_cap><start>2016-08-27 06:57:04.907544</start><finish>2016-08-27 06:58:08.567845</finish><attack>slave_masquerading_ObjectSpoofBinary</attack><local_dir>/root/datasets/OfficialDataset/Masqurading/masquerading/training/frequent/20161021132756/20160827065704.slave_masquerading_ObjectSpoofBinary</local_dir><first>5562</first><last>22288</last><range pcap="attacker"><first>238400</first><offset>243962</offset><last>244365</last></range><range pcap="slave"><first>308628</first><offset>316468</offset><last>316707</last></range><range pcap="master"><first>322659</first><offset>330499</offset><last>330901</last></range></profile>