<profile><master_cap>/root/datasets/OfficialDataset/MITM/MITM/training/frequent/20161021140907/20160923210350.MITM_modification_ImmedFreezeNR/20160923210350.MITM_modification_ImmedFreezeNR.master.pcap</master_cap><slave_cap>/root/datasets/OfficialDataset/MITM/MITM/training/frequent/20161021140907/20160923210350.MITM_modification_ImmedFreezeNR/20160923210350.MITM_modification_ImmedFreezeNR.slave.pcap</slave_cap><attack_cap>/root/datasets/OfficialDataset/MITM/MITM/training/frequent/20161021140907/20160923210350.MITM_modification_ImmedFreezeNR/20160923210350.MITM_modification_ImmedFreezeNR.attacker.pcap</attack_cap><start>2016-09-23 21:03:50.244645</start><finish>2016-09-23 21:04:26.840876</finish><attack>MITM_modification_ImmedFreezeNR</attack><local_dir>/root/datasets/OfficialDataset/MITM/MITM/training/frequent/20161021140907/20160923210350.MITM_modification_ImmedFreezeNR</local_dir><first>5101</first><last>35559</last><range pcap="attacker"><first>49242</first><offset>54343</offset><last>54618</last></range><range pcap="slave"><first>211951</first><offset>226813</offset><last>227039</last></range><range pcap="master"><first>211997</first><offset>226863</offset><last>227090</last></range></profile>