<profile><master_cap>/root/datasets/OfficialDataset/Injection/injection/training/frequent/20161021132150/20160813113450.injection_FreezeObj/20160813113450.injection_FreezeObj.master.pcap</master_cap><slave_cap>/root/datasets/OfficialDataset/Injection/injection/training/frequent/20161021132150/20160813113450.injection_FreezeObj/20160813113450.injection_FreezeObj.slave.pcap</slave_cap><attack_cap>/root/datasets/OfficialDataset/Injection/injection/training/frequent/20161021132150/20160813113450.injection_FreezeObj/20160813113450.injection_FreezeObj.attacker.pcap</attack_cap><start>2016-08-13 11:34:50.179592</start><finish>2016-08-13 11:35:15.698659</finish><attack>injection_FreezeObj</attack><local_dir>/root/datasets/OfficialDataset/Injection/injection/training/frequent/20161021132150/20160813113450.injection_FreezeObj</local_dir><first>4835</first><last>157837</last><range pcap="attacker"><first>13229</first><offset>18064</offset><last>18142</last></range><range pcap="slave"><first>212203</first><offset>288219</offset><last>288667</last></range><range pcap="master"><first>212170</first><offset>288187</offset><last>288628</last></range></profile>