<profile><master_cap>/root/datasets/OfficialDataset/Replay/replay/training/frequent/20161021142021/20160729135823.master_replay/20160729135823.master_replay.master.pcap</master_cap><slave_cap>/root/datasets/OfficialDataset/Replay/replay/training/frequent/20161021142021/20160729135823.master_replay/20160729135823.master_replay.slave.pcap</slave_cap><attack_cap>/root/datasets/OfficialDataset/Replay/replay/training/frequent/20161021142021/20160729135823.master_replay/20160729135823.master_replay.attacker.pcap</attack_cap><start>2016-07-29 13:58:23.931449</start><finish>2016-07-29 13:59:13.839058</finish><attack>master_replay</attack><local_dir>/root/datasets/OfficialDataset/Replay/replay/training/frequent/20161021142021/20160729135823.master_replay</local_dir><first>2995</first><last>12109</last><range pcap="attacker"><first>277569</first><offset>280564</offset><last>280800</last></range><range pcap="slave"><first>2328636</first><offset>2332796</offset><last>2333108</last></range><range pcap="master"><first>2326974</first><offset>2331134</offset><last>2331378</last></range></profile>