<profile><master_cap>/root/datasets/OfficialDataset/Masqurading/masquerading/training/frequent/20161021132756/20160827084939.slave_masquerading_ObjectSpoofBinary/20160827084939.slave_masquerading_ObjectSpoofBinary.master.pcap</master_cap><slave_cap>/root/datasets/OfficialDataset/Masqurading/masquerading/training/frequent/20161021132756/20160827084939.slave_masquerading_ObjectSpoofBinary/20160827084939.slave_masquerading_ObjectSpoofBinary.slave.pcap</slave_cap><attack_cap>/root/datasets/OfficialDataset/Masqurading/masquerading/training/frequent/20161021132756/20160827084939.slave_masquerading_ObjectSpoofBinary/20160827084939.slave_masquerading_ObjectSpoofBinary.attacker.pcap</attack_cap><start>2016-08-27 08:49:39.241193</start><finish>2016-08-27 08:50:44.393666</finish><attack>slave_masquerading_ObjectSpoofBinary</attack><local_dir>/root/datasets/OfficialDataset/Masqurading/masquerading/training/frequent/20161021132756/20160827084939.slave_masquerading_ObjectSpoofBinary</local_dir><first>4138</first><last>16860</last><range pcap="attacker"><first>264332</first><offset>268470</offset><last>268877</last></range><range pcap="slave"><first>343039</first><offset>348864</offset><last>349117</last></range><range pcap="master"><first>358000</first><offset>363826</offset><last>364235</last></range></profile>