<profile><master_cap>/root/datasets/OfficialDataset/MITM/MITM/training/frequent/20161021140907/20160924150422.MITM_modification_BinaryStatus/20160924150422.MITM_modification_BinaryStatus.master.pcap</master_cap><slave_cap>/root/datasets/OfficialDataset/MITM/MITM/training/frequent/20161021140907/20160924150422.MITM_modification_BinaryStatus/20160924150422.MITM_modification_BinaryStatus.slave.pcap</slave_cap><attack_cap>/root/datasets/OfficialDataset/MITM/MITM/training/frequent/20161021140907/20160924150422.MITM_modification_BinaryStatus/20160924150422.MITM_modification_BinaryStatus.attacker.pcap</attack_cap><start>2016-09-24 15:04:22.242603</start><finish>2016-09-24 15:05:11.655394</finish><attack>MITM_modification_BinaryStatus</attack><local_dir>/root/datasets/OfficialDataset/MITM/MITM/training/frequent/20161021140907/20160924150422.MITM_modification_BinaryStatus</local_dir><first>5696</first><last>22723</last><range pcap="attacker"><first>283549</first><offset>289245</offset><last>289635</last></range><range pcap="slave"><first>1410208</first><offset>1418232</offset><last>1418520</last></range><range pcap="master"><first>1410094</first><offset>1418118</offset><last>1418417</last></range></profile>