<profile><master_cap>/root/datasets/OfficialDataset/Flooding/flooding/training/frequent/20161021130706/20160830203715.master_replay_flooding/20160830203715.master_replay_flooding.master.pcap</master_cap><slave_cap>/root/datasets/OfficialDataset/Flooding/flooding/training/frequent/20161021130706/20160830203715.master_replay_flooding/20160830203715.master_replay_flooding.slave.pcap</slave_cap><attack_cap>/root/datasets/OfficialDataset/Flooding/flooding/training/frequent/20161021130706/20160830203715.master_replay_flooding/20160830203715.master_replay_flooding.attacker.pcap</attack_cap><start>2016-08-30 20:37:15.055579</start><finish>2016-08-30 20:37:34.647686</finish><attack>master_replay_flooding</attack><local_dir>/root/datasets/OfficialDataset/Flooding/flooding/training/frequent/20161021130706/20160830203715.master_replay_flooding</local_dir><first>5275</first><last>20260</last><range pcap="attacker"><first>86554</first><offset>91829</offset><last>91920</last></range><range pcap="slave"><first>112195</first><offset>119538</offset><last>119656</last></range><range pcap="master"><first>110037</first><offset>117376</offset><last>117468</last></range></profile>