<profile><master_cap>/root/datasets/OfficialDataset/Flooding/flooding/training/frequent/20161021130706/20160831105508.master_flooding/20160831105508.master_flooding.master.pcap</master_cap><slave_cap>/root/datasets/OfficialDataset/Flooding/flooding/training/frequent/20161021130706/20160831105508.master_flooding/20160831105508.master_flooding.slave.pcap</slave_cap><attack_cap>/root/datasets/OfficialDataset/Flooding/flooding/training/frequent/20161021130706/20160831105508.master_flooding/20160831105508.master_flooding.attacker.pcap</attack_cap><start>2016-08-31 10:55:08.555567</start><finish>2016-08-31 10:56:21.723812</finish><attack>master_flooding</attack><local_dir>/root/datasets/OfficialDataset/Flooding/flooding/training/frequent/20161021130706/20160831105508.master_flooding</local_dir><first>3077</first><last>13940</last><range pcap="attacker"><first>314564</first><offset>317641</offset><last>318499</last></range><range pcap="slave"><first>392032</first><offset>396364</offset><last>397333</last></range><range pcap="master"><first>382988</first><offset>387318</offset><last>387690</last></range></profile>