<profile><master_cap>/root/datasets/OfficialDataset/Flooding/flooding/training/frequent/20161021130706/20160830153648.master_flooding/20160830153648.master_flooding.master.pcap</master_cap><slave_cap>/root/datasets/OfficialDataset/Flooding/flooding/training/frequent/20161021130706/20160830153648.master_flooding/20160830153648.master_flooding.slave.pcap</slave_cap><attack_cap>/root/datasets/OfficialDataset/Flooding/flooding/training/frequent/20161021130706/20160830153648.master_flooding/20160830153648.master_flooding.attacker.pcap</attack_cap><start>2016-08-30 15:36:48.691675</start><finish>2016-08-30 15:37:52.902894</finish><attack>master_flooding</attack><local_dir>/root/datasets/OfficialDataset/Flooding/flooding/training/frequent/20161021130706/20160830153648.master_flooding</local_dir><first>4503</first><last>19150</last><range pcap="attacker"><first>16725</first><offset>21228</offset><last>22049</last></range><range pcap="slave"><first>19802</first><offset>26095</offset><last>27017</last></range><range pcap="master"><first>21316</first><offset>27597</offset><last>27925</last></range></profile>