<profile><master_cap>/root/datasets/OfficialDataset/Replay/replay/training/frequent/20161021142021/20160729055327.injection_replay_updaterAck/20160729055327.injection_replay_updaterAck.master.pcap</master_cap><slave_cap>/root/datasets/OfficialDataset/Replay/replay/training/frequent/20161021142021/20160729055327.injection_replay_updaterAck/20160729055327.injection_replay_updaterAck.slave.pcap</slave_cap><attack_cap>/root/datasets/OfficialDataset/Replay/replay/training/frequent/20161021142021/20160729055327.injection_replay_updaterAck/20160729055327.injection_replay_updaterAck.attacker.pcap</attack_cap><start>2016-07-29 05:53:27.197513</start><finish>2016-07-29 05:53:34.031623</finish><attack>injection_replay_updaterAck</attack><local_dir>/root/datasets/OfficialDataset/Replay/replay/training/frequent/20161021142021/20160729055327.injection_replay_updaterAck</local_dir><first>6113</first><last>191712</last><range pcap="attacker"><first>172112</first><offset>178225</offset><last>178247</last></range><range pcap="slave"><first>1245412</first><offset>1338023</offset><last>1338187</last></range><range pcap="master"><first>1244487</first><offset>1337119</offset><last>1337287</last></range></profile>