<profile><master_cap>/root/datasets/OfficialDataset/Replay/replay/training/infrequent/20161021141910/20160728084910.master_hijacking_replay/20160728084910.master_hijacking_replay.master.pcap</master_cap><slave_cap>/root/datasets/OfficialDataset/Replay/replay/training/infrequent/20161021141910/20160728084910.master_hijacking_replay/20160728084910.master_hijacking_replay.slave.pcap</slave_cap><attack_cap>/root/datasets/OfficialDataset/Replay/replay/training/infrequent/20161021141910/20160728084910.master_hijacking_replay/20160728084910.master_hijacking_replay.attacker.pcap</attack_cap><start>2016-07-28 08:49:10.922772</start><finish>2016-07-28 08:50:28.878011</finish><attack>master_hijacking_replay</attack><local_dir>/root/datasets/OfficialDataset/Replay/replay/training/infrequent/20161021141910/20160728084910.master_hijacking_replay</local_dir><first>27694</first><last>106243</last><range pcap="attacker"><first>154472</first><offset>182166</offset><last>182480</last></range><range pcap="slave"><first>504758</first><offset>543469</offset><last>543905</last></range><range pcap="master"><first>504681</first><offset>543393</offset><last>543767</last></range></profile>