<profile><master_cap>/root/datasets/OfficialDataset/Flooding/flooding/training/frequent/20161021130706/20160831051011.master_flooding/20160831051011.master_flooding.master.pcap</master_cap><slave_cap>/root/datasets/OfficialDataset/Flooding/flooding/training/frequent/20161021130706/20160831051011.master_flooding/20160831051011.master_flooding.slave.pcap</slave_cap><attack_cap>/root/datasets/OfficialDataset/Flooding/flooding/training/frequent/20161021130706/20160831051011.master_flooding/20160831051011.master_flooding.attacker.pcap</attack_cap><start>2016-08-31 05:10:11.455781</start><finish>2016-08-31 05:11:22.571652</finish><attack>master_flooding</attack><local_dir>/root/datasets/OfficialDataset/Flooding/flooding/training/frequent/20161021130706/20160831051011.master_flooding</local_dir><first>5281</first><last>32943</last><range pcap="attacker"><first>221640</first><offset>226921</offset><last>233098</last></range><range pcap="slave"><first>272930</first><offset>280361</offset><last>286641</last></range><range pcap="master"><first>275989</first><offset>283421</offset><last>283761</last></range></profile>