<profile><master_cap>/root/datasets/OfficialDataset/Flooding/flooding/training/frequent/20161021130706/20160830195412.master_flooding_freeze/20160830195412.master_flooding_freeze.master.pcap</master_cap><slave_cap>/root/datasets/OfficialDataset/Flooding/flooding/training/frequent/20161021130706/20160830195412.master_flooding_freeze/20160830195412.master_flooding_freeze.slave.pcap</slave_cap><attack_cap>/root/datasets/OfficialDataset/Flooding/flooding/training/frequent/20161021130706/20160830195412.master_flooding_freeze/20160830195412.master_flooding_freeze.attacker.pcap</attack_cap><start>2016-08-30 19:54:12.460323</start><finish>2016-08-30 19:55:25.585971</finish><attack>master_flooding_freeze</attack><local_dir>/root/datasets/OfficialDataset/Flooding/flooding/training/frequent/20161021130706/20160830195412.master_flooding_freeze</local_dir><first>3468</first><last>15394</last><range pcap="attacker"><first>78153</first><offset>81621</offset><last>82468</last></range><range pcap="slave"><first>100831</first><offset>105720</offset><last>106675</last></range><range pcap="master"><first>99893</first><offset>104778</offset><last>105126</last></range></profile>