<profile><master_cap>/root/datasets/OfficialDataset/Replay/replay/training/frequent/20161021142021/20160729065758.master_hijacking_replay/20160729065758.master_hijacking_replay.master.pcap</master_cap><slave_cap>/root/datasets/OfficialDataset/Replay/replay/training/frequent/20161021142021/20160729065758.master_hijacking_replay/20160729065758.master_hijacking_replay.slave.pcap</slave_cap><attack_cap>/root/datasets/OfficialDataset/Replay/replay/training/frequent/20161021142021/20160729065758.master_hijacking_replay/20160729065758.master_hijacking_replay.attacker.pcap</attack_cap><start>2016-07-29 06:57:58.401757</start><finish>2016-07-29 06:59:19.343579</finish><attack>master_hijacking_replay</attack><local_dir>/root/datasets/OfficialDataset/Replay/replay/training/frequent/20161021142021/20160729065758.master_hijacking_replay</local_dir><first>4666</first><last>19007</last><range pcap="attacker"><first>186891</first><offset>191557</offset><last>191892</last></range><range pcap="slave"><first>1683389</first><offset>1689963</offset><last>1690426</last></range><range pcap="master"><first>1682438</first><offset>1689006</offset><last>1689405</last></range></profile>