<profile><master_cap>/root/datasets/OfficialDataset/Injection/injection/training/frequent/20161021132150/20160813195524.injection_push/20160813195524.injection_push.master.pcap</master_cap><slave_cap>/root/datasets/OfficialDataset/Injection/injection/training/frequent/20161021132150/20160813195524.injection_push/20160813195524.injection_push.slave.pcap</slave_cap><attack_cap>/root/datasets/OfficialDataset/Injection/injection/training/frequent/20161021132150/20160813195524.injection_push/20160813195524.injection_push.attacker.pcap</attack_cap><start>2016-08-13 19:55:24.367912</start><finish>2016-08-13 19:55:53.543672</finish><attack>injection_push</attack><local_dir>/root/datasets/OfficialDataset/Injection/injection/training/frequent/20161021132150/20160813195524.injection_push</local_dir><first>3222</first><last>13805</last><range pcap="attacker"><first>118777</first><offset>121999</offset><last>122118</last></range><range pcap="slave"><first>1342341</first><offset>1346837</offset><last>1347567</last></range><range pcap="master"><first>1342117</first><offset>1346615</offset><last>1347353</last></range></profile>