<profile><master_cap>/root/datasets/OfficialDataset/Injection/injection/training/frequent/20161021132150/20160813152327.injection_WarmRestart/20160813152327.injection_WarmRestart.master.pcap</master_cap><slave_cap>/root/datasets/OfficialDataset/Injection/injection/training/frequent/20161021132150/20160813152327.injection_WarmRestart/20160813152327.injection_WarmRestart.slave.pcap</slave_cap><attack_cap>/root/datasets/OfficialDataset/Injection/injection/training/frequent/20161021132150/20160813152327.injection_WarmRestart/20160813152327.injection_WarmRestart.attacker.pcap</attack_cap><start>2016-08-13 15:23:27.882755</start><finish>2016-08-13 15:24:44.383613</finish><attack>injection_WarmRestart</attack><local_dir>/root/datasets/OfficialDataset/Injection/injection/training/frequent/20161021132150/20160813152327.injection_WarmRestart</local_dir><first>4621</first><last>208845</last><range pcap="attacker"><first>61188</first><offset>65809</offset><last>66069</last></range><range pcap="slave"><first>575145</first><offset>676749</offset><last>677129</last></range><range pcap="master"><first>575038</first><offset>676645</offset><last>677016</last></range></profile>