<profile><master_cap>/root/datasets/OfficialDataset/MITM/MITM/training/infrequent/20161021135759/20160923014431.MITM_hijack_injection/20160923014431.MITM_hijack_injection.master.pcap</master_cap><slave_cap>/root/datasets/OfficialDataset/MITM/MITM/training/infrequent/20161021135759/20160923014431.MITM_hijack_injection/20160923014431.MITM_hijack_injection.slave.pcap</slave_cap><attack_cap>/root/datasets/OfficialDataset/MITM/MITM/training/infrequent/20161021135759/20160923014431.MITM_hijack_injection/20160923014431.MITM_hijack_injection.attacker.pcap</attack_cap><start>2016-09-23 01:44:31.213385</start><finish>2016-09-23 01:45:48.337160</finish><attack>MITM_hijack_injection</attack><local_dir>/root/datasets/OfficialDataset/MITM/MITM/training/infrequent/20161021135759/20160923014431.MITM_hijack_injection</local_dir><first>28488</first><last>160159</last><range pcap="attacker"><first>65613</first><offset>94101</offset><last>94738</last></range><range pcap="slave"><first>91216</first><offset>131273</offset><last>156768</last></range><range pcap="master"><first>91207</first><offset>131264</offset><last>156687</last></range></profile>