<profile><master_cap>/root/datasets/OfficialDataset/MITM/MITM/training/frequent/20161021140907/20160923182749.MITM_forwarding/20160923182749.MITM_forwarding.master.pcap</master_cap><slave_cap>/root/datasets/OfficialDataset/MITM/MITM/training/frequent/20161021140907/20160923182749.MITM_forwarding/20160923182749.MITM_forwarding.slave.pcap</slave_cap><attack_cap>/root/datasets/OfficialDataset/MITM/MITM/training/frequent/20161021140907/20160923182749.MITM_forwarding/20160923182749.MITM_forwarding.attacker.pcap</attack_cap><start>2016-09-23 18:27:49.017727</start><finish>2016-09-23 18:28:43.491326</finish><attack>MITM_forwarding</attack><local_dir>/root/datasets/OfficialDataset/MITM/MITM/training/frequent/20161021140907/20160923182749.MITM_forwarding</local_dir><first>5257</first><last>41026</last><range pcap="attacker"><first>15005</first><offset>20262</offset><last>20681</last></range><range pcap="slave"><first>33998</first><offset>51346</offset><last>51668</last></range><range pcap="master"><first>34020</first><offset>51370</offset><last>51698</last></range></profile>