<profile><master_cap>/root/datasets/OfficialDataset/Replay/replay/training/frequent/20161021142021/20160729003320.master_replay_flooding/20160729003320.master_replay_flooding.master.pcap</master_cap><slave_cap>/root/datasets/OfficialDataset/Replay/replay/training/frequent/20161021142021/20160729003320.master_replay_flooding/20160729003320.master_replay_flooding.slave.pcap</slave_cap><attack_cap>/root/datasets/OfficialDataset/Replay/replay/training/frequent/20161021142021/20160729003320.master_replay_flooding/20160729003320.master_replay_flooding.attacker.pcap</attack_cap><start>2016-07-29 00:33:20.315253</start><finish>2016-07-29 00:33:39.428863</finish><attack>master_replay_flooding</attack><local_dir>/root/datasets/OfficialDataset/Replay/replay/training/frequent/20161021142021/20160729003320.master_replay_flooding</local_dir><first>5838</first><last>22445</last><range pcap="attacker"><first>104307</first><offset>110145</offset><last>110231</last></range><range pcap="slave"><first>634394</first><offset>642552</offset><last>642668</last></range><range pcap="master"><first>633804</first><offset>641953</offset><last>642049</last></range></profile>