<profile><master_cap>/root/datasets/OfficialDataset/MITM/MITM/training/frequent/20161021140907/20160923221922.MITM_modification_CountBinaryInputPointInsert/20160923221922.MITM_modification_CountBinaryInputPointInsert.master.pcap</master_cap><slave_cap>/root/datasets/OfficialDataset/MITM/MITM/training/frequent/20161021140907/20160923221922.MITM_modification_CountBinaryInputPointInsert/20160923221922.MITM_modification_CountBinaryInputPointInsert.slave.pcap</slave_cap><attack_cap>/root/datasets/OfficialDataset/MITM/MITM/training/frequent/20161021140907/20160923221922.MITM_modification_CountBinaryInputPointInsert/20160923221922.MITM_modification_CountBinaryInputPointInsert.attacker.pcap</attack_cap><start>2016-09-23 22:19:22.604360</start><finish>2016-09-23 22:20:11.117134</finish><attack>MITM_modification_CountBinaryInputPointInsert</attack><local_dir>/root/datasets/OfficialDataset/MITM/MITM/training/frequent/20161021140907/20160923221922.MITM_modification_CountBinaryInputPointInsert</local_dir><first>5321</first><last>21258</last><range pcap="attacker"><first>65558</first><offset>70879</offset><last>71272</last></range><range pcap="slave"><first>315762</first><offset>323237</offset><last>323531</last></range><range pcap="master"><first>315750</first><offset>323227</offset><last>323523</last></range></profile>