<profile><master_cap>/root/datasets/OfficialDataset/Flooding/flooding/training/frequent/20161021130706/20160831053335.master_flooding_freeze/20160831053335.master_flooding_freeze.master.pcap</master_cap><slave_cap>/root/datasets/OfficialDataset/Flooding/flooding/training/frequent/20161021130706/20160831053335.master_flooding_freeze/20160831053335.master_flooding_freeze.slave.pcap</slave_cap><attack_cap>/root/datasets/OfficialDataset/Flooding/flooding/training/frequent/20161021130706/20160831053335.master_flooding_freeze/20160831053335.master_flooding_freeze.attacker.pcap</attack_cap><start>2016-08-31 05:33:35.651209</start><finish>2016-08-31 05:34:46.855807</finish><attack>master_flooding_freeze</attack><local_dir>/root/datasets/OfficialDataset/Flooding/flooding/training/frequent/20161021130706/20160831053335.master_flooding_freeze</local_dir><first>4744</first><last>31028</last><range pcap="attacker"><first>233099</first><offset>237843</offset><last>244141</last></range><range pcap="slave"><first>286642</first><offset>293253</offset><last>299661</last></range><range pcap="master"><first>283762</first><offset>290368</offset><last>290727</last></range></profile>