<profile><master_cap>/root/datasets/OfficialDataset/Masqurading/masquerading/training/frequent/20161021132756/20160826144244.slave_masquerading_ObjectSpoofCounterFuzz/20160826144244.slave_masquerading_ObjectSpoofCounterFuzz.master.pcap</master_cap><slave_cap>/root/datasets/OfficialDataset/Masqurading/masquerading/training/frequent/20161021132756/20160826144244.slave_masquerading_ObjectSpoofCounterFuzz/20160826144244.slave_masquerading_ObjectSpoofCounterFuzz.slave.pcap</slave_cap><attack_cap>/root/datasets/OfficialDataset/Masqurading/masquerading/training/frequent/20161021132756/20160826144244.slave_masquerading_ObjectSpoofCounterFuzz/20160826144244.slave_masquerading_ObjectSpoofCounterFuzz.attacker.pcap</attack_cap><start>2016-08-26 14:42:44.438015</start><finish>2016-08-26 14:43:48.560141</finish><attack>slave_masquerading_ObjectSpoofCounterFuzz</attack><local_dir>/root/datasets/OfficialDataset/Masqurading/masquerading/training/frequent/20161021132756/20160826144244.slave_masquerading_ObjectSpoofCounterFuzz</local_dir><first>5708</first><last>22952</last><range pcap="attacker"><first>18755</first><offset>24463</offset><last>24972</last></range><range pcap="slave"><first>25266</first><offset>33266</offset><last>33495</last></range><range pcap="master"><first>25186</first><offset>33182</offset><last>33690</last></range></profile>