<profile><master_cap>/root/datasets/OfficialDataset/MITM/MITM/training/frequent/20161021140907/20160923231131.MITM_modification_BinaryStatus/20160923231131.MITM_modification_BinaryStatus.master.pcap</master_cap><slave_cap>/root/datasets/OfficialDataset/MITM/MITM/training/frequent/20161021140907/20160923231131.MITM_modification_BinaryStatus/20160923231131.MITM_modification_BinaryStatus.slave.pcap</slave_cap><attack_cap>/root/datasets/OfficialDataset/MITM/MITM/training/frequent/20161021140907/20160923231131.MITM_modification_BinaryStatus/20160923231131.MITM_modification_BinaryStatus.attacker.pcap</attack_cap><start>2016-09-23 23:11:31.754238</start><finish>2016-09-23 23:12:23.721858</finish><attack>MITM_modification_BinaryStatus</attack><local_dir>/root/datasets/OfficialDataset/MITM/MITM/training/frequent/20161021140907/20160923231131.MITM_modification_BinaryStatus</local_dir><first>5830</first><last>23331</last><range pcap="attacker"><first>76414</first><offset>82244</offset><last>82655</last></range><range pcap="slave"><first>345810</first><offset>354038</offset><last>354350</last></range><range pcap="master"><first>345822</first><offset>354048</offset><last>354370</last></range></profile>