<profile><master_cap>/root/datasets/OfficialDataset/Masqurading/masquerading/training/frequent/20161021132756/20160826234008.slave_masquerading_ObjectSpoofCounter/20160826234008.slave_masquerading_ObjectSpoofCounter.master.pcap</master_cap><slave_cap>/root/datasets/OfficialDataset/Masqurading/masquerading/training/frequent/20161021132756/20160826234008.slave_masquerading_ObjectSpoofCounter/20160826234008.slave_masquerading_ObjectSpoofCounter.slave.pcap</slave_cap><attack_cap>/root/datasets/OfficialDataset/Masqurading/masquerading/training/frequent/20161021132756/20160826234008.slave_masquerading_ObjectSpoofCounter/20160826234008.slave_masquerading_ObjectSpoofCounter.attacker.pcap</attack_cap><start>2016-08-26 23:40:08.511849</start><finish>2016-08-26 23:41:09.453153</finish><attack>slave_masquerading_ObjectSpoofCounter</attack><local_dir>/root/datasets/OfficialDataset/Masqurading/masquerading/training/frequent/20161021132756/20160826234008.slave_masquerading_ObjectSpoofCounter</local_dir><first>2143</first><last>9053</last><range pcap="attacker"><first>142165</first><offset>144308</offset><last>144703</last></range><range pcap="slave"><first>186912</first><offset>189859</offset><last>190090</last></range><range pcap="master"><first>192994</first><offset>195936</offset><last>196329</last></range></profile>