<profile><master_cap>/root/datasets/OfficialDataset/Replay/replay/training/frequent/20161021142021/20160729052321.injection_replay_updaterAck/20160729052321.injection_replay_updaterAck.master.pcap</master_cap><slave_cap>/root/datasets/OfficialDataset/Replay/replay/training/frequent/20161021142021/20160729052321.injection_replay_updaterAck/20160729052321.injection_replay_updaterAck.slave.pcap</slave_cap><attack_cap>/root/datasets/OfficialDataset/Replay/replay/training/frequent/20161021142021/20160729052321.injection_replay_updaterAck/20160729052321.injection_replay_updaterAck.attacker.pcap</attack_cap><start>2016-07-29 05:23:21.794812</start><finish>2016-07-29 05:23:30.707610</finish><attack>injection_replay_updaterAck</attack><local_dir>/root/datasets/OfficialDataset/Replay/replay/training/frequent/20161021142021/20160729052321.injection_replay_updaterAck</local_dir><first>6239</first><last>24420</last><range pcap="attacker"><first>165822</first><offset>172061</offset><last>172111</last></range><range pcap="slave"><first>1236348</first><offset>1245207</offset><last>1245411</last></range><range pcap="master"><first>1235420</first><offset>1244279</offset><last>1244486</last></range></profile>