<profile><master_cap>/root/datasets/OfficialDataset/Flooding/flooding/training/frequent/20161021130706/20160830231825.slave_masquerading_flooding/20160830231825.slave_masquerading_flooding.master.pcap</master_cap><slave_cap>/root/datasets/OfficialDataset/Flooding/flooding/training/frequent/20161021130706/20160830231825.slave_masquerading_flooding/20160830231825.slave_masquerading_flooding.slave.pcap</slave_cap><attack_cap>/root/datasets/OfficialDataset/Flooding/flooding/training/frequent/20161021130706/20160830231825.slave_masquerading_flooding/20160830231825.slave_masquerading_flooding.attacker.pcap</attack_cap><start>2016-08-30 23:18:25.987394</start><finish>2016-08-30 23:18:56.161893</finish><attack>slave_masquerading_flooding</attack><local_dir>/root/datasets/OfficialDataset/Flooding/flooding/training/frequent/20161021130706/20160830231825.slave_masquerading_flooding</local_dir><first>5662</first><last>26029</last><range pcap="attacker"><first>126577</first><offset>132239</offset><last>134400</last></range><range pcap="slave"><first>160783</first><offset>168752</offset><last>168862</last></range><range pcap="master"><first>160847</first><offset>168812</offset><last>170972</last></range></profile>