<profile><master_cap>/root/datasets/OfficialDataset/MITM/MITM/training/frequent/20161021140907/20160924100205.MITM_modification_BinaryInputDataDelete/20160924100205.MITM_modification_BinaryInputDataDelete.master.pcap</master_cap><slave_cap>/root/datasets/OfficialDataset/MITM/MITM/training/frequent/20161021140907/20160924100205.MITM_modification_BinaryInputDataDelete/20160924100205.MITM_modification_BinaryInputDataDelete.slave.pcap</slave_cap><attack_cap>/root/datasets/OfficialDataset/MITM/MITM/training/frequent/20161021140907/20160924100205.MITM_modification_BinaryInputDataDelete/20160924100205.MITM_modification_BinaryInputDataDelete.attacker.pcap</attack_cap><start>2016-09-24 10:02:05.804521</start><finish>2016-09-24 10:02:54.452525</finish><attack>MITM_modification_BinaryInputDataDelete</attack><local_dir>/root/datasets/OfficialDataset/MITM/MITM/training/frequent/20161021140907/20160924100205.MITM_modification_BinaryInputDataDelete</local_dir><first>3728</first><last>15137</last><range pcap="attacker"><first>219633</first><offset>223361</offset><last>223748</last></range><range pcap="slave"><first>908004</first><offset>913220</offset><last>913513</last></range><range pcap="master"><first>908011</first><offset>913225</offset><last>913522</last></range></profile>