<profile><master_cap>/root/datasets/OfficialDataset/Replay/replay/training/frequent/20161021142021/20160729085041.master_replay_flooding/20160729085041.master_replay_flooding.master.pcap</master_cap><slave_cap>/root/datasets/OfficialDataset/Replay/replay/training/frequent/20161021142021/20160729085041.master_replay_flooding/20160729085041.master_replay_flooding.slave.pcap</slave_cap><attack_cap>/root/datasets/OfficialDataset/Replay/replay/training/frequent/20161021142021/20160729085041.master_replay_flooding/20160729085041.master_replay_flooding.attacker.pcap</attack_cap><start>2016-07-29 08:50:41.068248</start><finish>2016-07-29 08:51:00.200780</finish><attack>master_replay_flooding</attack><local_dir>/root/datasets/OfficialDataset/Replay/replay/training/frequent/20161021142021/20160729085041.master_replay_flooding</local_dir><first>4487</first><last>17383</last><range pcap="attacker"><first>210754</first><offset>215241</offset><last>215328</last></range><range pcap="slave"><first>1817804</first><offset>1824091</offset><last>1824219</last></range><range pcap="master"><first>1816705</first><offset>1822991</offset><last>1823097</last></range></profile>