<profile><master_cap>/root/datasets/OfficialDataset/MITM/MITM/training/infrequent/20161021135759/20160922232537.MITM_modification_BinaryStatus/20160922232537.MITM_modification_BinaryStatus.master.pcap</master_cap><slave_cap>/root/datasets/OfficialDataset/MITM/MITM/training/infrequent/20161021135759/20160922232537.MITM_modification_BinaryStatus/20160922232537.MITM_modification_BinaryStatus.slave.pcap</slave_cap><attack_cap>/root/datasets/OfficialDataset/MITM/MITM/training/infrequent/20161021135759/20160922232537.MITM_modification_BinaryStatus/20160922232537.MITM_modification_BinaryStatus.attacker.pcap</attack_cap><start>2016-09-22 23:25:37.701296</start><finish>2016-09-22 23:26:21.145381</finish><attack>MITM_modification_BinaryStatus</attack><local_dir>/root/datasets/OfficialDataset/MITM/MITM/training/infrequent/20161021135759/20160922232537.MITM_modification_BinaryStatus</local_dir><first>36609</first><last>140470</last><range pcap="attacker"><first>28647</first><offset>65256</offset><last>65612</last></range><range pcap="slave"><first>39466</first><offset>90940</offset><last>91215</last></range><range pcap="master"><first>39452</first><offset>90926</offset><last>91206</last></range></profile>