<profile><master_cap>/root/datasets/OfficialDataset/Masqurading/masquerading/training/frequent/20161021132756/20160827034911.slave_masquerading/20160827034911.slave_masquerading.master.pcap</master_cap><slave_cap>/root/datasets/OfficialDataset/Masqurading/masquerading/training/frequent/20161021132756/20160827034911.slave_masquerading/20160827034911.slave_masquerading.slave.pcap</slave_cap><attack_cap>/root/datasets/OfficialDataset/Masqurading/masquerading/training/frequent/20161021132756/20160827034911.slave_masquerading/20160827034911.slave_masquerading.attacker.pcap</attack_cap><start>2016-08-27 03:49:11.912505</start><finish>2016-08-27 03:50:18.316578</finish><attack>slave_masquerading</attack><local_dir>/root/datasets/OfficialDataset/Masqurading/masquerading/training/frequent/20161021132756/20160827034911.slave_masquerading</local_dir><first>5894</first><last>23652</last><range pcap="attacker"><first>196209</first><offset>202103</offset><last>202532</last></range><range pcap="slave"><first>253359</first><offset>261677</offset><last>261942</last></range><range pcap="master"><first>265386</first><offset>273700</offset><last>274130</last></range></profile>