<profile><master_cap>/root/datasets/OfficialDataset/Replay/replay/training/frequent/20161021142021/20160729012958.injection_replay_updaterAck/20160729012958.injection_replay_updaterAck.master.pcap</master_cap><slave_cap>/root/datasets/OfficialDataset/Replay/replay/training/frequent/20161021142021/20160729012958.injection_replay_updaterAck/20160729012958.injection_replay_updaterAck.slave.pcap</slave_cap><attack_cap>/root/datasets/OfficialDataset/Replay/replay/training/frequent/20161021142021/20160729012958.injection_replay_updaterAck/20160729012958.injection_replay_updaterAck.attacker.pcap</attack_cap><start>2016-07-29 01:29:58.157955</start><finish>2016-07-29 01:30:05.403780</finish><attack>injection_replay_updaterAck</attack><local_dir>/root/datasets/OfficialDataset/Replay/replay/training/frequent/20161021142021/20160729012958.injection_replay_updaterAck</local_dir><first>6344</first><last>24371</last><range pcap="attacker"><first>115837</first><offset>122181</offset><last>122206</last></range><range pcap="slave"><first>650497</first><offset>659344</offset><last>659492</last></range><range pcap="master"><first>649854</first><offset>658701</offset><last>658859</last></range></profile>