<profile><master_cap>/root/datasets/OfficialDataset/Attacks/attacks/training/frequent/20161021143503/20161011103637.MITM_modification_ImmedFreezeNR/20161011103637.MITM_modification_ImmedFreezeNR.master.pcap</master_cap><slave_cap>/root/datasets/OfficialDataset/Attacks/attacks/training/frequent/20161021143503/20161011103637.MITM_modification_ImmedFreezeNR/20161011103637.MITM_modification_ImmedFreezeNR.slave.pcap</slave_cap><attack_cap>/root/datasets/OfficialDataset/Attacks/attacks/training/frequent/20161021143503/20161011103637.MITM_modification_ImmedFreezeNR/20161011103637.MITM_modification_ImmedFreezeNR.attacker.pcap</attack_cap><start>2016-10-11 10:36:37.466996</start><finish>2016-10-11 10:37:07.830040</finish><attack>MITM_modification_ImmedFreezeNR</attack><local_dir>/root/datasets/OfficialDataset/Attacks/attacks/training/frequent/20161021143503/20161011103637.MITM_modification_ImmedFreezeNR</local_dir><first>5370</first><last>21101</last><range pcap="attacker"><first>224545</first><offset>229915</offset><last>230144</last></range><range pcap="slave"><first>606256</first><offset>613812</offset><last>614005</last></range><range pcap="master"><first>599967</first><offset>607523</offset><last>607718</last></range></profile>