<profile><master_cap>/root/datasets/OfficialDataset/Replay/replay/training/frequent/20161021142021/20160729123719.master_hijacking_replay/20160729123719.master_hijacking_replay.master.pcap</master_cap><slave_cap>/root/datasets/OfficialDataset/Replay/replay/training/frequent/20161021142021/20160729123719.master_hijacking_replay/20160729123719.master_hijacking_replay.slave.pcap</slave_cap><attack_cap>/root/datasets/OfficialDataset/Replay/replay/training/frequent/20161021142021/20160729123719.master_hijacking_replay/20160729123719.master_hijacking_replay.attacker.pcap</attack_cap><start>2016-07-29 12:37:19.937507</start><finish>2016-07-29 12:38:37.691483</finish><attack>master_hijacking_replay</attack><local_dir>/root/datasets/OfficialDataset/Replay/replay/training/frequent/20161021142021/20160729123719.master_hijacking_replay</local_dir><first>4093</first><last>16611</last><range pcap="attacker"><first>259303</first><offset>263396</offset><last>263729</last></range><range pcap="slave"><first>2262059</first><offset>2267726</offset><last>2268186</last></range><range pcap="master"><first>2260557</first><offset>2266216</offset><last>2266613</last></range></profile>