<profile><master_cap>/root/datasets/OfficialDataset/Attacks/attacks/training/frequent/20161021143503/20161011141208.injection_push/20161011141208.injection_push.master.pcap</master_cap><slave_cap>/root/datasets/OfficialDataset/Attacks/attacks/training/frequent/20161021143503/20161011141208.injection_push/20161011141208.injection_push.slave.pcap</slave_cap><attack_cap>/root/datasets/OfficialDataset/Attacks/attacks/training/frequent/20161021143503/20161011141208.injection_push/20161011141208.injection_push.attacker.pcap</attack_cap><start>2016-10-11 14:12:08.646406</start><finish>2016-10-11 14:12:34.725040</finish><attack>injection_push</attack><local_dir>/root/datasets/OfficialDataset/Attacks/attacks/training/frequent/20161021143503/20161011141208.injection_push</local_dir><first>5983</first><last>23459</last><range pcap="attacker"><first>270259</first><offset>276242</offset><last>276359</last></range><range pcap="slave"><first>848375</first><offset>856797</offset><last>857051</last></range><range pcap="master"><first>841917</first><offset>850337</offset><last>850598</last></range></profile>