<profile><master_cap>/root/datasets/OfficialDataset/MITM/MITM/training/frequent/20161021140907/20160923180125.MITM_modification_BinaryInputPointInsert/20160923180125.MITM_modification_BinaryInputPointInsert.master.pcap</master_cap><slave_cap>/root/datasets/OfficialDataset/MITM/MITM/training/frequent/20161021140907/20160923180125.MITM_modification_BinaryInputPointInsert/20160923180125.MITM_modification_BinaryInputPointInsert.slave.pcap</slave_cap><attack_cap>/root/datasets/OfficialDataset/MITM/MITM/training/frequent/20161021140907/20160923180125.MITM_modification_BinaryInputPointInsert/20160923180125.MITM_modification_BinaryInputPointInsert.attacker.pcap</attack_cap><start>2016-09-23 18:01:25.196207</start><finish>2016-09-23 18:02:13.920833</finish><attack>MITM_modification_BinaryInputPointInsert</attack><local_dir>/root/datasets/OfficialDataset/MITM/MITM/training/frequent/20161021140907/20160923180125.MITM_modification_BinaryInputPointInsert</local_dir><first>4005</first><last>44640</last><range pcap="attacker"><first>10643</first><offset>14648</offset><last>15004</last></range><range pcap="slave"><first>13867</first><offset>19511</offset><last>33997</last></range><range pcap="master"><first>13872</first><offset>19516</offset><last>34019</last></range></profile>