<profile><master_cap>/root/datasets/OfficialDataset/Flooding/flooding/training/infrequent/20161021130632/20160829205022.slave_masquerading_flooding/20160829205022.slave_masquerading_flooding.master.pcap</master_cap><slave_cap>/root/datasets/OfficialDataset/Flooding/flooding/training/infrequent/20161021130632/20160829205022.slave_masquerading_flooding/20160829205022.slave_masquerading_flooding.slave.pcap</slave_cap><attack_cap>/root/datasets/OfficialDataset/Flooding/flooding/training/infrequent/20161021130632/20160829205022.slave_masquerading_flooding/20160829205022.slave_masquerading_flooding.attacker.pcap</attack_cap><start>2016-08-29 20:50:22.461806</start><finish>2016-08-29 20:50:48.263564</finish><attack>slave_masquerading_flooding</attack><local_dir>/root/datasets/OfficialDataset/Flooding/flooding/training/infrequent/20161021130632/20160829205022.slave_masquerading_flooding</local_dir><first>23125</first><last>91874</last><range pcap="attacker"><first>30698</first><offset>53823</offset><last>55593</last></range><range pcap="slave"><first>42744</first><offset>75294</offset><last>75393</last></range><range pcap="master"><first>42704</first><offset>75256</offset><last>77032</last></range></profile>