<profile><master_cap>/root/datasets/OfficialDataset/Attacks/attacks/training/frequent/20161021143503/20161011100904.MITM_modification_CounterStatus/20161011100904.MITM_modification_CounterStatus.master.pcap</master_cap><slave_cap>/root/datasets/OfficialDataset/Attacks/attacks/training/frequent/20161021143503/20161011100904.MITM_modification_CounterStatus/20161011100904.MITM_modification_CounterStatus.slave.pcap</slave_cap><attack_cap>/root/datasets/OfficialDataset/Attacks/attacks/training/frequent/20161021143503/20161011100904.MITM_modification_CounterStatus/20161011100904.MITM_modification_CounterStatus.attacker.pcap</attack_cap><start>2016-10-11 10:09:04.217002</start><finish>2016-10-11 10:10:21.366699</finish><attack>MITM_modification_CounterStatus</attack><local_dir>/root/datasets/OfficialDataset/Attacks/attacks/training/frequent/20161021143503/20161011100904.MITM_modification_CounterStatus</local_dir><first>3900</first><last>42170</last><range pcap="attacker"><first>220020</first><offset>223920</offset><last>224544</last></range><range pcap="slave"><first>587441</first><offset>605783</offset><last>606255</last></range><range pcap="master"><first>581136</first><offset>599478</offset><last>599966</last></range></profile>