<profile><master_cap>/root/datasets/OfficialDataset/Replay/replay/training/frequent/20161021142021/20160728220638.injection_replay_updaterAck/20160728220638.injection_replay_updaterAck.master.pcap</master_cap><slave_cap>/root/datasets/OfficialDataset/Replay/replay/training/frequent/20161021142021/20160728220638.injection_replay_updaterAck/20160728220638.injection_replay_updaterAck.slave.pcap</slave_cap><attack_cap>/root/datasets/OfficialDataset/Replay/replay/training/frequent/20161021142021/20160728220638.injection_replay_updaterAck/20160728220638.injection_replay_updaterAck.attacker.pcap</attack_cap><start>2016-07-28 22:06:38.090967</start><finish>2016-07-28 22:06:43.679683</finish><attack>injection_replay_updaterAck</attack><local_dir>/root/datasets/OfficialDataset/Replay/replay/training/frequent/20161021142021/20160728220638.injection_replay_updaterAck</local_dir><first>5769</first><last>369702</last><range pcap="attacker"><first>73327</first><offset>79096</offset><last>79112</last></range><range pcap="slave"><first>336335</first><offset>518163</offset><last>518307</last></range><range pcap="master"><first>335889</first><offset>517687</offset><last>517832</last></range></profile>