<profile><master_cap>/root/datasets/OfficialDataset/Attacks/attacks/training/frequent/20161021143503/20161011013851.master_hijacking_replay_flooding/20161011013851.master_hijacking_replay_flooding.master.pcap</master_cap><slave_cap>/root/datasets/OfficialDataset/Attacks/attacks/training/frequent/20161021143503/20161011013851.master_hijacking_replay_flooding/20161011013851.master_hijacking_replay_flooding.slave.pcap</slave_cap><attack_cap>/root/datasets/OfficialDataset/Attacks/attacks/training/frequent/20161021143503/20161011013851.master_hijacking_replay_flooding/20161011013851.master_hijacking_replay_flooding.attacker.pcap</attack_cap><start>2016-10-11 01:38:51.932115</start><finish>2016-10-11 01:40:04.080838</finish><attack>master_hijacking_replay_flooding</attack><local_dir>/root/datasets/OfficialDataset/Attacks/attacks/training/frequent/20161021143503/20161011013851.master_hijacking_replay_flooding</local_dir><first>3857</first><last>15479</last><range pcap="attacker"><first>106301</first><offset>110158</offset><last>110405</last></range><range pcap="slave"><first>292757</first><offset>298096</offset><last>298454</last></range><range pcap="master"><first>283124</first><offset>288463</offset><last>288800</last></range></profile>