<profile><master_cap>/root/datasets/OfficialDataset/Flooding/flooding/training/frequent/20161021130706/20160830155004.master_flooding/20160830155004.master_flooding.master.pcap</master_cap><slave_cap>/root/datasets/OfficialDataset/Flooding/flooding/training/frequent/20161021130706/20160830155004.master_flooding/20160830155004.master_flooding.slave.pcap</slave_cap><attack_cap>/root/datasets/OfficialDataset/Flooding/flooding/training/frequent/20161021130706/20160830155004.master_flooding/20160830155004.master_flooding.attacker.pcap</attack_cap><start>2016-08-30 15:50:04.039528</start><finish>2016-08-30 15:51:17.159323</finish><attack>master_flooding</attack><local_dir>/root/datasets/OfficialDataset/Flooding/flooding/training/frequent/20161021130706/20160830155004.master_flooding</local_dir><first>2485</first><last>11698</last><range pcap="attacker"><first>22050</first><offset>24535</offset><last>25393</last></range><range pcap="slave"><first>27018</first><offset>30527</offset><last>31497</last></range><range pcap="master"><first>27926</first><offset>31429</offset><last>31800</last></range></profile>