<profile><master_cap>/root/datasets/OfficialDataset/Attacks/attacks/training/infrequent/20161021143435/20161004223038.MITM_modification_BinaryInputPointInsert/20161004223038.MITM_modification_BinaryInputPointInsert.master.pcap</master_cap><slave_cap>/root/datasets/OfficialDataset/Attacks/attacks/training/infrequent/20161021143435/20161004223038.MITM_modification_BinaryInputPointInsert/20161004223038.MITM_modification_BinaryInputPointInsert.slave.pcap</slave_cap><attack_cap>/root/datasets/OfficialDataset/Attacks/attacks/training/infrequent/20161021143435/20161004223038.MITM_modification_BinaryInputPointInsert/20161004223038.MITM_modification_BinaryInputPointInsert.attacker.pcap</attack_cap><start>2016-10-04 22:30:38.636689</start><finish>2016-10-04 22:31:48.198590</finish><attack>MITM_modification_BinaryInputPointInsert</attack><local_dir>/root/datasets/OfficialDataset/Attacks/attacks/training/infrequent/20161021143435/20161004223038.MITM_modification_BinaryInputPointInsert</local_dir><first>32822</first><last>148778</last><range pcap="attacker"><first>24198</first><offset>57020</offset><last>57557</last></range><range pcap="slave"><first>33569</first><offset>79443</offset><last>91271</last></range><range pcap="master"><first>33532</first><offset>79406</offset><last>91247</last></range></profile>