<profile><master_cap>/root/datasets/OfficialDataset/Flooding/flooding/training/infrequent/20161021130632/20160830072022.master_flooding_time/20160830072022.master_flooding_time.master.pcap</master_cap><slave_cap>/root/datasets/OfficialDataset/Flooding/flooding/training/infrequent/20161021130632/20160830072022.master_flooding_time/20160830072022.master_flooding_time.slave.pcap</slave_cap><attack_cap>/root/datasets/OfficialDataset/Flooding/flooding/training/infrequent/20161021130632/20160830072022.master_flooding_time/20160830072022.master_flooding_time.attacker.pcap</attack_cap><start>2016-08-30 07:20:22.870751</start><finish>2016-08-30 07:21:27.077192</finish><attack>master_flooding_time</attack><local_dir>/root/datasets/OfficialDataset/Flooding/flooding/training/infrequent/20161021130632/20160830072022.master_flooding_time</local_dir><first>28731</first><last>111327</last><range pcap="attacker"><first>165454</first><offset>194185</offset><last>194963</last></range><range pcap="slave"><first>221688</first><offset>262001</offset><last>262874</last></range><range pcap="master"><first>224118</first><offset>264421</offset><last>264748</last></range></profile>