<profile><master_cap>/root/datasets/OfficialDataset/Flooding/flooding/training/frequent/20161021130706/20160831025346.slave_masquerading_flooding/20160831025346.slave_masquerading_flooding.master.pcap</master_cap><slave_cap>/root/datasets/OfficialDataset/Flooding/flooding/training/frequent/20161021130706/20160831025346.slave_masquerading_flooding/20160831025346.slave_masquerading_flooding.slave.pcap</slave_cap><attack_cap>/root/datasets/OfficialDataset/Flooding/flooding/training/frequent/20161021130706/20160831025346.slave_masquerading_flooding/20160831025346.slave_masquerading_flooding.attacker.pcap</attack_cap><start>2016-08-31 02:53:46.836610</start><finish>2016-08-31 02:54:18.124888</finish><attack>slave_masquerading_flooding</attack><local_dir>/root/datasets/OfficialDataset/Flooding/flooding/training/frequent/20161021130706/20160831025346.slave_masquerading_flooding</local_dir><first>4306</first><last>21315</last><range pcap="attacker"><first>187332</first><offset>191638</offset><last>194055</last></range><range pcap="slave"><first>229987</first><offset>236011</offset><last>236137</last></range><range pcap="master"><first>235368</first><offset>241392</offset><last>243808</last></range></profile>