<profile><master_cap>/root/datasets/OfficialDataset/Attacks/attacks/training/frequent/20161021143503/20161011094950.injection_replay_updaterAck/20161011094950.injection_replay_updaterAck.master.pcap</master_cap><slave_cap>/root/datasets/OfficialDataset/Attacks/attacks/training/frequent/20161021143503/20161011094950.injection_replay_updaterAck/20161011094950.injection_replay_updaterAck.slave.pcap</slave_cap><attack_cap>/root/datasets/OfficialDataset/Attacks/attacks/training/frequent/20161021143503/20161011094950.injection_replay_updaterAck/20161011094950.injection_replay_updaterAck.attacker.pcap</attack_cap><start>2016-10-11 09:49:50.051951</start><finish>2016-10-11 09:49:52.116779</finish><attack>injection_replay_updaterAck</attack><local_dir>/root/datasets/OfficialDataset/Attacks/attacks/training/frequent/20161021143503/20161011094950.injection_replay_updaterAck</local_dir><first>2574</first><last>10039</last><range pcap="attacker"><first>217414</first><offset>219988</offset><last>220019</last></range><range pcap="slave"><first>583727</first><offset>587274</offset><last>587440</last></range><range pcap="master"><first>577416</first><offset>580966</offset><last>581135</last></range></profile>