<profile><master_cap>/root/datasets/OfficialDataset/Attacks/attacks/training/frequent/20161021143503/20161011072504.slave_masquerading_ObjectSpoofBinaryFuzz/20161011072504.slave_masquerading_ObjectSpoofBinaryFuzz.master.pcap</master_cap><slave_cap>/root/datasets/OfficialDataset/Attacks/attacks/training/frequent/20161021143503/20161011072504.slave_masquerading_ObjectSpoofBinaryFuzz/20161011072504.slave_masquerading_ObjectSpoofBinaryFuzz.slave.pcap</slave_cap><attack_cap>/root/datasets/OfficialDataset/Attacks/attacks/training/frequent/20161021143503/20161011072504.slave_masquerading_ObjectSpoofBinaryFuzz/20161011072504.slave_masquerading_ObjectSpoofBinaryFuzz.attacker.pcap</attack_cap><start>2016-10-11 07:25:04.246086</start><finish>2016-10-11 07:26:04.647594</finish><attack>slave_masquerading_ObjectSpoofBinaryFuzz</attack><local_dir>/root/datasets/OfficialDataset/Attacks/attacks/training/frequent/20161021143503/20161011072504.slave_masquerading_ObjectSpoofBinaryFuzz</local_dir><first>5712</first><last>22965</last><range pcap="attacker"><first>182829</first><offset>188541</offset><last>189038</last></range><range pcap="slave"><first>450065</first><offset>458098</offset><last>458305</last></range><range pcap="master"><first>443459</first><offset>451490</offset><last>451973</last></range></profile>