<profile><master_cap>/root/datasets/OfficialDataset/Attacks/attacks/training/frequent/20161021143503/20161010222117.master_masquerading/20161010222117.master_masquerading.master.pcap</master_cap><slave_cap>/root/datasets/OfficialDataset/Attacks/attacks/training/frequent/20161021143503/20161010222117.master_masquerading/20161010222117.master_masquerading.slave.pcap</slave_cap><attack_cap>/root/datasets/OfficialDataset/Attacks/attacks/training/frequent/20161021143503/20161010222117.master_masquerading/20161010222117.master_masquerading.attacker.pcap</attack_cap><start>2016-10-10 22:21:17.102466</start><finish>2016-10-10 22:22:24.238820</finish><attack>master_masquerading</attack><local_dir>/root/datasets/OfficialDataset/Attacks/attacks/training/frequent/20161021143503/20161010222117.master_masquerading</local_dir><first>3261</first><last>13408</last><range pcap="attacker"><first>63302</first><offset>66563</offset><last>66862</last></range><range pcap="slave"><first>227659</first><offset>232216</offset><last>232615</last></range><range pcap="master"><first>219177</first><offset>223734</offset><last>224067</last></range></profile>