<profile><master_cap>/root/datasets/OfficialDataset/Replay/replay/training/frequent/20161021142021/20160729111755.master_replay/20160729111755.master_replay.master.pcap</master_cap><slave_cap>/root/datasets/OfficialDataset/Replay/replay/training/frequent/20161021142021/20160729111755.master_replay/20160729111755.master_replay.slave.pcap</slave_cap><attack_cap>/root/datasets/OfficialDataset/Replay/replay/training/frequent/20161021142021/20160729111755.master_replay/20160729111755.master_replay.attacker.pcap</attack_cap><start>2016-07-29 11:17:55.040020</start><finish>2016-07-29 11:18:44.961151</finish><attack>master_replay</attack><local_dir>/root/datasets/OfficialDataset/Replay/replay/training/frequent/20161021142021/20160729111755.master_replay</local_dir><first>6243</first><last>36180</last><range pcap="attacker"><first>240257</first><offset>246500</offset><last>246739</last></range><range pcap="slave"><first>2094973</first><offset>2109532</offset><last>2109854</last></range><range pcap="master"><first>2093684</first><offset>2108244</offset><last>2108499</last></range></profile>