<profile><master_cap>/root/datasets/OfficialDataset/Flooding/flooding/training/frequent/20161021130706/20160831041457.master_flooding_freeze/20160831041457.master_flooding_freeze.master.pcap</master_cap><slave_cap>/root/datasets/OfficialDataset/Flooding/flooding/training/frequent/20161021130706/20160831041457.master_flooding_freeze/20160831041457.master_flooding_freeze.slave.pcap</slave_cap><attack_cap>/root/datasets/OfficialDataset/Flooding/flooding/training/frequent/20161021130706/20160831041457.master_flooding_freeze/20160831041457.master_flooding_freeze.attacker.pcap</attack_cap><start>2016-08-31 04:14:57.305343</start><finish>2016-08-31 04:16:10.586970</finish><attack>master_flooding_freeze</attack><local_dir>/root/datasets/OfficialDataset/Flooding/flooding/training/frequent/20161021130706/20160831041457.master_flooding_freeze</local_dir><first>6319</first><last>32792</last><range pcap="attacker"><first>205249</first><offset>211568</offset><last>215767</last></range><range pcap="slave"><first>251555</first><offset>260352</offset><last>264662</last></range><range pcap="master"><first>258584</first><offset>267379</offset><last>267749</last></range></profile>