<profile><master_cap>/root/datasets/OfficialDataset/MITM/MITM/training/frequent/20161021140907/20160924101546.MITM_modification_BinaryInputPointInsert/20160924101546.MITM_modification_BinaryInputPointInsert.master.pcap</master_cap><slave_cap>/root/datasets/OfficialDataset/MITM/MITM/training/frequent/20161021140907/20160924101546.MITM_modification_BinaryInputPointInsert/20160924101546.MITM_modification_BinaryInputPointInsert.slave.pcap</slave_cap><attack_cap>/root/datasets/OfficialDataset/MITM/MITM/training/frequent/20161021140907/20160924101546.MITM_modification_BinaryInputPointInsert/20160924101546.MITM_modification_BinaryInputPointInsert.attacker.pcap</attack_cap><start>2016-09-24 10:15:46.545480</start><finish>2016-09-24 10:16:31.964378</finish><attack>MITM_modification_BinaryInputPointInsert</attack><local_dir>/root/datasets/OfficialDataset/MITM/MITM/training/frequent/20161021140907/20160924101546.MITM_modification_BinaryInputPointInsert</local_dir><first>2725</first><last>40315</last><range pcap="attacker"><first>223749</first><offset>226474</offset><last>226868</last></range><range pcap="slave"><first>913514</first><offset>917315</offset><last>932104</last></range><range pcap="master"><first>913523</first><offset>917324</offset><last>932127</last></range></profile>