<profile><master_cap>/root/datasets/OfficialDataset/Replay/replay/training/frequent/20161021142021/20160728232141.injection_replay/20160728232141.injection_replay.master.pcap</master_cap><slave_cap>/root/datasets/OfficialDataset/Replay/replay/training/frequent/20161021142021/20160728232141.injection_replay/20160728232141.injection_replay.slave.pcap</slave_cap><attack_cap>/root/datasets/OfficialDataset/Replay/replay/training/frequent/20161021142021/20160728232141.injection_replay/20160728232141.injection_replay.attacker.pcap</attack_cap><start>2016-07-28 23:21:41.508690</start><finish>2016-07-28 23:21:45.724581</finish><attack>injection_replay</attack><local_dir>/root/datasets/OfficialDataset/Replay/replay/training/frequent/20161021142021/20160728232141.injection_replay</local_dir><first>2193</first><last>100599</last><range pcap="attacker"><first>92739</first><offset>94932</offset><last>94956</last></range><range pcap="slave"><first>572160</first><offset>621317</offset><last>621350</last></range><range pcap="master"><first>571622</first><offset>620779</offset><last>620812</last></range></profile>