<profile><master_cap>/root/datasets/OfficialDataset/Attacks/attacks/training/frequent/20161021143503/20161011040609.MITM_modification_BinaryInputPointDelete/20161011040609.MITM_modification_BinaryInputPointDelete.master.pcap</master_cap><slave_cap>/root/datasets/OfficialDataset/Attacks/attacks/training/frequent/20161021143503/20161011040609.MITM_modification_BinaryInputPointDelete/20161011040609.MITM_modification_BinaryInputPointDelete.slave.pcap</slave_cap><attack_cap>/root/datasets/OfficialDataset/Attacks/attacks/training/frequent/20161021143503/20161011040609.MITM_modification_BinaryInputPointDelete/20161011040609.MITM_modification_BinaryInputPointDelete.attacker.pcap</attack_cap><start>2016-10-11 04:06:09.011108</start><finish>2016-10-11 04:07:23.393129</finish><attack>MITM_modification_BinaryInputPointDelete</attack><local_dir>/root/datasets/OfficialDataset/Attacks/attacks/training/frequent/20161021143503/20161011040609.MITM_modification_BinaryInputPointDelete</local_dir><first>2690</first><last>11701</last><range pcap="attacker"><first>141749</first><offset>144439</offset><last>145035</last></range><range pcap="slave"><first>337668</first><offset>341427</offset><last>341878</last></range><range pcap="master"><first>330508</first><offset>334245</offset><last>334711</last></range></profile>