<profile><master_cap>/root/datasets/OfficialDataset/Injection/injection/training/frequent/20161021132150/20160813220432.injection_replay_updaterAck/20160813220432.injection_replay_updaterAck.master.pcap</master_cap><slave_cap>/root/datasets/OfficialDataset/Injection/injection/training/frequent/20161021132150/20160813220432.injection_replay_updaterAck/20160813220432.injection_replay_updaterAck.slave.pcap</slave_cap><attack_cap>/root/datasets/OfficialDataset/Injection/injection/training/frequent/20161021132150/20160813220432.injection_replay_updaterAck/20160813220432.injection_replay_updaterAck.attacker.pcap</attack_cap><start>2016-08-13 22:04:32.995915</start><finish>2016-08-13 22:04:43.751834</finish><attack>injection_replay_updaterAck</attack><local_dir>/root/datasets/OfficialDataset/Injection/injection/training/frequent/20161021132150/20160813220432.injection_replay_updaterAck</local_dir><first>4396</first><last>17994</last><range pcap="attacker"><first>144376</first><offset>148772</offset><last>148812</last></range><range pcap="slave"><first>1653866</first><offset>1660041</offset><last>1660642</last></range><range pcap="master"><first>1653621</first><offset>1659796</offset><last>1660401</last></range></profile>