<profile><master_cap>/root/datasets/OfficialDataset/Injection/injection/training/frequent/20161021132150/20160814074126.injection_ColdRestart/20160814074126.injection_ColdRestart.master.pcap</master_cap><slave_cap>/root/datasets/OfficialDataset/Injection/injection/training/frequent/20161021132150/20160814074126.injection_ColdRestart/20160814074126.injection_ColdRestart.slave.pcap</slave_cap><attack_cap>/root/datasets/OfficialDataset/Injection/injection/training/frequent/20161021132150/20160814074126.injection_ColdRestart/20160814074126.injection_ColdRestart.attacker.pcap</attack_cap><start>2016-08-14 07:41:26.447561</start><finish>2016-08-14 07:42:38.858909</finish><attack>injection_ColdRestart</attack><local_dir>/root/datasets/OfficialDataset/Injection/injection/training/frequent/20161021132150/20160814074126.injection_ColdRestart</local_dir><first>3539</first><last>14427</last><range pcap="attacker"><first>264934</first><offset>268473</offset><last>268714</last></range><range pcap="slave"><first>2772565</first><offset>2777531</offset><last>2777889</last></range><range pcap="master"><first>2772149</first><offset>2777115</offset><last>2777470</last></range></profile>