<profile><master_cap>/root/datasets/OfficialDataset/Attacks/attacks/training/frequent/20161021143503/20161010191124.MITM_modification_BinaryStatus/20161010191124.MITM_modification_BinaryStatus.master.pcap</master_cap><slave_cap>/root/datasets/OfficialDataset/Attacks/attacks/training/frequent/20161021143503/20161010191124.MITM_modification_BinaryStatus/20161010191124.MITM_modification_BinaryStatus.slave.pcap</slave_cap><attack_cap>/root/datasets/OfficialDataset/Attacks/attacks/training/frequent/20161021143503/20161010191124.MITM_modification_BinaryStatus/20161010191124.MITM_modification_BinaryStatus.attacker.pcap</attack_cap><start>2016-10-10 19:11:24.309099</start><finish>2016-10-10 19:12:34.954922</finish><attack>MITM_modification_BinaryStatus</attack><local_dir>/root/datasets/OfficialDataset/Attacks/attacks/training/frequent/20161021143503/20161010191124.MITM_modification_BinaryStatus</local_dir><first>3129</first><last>13359</last><range pcap="attacker"><first>22386</first><offset>25515</offset><last>26104</last></range><range pcap="slave"><first>27223</first><offset>31611</offset><last>32044</last></range><range pcap="master"><first>18516</first><offset>22886</offset><last>23334</last></range></profile>