<profile><master_cap>/root/datasets/OfficialDataset/Masqurading/masquerading/training/frequent/20161021132756/20160827000534.slave_masquerading/20160827000534.slave_masquerading.master.pcap</master_cap><slave_cap>/root/datasets/OfficialDataset/Masqurading/masquerading/training/frequent/20161021132756/20160827000534.slave_masquerading/20160827000534.slave_masquerading.slave.pcap</slave_cap><attack_cap>/root/datasets/OfficialDataset/Masqurading/masquerading/training/frequent/20161021132756/20160827000534.slave_masquerading/20160827000534.slave_masquerading.attacker.pcap</attack_cap><start>2016-08-27 00:05:34.004604</start><finish>2016-08-27 00:05:52.335570</finish><attack>slave_masquerading</attack><local_dir>/root/datasets/OfficialDataset/Masqurading/masquerading/training/frequent/20161021132756/20160827000534.slave_masquerading</local_dir><first>2491</first><last>9878</last><range pcap="attacker"><first>147338</first><offset>149829</offset><last>149969</last></range><range pcap="slave"><first>193646</first><offset>197137</offset><last>197244</last></range><range pcap="master"><first>199955</first><offset>203450</offset><last>203602</last></range></profile>