<profile><master_cap>/root/datasets/OfficialDataset/Attacks/attacks/training/frequent/20161021143503/20161011130900.MITM_hijack_injection/20161011130900.MITM_hijack_injection.master.pcap</master_cap><slave_cap>/root/datasets/OfficialDataset/Attacks/attacks/training/frequent/20161021143503/20161011130900.MITM_hijack_injection/20161011130900.MITM_hijack_injection.slave.pcap</slave_cap><attack_cap>/root/datasets/OfficialDataset/Attacks/attacks/training/frequent/20161021143503/20161011130900.MITM_hijack_injection/20161011130900.MITM_hijack_injection.attacker.pcap</attack_cap><start>2016-10-11 13:09:00.876382</start><finish>2016-10-11 13:09:32.535283</finish><attack>MITM_hijack_injection</attack><local_dir>/root/datasets/OfficialDataset/Attacks/attacks/training/frequent/20161021143503/20161011130900.MITM_hijack_injection</local_dir><first>3346</first><last>13287</last><range pcap="attacker"><first>259245</first><offset>262591</offset><last>262852</last></range><range pcap="slave"><first>802812</first><offset>807432</offset><last>807657</last></range><range pcap="master"><first>796193</first><offset>800828</offset><last>801026</last></range></profile>