<profile><master_cap>/root/datasets/OfficialDataset/Attacks/attacks/training/infrequent/20161021143435/20161005021729.injection_WarmRestart/20161005021729.injection_WarmRestart.master.pcap</master_cap><slave_cap>/root/datasets/OfficialDataset/Attacks/attacks/training/infrequent/20161021143435/20161005021729.injection_WarmRestart/20161005021729.injection_WarmRestart.slave.pcap</slave_cap><attack_cap>/root/datasets/OfficialDataset/Attacks/attacks/training/infrequent/20161021143435/20161005021729.injection_WarmRestart/20161005021729.injection_WarmRestart.attacker.pcap</attack_cap><start>2016-10-05 02:17:29.536154</start><finish>2016-10-05 02:17:55.328854</finish><attack>injection_WarmRestart</attack><local_dir>/root/datasets/OfficialDataset/Attacks/attacks/training/infrequent/20161021143435/20161005021729.injection_WarmRestart</local_dir><first>16334</first><last>62478</last><range pcap="attacker"><first>90408</first><offset>106742</offset><last>106849</last></range><range pcap="slave"><first>134740</first><offset>157497</offset><last>157752</last></range><range pcap="master"><first>136442</first><offset>159216</offset><last>159465</last></range></profile>