<profile><master_cap>/root/datasets/OfficialDataset/Masqurading/masquerading/training/frequent/20161021132756/20160826135712.master_hijacking_masquerading/20160826135712.master_hijacking_masquerading.master.pcap</master_cap><slave_cap>/root/datasets/OfficialDataset/Masqurading/masquerading/training/frequent/20161021132756/20160826135712.master_hijacking_masquerading/20160826135712.master_hijacking_masquerading.slave.pcap</slave_cap><attack_cap>/root/datasets/OfficialDataset/Masqurading/masquerading/training/frequent/20161021132756/20160826135712.master_hijacking_masquerading/20160826135712.master_hijacking_masquerading.attacker.pcap</attack_cap><start>2016-08-26 13:57:12.397516</start><finish>2016-08-26 13:59:48.431622</finish><attack>master_hijacking_masquerading</attack><local_dir>/root/datasets/OfficialDataset/Masqurading/masquerading/training/frequent/20161021132756/20160826135712.master_hijacking_masquerading</local_dir><first>4040</first><last>17844</last><range pcap="attacker"><first>10580</first><offset>14620</offset><last>15392</last></range><range pcap="slave"><first>13985</first><offset>19619</offset><last>20611</last></range><range pcap="master"><first>14252</first><offset>19887</offset><last>20656</last></range></profile>