<profile><master_cap>/root/datasets/OfficialDataset/MITM/MITM/training/infrequent/20161021135759/20160923055757.MITM_modification_BinaryInputPointInsert/20160923055757.MITM_modification_BinaryInputPointInsert.master.pcap</master_cap><slave_cap>/root/datasets/OfficialDataset/MITM/MITM/training/infrequent/20161021135759/20160923055757.MITM_modification_BinaryInputPointInsert/20160923055757.MITM_modification_BinaryInputPointInsert.slave.pcap</slave_cap><attack_cap>/root/datasets/OfficialDataset/MITM/MITM/training/infrequent/20161021135759/20160923055757.MITM_modification_BinaryInputPointInsert/20160923055757.MITM_modification_BinaryInputPointInsert.attacker.pcap</attack_cap><start>2016-09-23 05:57:57.723781</start><finish>2016-09-23 05:58:51.938568</finish><attack>MITM_modification_BinaryInputPointInsert</attack><local_dir>/root/datasets/OfficialDataset/MITM/MITM/training/infrequent/20161021135759/20160923055757.MITM_modification_BinaryInputPointInsert</local_dir><first>35570</first><last>158523</last><range pcap="attacker"><first>111601</first><offset>147171</offset><last>147586</last></range><range pcap="slave"><first>261490</first><offset>311462</offset><last>322754</last></range><range pcap="master"><first>261412</first><offset>311383</offset><last>322684</last></range></profile>