<profile><master_cap>/root/datasets/OfficialDataset/Flooding/flooding/training/frequent/20161021130706/20160830143125.slave_masquerading_flooding/20160830143125.slave_masquerading_flooding.master.pcap</master_cap><slave_cap>/root/datasets/OfficialDataset/Flooding/flooding/training/frequent/20161021130706/20160830143125.slave_masquerading_flooding/20160830143125.slave_masquerading_flooding.slave.pcap</slave_cap><attack_cap>/root/datasets/OfficialDataset/Flooding/flooding/training/frequent/20161021130706/20160830143125.slave_masquerading_flooding/20160830143125.slave_masquerading_flooding.attacker.pcap</attack_cap><start>2016-08-30 14:31:25.218929</start><finish>2016-08-30 14:31:35.413841</finish><attack>slave_masquerading_flooding</attack><local_dir>/root/datasets/OfficialDataset/Flooding/flooding/training/frequent/20161021130706/20160830143125.slave_masquerading_flooding</local_dir><first>4362</first><last>16754</last><range pcap="attacker"><first>601</first><offset>4963</offset><last>5027</last></range><range pcap="slave"><first>476</first><offset>6567</offset><last>6637</last></range><range pcap="master"><first>464</first><offset>6555</offset><last>6629</last></range></profile>