<profile><master_cap>/root/datasets/OfficialDataset/MITM/MITM/training/frequent/20161021140907/20160924123742.MITM_modification_ImmedFreezeNR/20160924123742.MITM_modification_ImmedFreezeNR.master.pcap</master_cap><slave_cap>/root/datasets/OfficialDataset/MITM/MITM/training/frequent/20161021140907/20160924123742.MITM_modification_ImmedFreezeNR/20160924123742.MITM_modification_ImmedFreezeNR.slave.pcap</slave_cap><attack_cap>/root/datasets/OfficialDataset/MITM/MITM/training/frequent/20161021140907/20160924123742.MITM_modification_ImmedFreezeNR/20160924123742.MITM_modification_ImmedFreezeNR.attacker.pcap</attack_cap><start>2016-09-24 12:37:42.999601</start><finish>2016-09-24 12:38:19.022219</finish><attack>MITM_modification_ImmedFreezeNR</attack><local_dir>/root/datasets/OfficialDataset/MITM/MITM/training/frequent/20161021140907/20160924123742.MITM_modification_ImmedFreezeNR</local_dir><first>3259</first><last>165184</last><range pcap="attacker"><first>254714</first><offset>257973</offset><last>258265</last></range><range pcap="slave"><first>1247625</first><offset>1328207</offset><last>1328444</last></range><range pcap="master"><first>1247486</first><offset>1328050</offset><last>1328298</last></range></profile>