<profile><master_cap>/root/datasets/OfficialDataset/Attacks/attacks/training/frequent/20161021143503/20161011035312.slave_masquerading_flooding/20161011035312.slave_masquerading_flooding.master.pcap</master_cap><slave_cap>/root/datasets/OfficialDataset/Attacks/attacks/training/frequent/20161021143503/20161011035312.slave_masquerading_flooding/20161011035312.slave_masquerading_flooding.slave.pcap</slave_cap><attack_cap>/root/datasets/OfficialDataset/Attacks/attacks/training/frequent/20161021143503/20161011035312.slave_masquerading_flooding/20161011035312.slave_masquerading_flooding.attacker.pcap</attack_cap><start>2016-10-11 03:53:12.817161</start><finish>2016-10-11 03:53:41.910846</finish><attack>slave_masquerading_flooding</attack><local_dir>/root/datasets/OfficialDataset/Attacks/attacks/training/frequent/20161021143503/20161011035312.slave_masquerading_flooding</local_dir><first>5033</first><last>24421</last><range pcap="attacker"><first>134107</first><offset>139140</offset><last>141748</last></range><range pcap="slave"><first>330526</first><offset>337561</offset><last>337667</last></range><range pcap="master"><first>320870</first><offset>327905</offset><last>330507</last></range></profile>