<profile><master_cap>/root/datasets/OfficialDataset/Injection/injection/training/frequent/20161021132150/20160813165610.injection_push/20160813165610.injection_push.master.pcap</master_cap><slave_cap>/root/datasets/OfficialDataset/Injection/injection/training/frequent/20161021132150/20160813165610.injection_push/20160813165610.injection_push.slave.pcap</slave_cap><attack_cap>/root/datasets/OfficialDataset/Injection/injection/training/frequent/20161021132150/20160813165610.injection_push/20160813165610.injection_push.attacker.pcap</attack_cap><start>2016-08-13 16:56:10.511327</start><finish>2016-08-13 16:56:40.502604</finish><attack>injection_push</attack><local_dir>/root/datasets/OfficialDataset/Injection/injection/training/frequent/20161021132150/20160813165610.injection_push</local_dir><first>3541</first><last>14523</last><range pcap="attacker"><first>81544</first><offset>85085</offset><last>85190</last></range><range pcap="slave"><first>836504</first><offset>841477</offset><last>841944</last></range><range pcap="master"><first>836359</first><offset>841320</offset><last>841794</last></range></profile>