<profile><master_cap>/root/datasets/OfficialDataset/Flooding/flooding/training/frequent/20161021130706/20160831013800.master_flooding_time/20160831013800.master_flooding_time.master.pcap</master_cap><slave_cap>/root/datasets/OfficialDataset/Flooding/flooding/training/frequent/20161021130706/20160831013800.master_flooding_time/20160831013800.master_flooding_time.slave.pcap</slave_cap><attack_cap>/root/datasets/OfficialDataset/Flooding/flooding/training/frequent/20161021130706/20160831013800.master_flooding_time/20160831013800.master_flooding_time.attacker.pcap</attack_cap><start>2016-08-31 01:38:00.847563</start><finish>2016-08-31 01:39:04.981059</finish><attack>master_flooding_time</attack><local_dir>/root/datasets/OfficialDataset/Flooding/flooding/training/frequent/20161021130706/20160831013800.master_flooding_time</local_dir><first>4736</first><last>19856</last><range pcap="attacker"><first>167176</first><offset>171912</offset><last>172664</last></range><range pcap="slave"><first>203316</first><offset>209929</offset><last>210775</last></range><range pcap="master"><first>212668</first><offset>219273</offset><last>219575</last></range></profile>