<profile><master_cap>/root/datasets/OfficialDataset/MITM/MITM/training/frequent/20161021140907/20160924045555.MITM_hijack_injection/20160924045555.MITM_hijack_injection.master.pcap</master_cap><slave_cap>/root/datasets/OfficialDataset/MITM/MITM/training/frequent/20161021140907/20160924045555.MITM_hijack_injection/20160924045555.MITM_hijack_injection.slave.pcap</slave_cap><attack_cap>/root/datasets/OfficialDataset/MITM/MITM/training/frequent/20161021140907/20160924045555.MITM_hijack_injection/20160924045555.MITM_hijack_injection.attacker.pcap</attack_cap><start>2016-09-24 04:55:55.437751</start><finish>2016-09-24 04:57:04.591078</finish><attack>MITM_hijack_injection</attack><local_dir>/root/datasets/OfficialDataset/MITM/MITM/training/frequent/20161021140907/20160924045555.MITM_hijack_injection</local_dir><first>2533</first><last>36053</last><range pcap="attacker"><first>154425</first><offset>156958</offset><last>157583</last></range><range pcap="slave"><first>624383</first><offset>636133</offset><last>640859</last></range><range pcap="master"><first>624423</first><offset>636175</offset><last>640840</last></range></profile>