<profile><master_cap>/root/datasets/OfficialDataset/Flooding/flooding/training/infrequent/20161021130632/20160830050111.slave_masquerading_flooding/20160830050111.slave_masquerading_flooding.master.pcap</master_cap><slave_cap>/root/datasets/OfficialDataset/Flooding/flooding/training/infrequent/20161021130632/20160830050111.slave_masquerading_flooding/20160830050111.slave_masquerading_flooding.slave.pcap</slave_cap><attack_cap>/root/datasets/OfficialDataset/Flooding/flooding/training/infrequent/20161021130632/20160830050111.slave_masquerading_flooding/20160830050111.slave_masquerading_flooding.attacker.pcap</attack_cap><start>2016-08-30 05:01:11.525804</start><finish>2016-08-30 05:01:42.733683</finish><attack>slave_masquerading_flooding</attack><local_dir>/root/datasets/OfficialDataset/Flooding/flooding/training/infrequent/20161021130632/20160830050111.slave_masquerading_flooding</local_dir><first>12909</first><last>54033</last><range pcap="attacker"><first>150149</first><offset>163058</offset><last>165453</last></range><range pcap="slave"><first>203454</first><offset>221549</offset><last>221687</last></range><range pcap="master"><first>203623</first><offset>221721</offset><last>224117</last></range></profile>