<profile><master_cap>/root/datasets/OfficialDataset/Masqurading/masquerading/training/frequent/20161021132756/20160826204926.slave_masquerading_ObjectSpoofCounter/20160826204926.slave_masquerading_ObjectSpoofCounter.master.pcap</master_cap><slave_cap>/root/datasets/OfficialDataset/Masqurading/masquerading/training/frequent/20161021132756/20160826204926.slave_masquerading_ObjectSpoofCounter/20160826204926.slave_masquerading_ObjectSpoofCounter.slave.pcap</slave_cap><attack_cap>/root/datasets/OfficialDataset/Masqurading/masquerading/training/frequent/20161021132756/20160826204926.slave_masquerading_ObjectSpoofCounter/20160826204926.slave_masquerading_ObjectSpoofCounter.attacker.pcap</attack_cap><start>2016-08-26 20:49:26.532983</start><finish>2016-08-26 20:50:32.545933</finish><attack>slave_masquerading_ObjectSpoofCounter</attack><local_dir>/root/datasets/OfficialDataset/Masqurading/masquerading/training/frequent/20161021132756/20160826204926.slave_masquerading_ObjectSpoofCounter</local_dir><first>3735</first><last>15402</last><range pcap="attacker"><first>103705</first><offset>107440</offset><last>107876</last></range><range pcap="slave"><first>135094</first><offset>140360</offset><last>140630</last></range><range pcap="master"><first>140118</first><offset>145376</offset><last>145811</last></range></profile>