<profile><master_cap>/root/datasets/OfficialDataset/Injection/injection/training/infrequent/20161021132245/20160812140651.injection_push/20160812140651.injection_push.master.pcap</master_cap><slave_cap>/root/datasets/OfficialDataset/Injection/injection/training/infrequent/20161021132245/20160812140651.injection_push/20160812140651.injection_push.slave.pcap</slave_cap><attack_cap>/root/datasets/OfficialDataset/Injection/injection/training/infrequent/20161021132245/20160812140651.injection_push/20160812140651.injection_push.attacker.pcap</attack_cap><start>2016-08-12 14:06:51.024280</start><finish>2016-08-12 14:07:12.936404</finish><attack>injection_push</attack><local_dir>/root/datasets/OfficialDataset/Injection/injection/training/infrequent/20161021132245/20160812140651.injection_push</local_dir><first>33649</first><last>128948</last><range pcap="attacker"><first>615</first><offset>34264</offset><last>34348</last></range><range pcap="slave"><first>498</first><offset>47829</offset><last>48100</last></range><range pcap="master"><first>481</first><offset>47812</offset><last>48092</last></range></profile>