<profile><master_cap>/root/datasets/OfficialDataset/Masqurading/masquerading/training/frequent/20161021132756/20160827110411.master_masquerading/20160827110411.master_masquerading.master.pcap</master_cap><slave_cap>/root/datasets/OfficialDataset/Masqurading/masquerading/training/frequent/20161021132756/20160827110411.master_masquerading/20160827110411.master_masquerading.slave.pcap</slave_cap><attack_cap>/root/datasets/OfficialDataset/Masqurading/masquerading/training/frequent/20161021132756/20160827110411.master_masquerading/20160827110411.master_masquerading.attacker.pcap</attack_cap><start>2016-08-27 11:04:11.245708</start><finish>2016-08-27 11:05:27.797075</finish><attack>master_masquerading</attack><local_dir>/root/datasets/OfficialDataset/Masqurading/masquerading/training/frequent/20161021132756/20160827110411.master_masquerading</local_dir><first>3892</first><last>16074</last><range pcap="attacker"><first>295647</first><offset>299539</offset><last>299914</last></range><range pcap="slave"><first>382783</first><offset>388260</offset><last>388751</last></range><range pcap="master"><first>399888</first><offset>405359</offset><last>405725</last></range></profile>