<profile><master_cap>/root/datasets/OfficialDataset/Replay/replay/training/frequent/20161021142021/20160728174836.master_replay/20160728174836.master_replay.master.pcap</master_cap><slave_cap>/root/datasets/OfficialDataset/Replay/replay/training/frequent/20161021142021/20160728174836.master_replay/20160728174836.master_replay.slave.pcap</slave_cap><attack_cap>/root/datasets/OfficialDataset/Replay/replay/training/frequent/20161021142021/20160728174836.master_replay/20160728174836.master_replay.attacker.pcap</attack_cap><start>2016-07-28 17:48:36.434157</start><finish>2016-07-28 17:49:26.336196</finish><attack>master_replay</attack><local_dir>/root/datasets/OfficialDataset/Replay/replay/training/frequent/20161021142021/20160728174836.master_replay</local_dir><first>5524</first><last>21881</last><range pcap="attacker"><first>19254</first><offset>24778</offset><last>25019</last></range><range pcap="slave"><first>70967</first><offset>78740</offset><last>79058</last></range><range pcap="master"><first>70790</first><offset>78563</offset><last>78813</last></range></profile>