<profile><master_cap>/root/datasets/OfficialDataset/Flooding/flooding/training/frequent/20161021130706/20160831083950.master_replay_flooding/20160831083950.master_replay_flooding.master.pcap</master_cap><slave_cap>/root/datasets/OfficialDataset/Flooding/flooding/training/frequent/20161021130706/20160831083950.master_replay_flooding/20160831083950.master_replay_flooding.slave.pcap</slave_cap><attack_cap>/root/datasets/OfficialDataset/Flooding/flooding/training/frequent/20161021130706/20160831083950.master_replay_flooding/20160831083950.master_replay_flooding.attacker.pcap</attack_cap><start>2016-08-31 08:39:50.287552</start><finish>2016-08-31 08:40:09.769113</finish><attack>master_replay_flooding</attack><local_dir>/root/datasets/OfficialDataset/Flooding/flooding/training/frequent/20161021130706/20160831083950.master_replay_flooding</local_dir><first>5020</first><last>19363</last><range pcap="attacker"><first>282907</first><offset>287927</offset><last>288033</last></range><range pcap="slave"><first>348281</first><offset>355267</offset><last>355411</last></range><range pcap="master"><first>341058</first><offset>348043</offset><last>348163</last></range></profile>