<profile><master_cap>/root/datasets/OfficialDataset/Injection/injection/training/frequent/20161021132150/20160813205210.injection_ColdRestart/20160813205210.injection_ColdRestart.master.pcap</master_cap><slave_cap>/root/datasets/OfficialDataset/Injection/injection/training/frequent/20161021132150/20160813205210.injection_ColdRestart/20160813205210.injection_ColdRestart.slave.pcap</slave_cap><attack_cap>/root/datasets/OfficialDataset/Injection/injection/training/frequent/20161021132150/20160813205210.injection_ColdRestart/20160813205210.injection_ColdRestart.attacker.pcap</attack_cap><start>2016-08-13 20:52:10.768843</start><finish>2016-08-13 20:53:31.826974</finish><attack>injection_ColdRestart</attack><local_dir>/root/datasets/OfficialDataset/Injection/injection/training/frequent/20161021132150/20160813205210.injection_ColdRestart</local_dir><first>3331</first><last>211403</last><range pcap="attacker"><first>130439</first><offset>133770</offset><last>134051</last></range><range pcap="slave"><first>1478783</first><offset>1582277</offset><last>1582680</last></range><range pcap="master"><first>1478556</first><offset>1582050</offset><last>1582448</last></range></profile>