<profile><master_cap>/root/datasets/OfficialDataset/Attacks/attacks/training/frequent/20161021143503/20161011083821.injection_push/20161011083821.injection_push.master.pcap</master_cap><slave_cap>/root/datasets/OfficialDataset/Attacks/attacks/training/frequent/20161021143503/20161011083821.injection_push/20161011083821.injection_push.slave.pcap</slave_cap><attack_cap>/root/datasets/OfficialDataset/Attacks/attacks/training/frequent/20161021143503/20161011083821.injection_push/20161011083821.injection_push.attacker.pcap</attack_cap><start>2016-10-11 08:38:21.837451</start><finish>2016-10-11 08:38:54.549043</finish><attack>injection_push</attack><local_dir>/root/datasets/OfficialDataset/Attacks/attacks/training/frequent/20161021143503/20161011083821.injection_push</local_dir><first>5690</first><last>22245</last><range pcap="attacker"><first>198848</first><offset>204538</offset><last>204646</last></range><range pcap="slave"><first>471748</first><offset>479717</offset><last>479972</last></range><range pcap="master"><first>465224</first><offset>473185</offset><last>473445</last></range></profile>