<profile><master_cap>/root/datasets/OfficialDataset/MITM/MITM/training/frequent/20161021140907/20160923223047.MITM_modification_BinaryInputPointInsert/20160923223047.MITM_modification_BinaryInputPointInsert.master.pcap</master_cap><slave_cap>/root/datasets/OfficialDataset/MITM/MITM/training/frequent/20161021140907/20160923223047.MITM_modification_BinaryInputPointInsert/20160923223047.MITM_modification_BinaryInputPointInsert.slave.pcap</slave_cap><attack_cap>/root/datasets/OfficialDataset/MITM/MITM/training/frequent/20161021140907/20160923223047.MITM_modification_BinaryInputPointInsert/20160923223047.MITM_modification_BinaryInputPointInsert.attacker.pcap</attack_cap><start>2016-09-23 22:30:47.196033</start><finish>2016-09-23 22:31:40.748241</finish><attack>MITM_modification_BinaryInputPointInsert</attack><local_dir>/root/datasets/OfficialDataset/MITM/MITM/training/frequent/20161021140907/20160923223047.MITM_modification_BinaryInputPointInsert</local_dir><first>2170</first><last>9359</last><range pcap="attacker"><first>71273</first><offset>73443</offset><last>73859</last></range><range pcap="slave"><first>323532</first><offset>326594</offset><last>326913</last></range><range pcap="master"><first>323524</first><offset>326588</offset><last>326914</last></range></profile>