<profile><master_cap>/root/datasets/OfficialDataset/Masqurading/masquerading/training/frequent/20161021132756/20160827025108.slave_masquerading_ObjectSpoofCounterFuzz/20160827025108.slave_masquerading_ObjectSpoofCounterFuzz.master.pcap</master_cap><slave_cap>/root/datasets/OfficialDataset/Masqurading/masquerading/training/frequent/20161021132756/20160827025108.slave_masquerading_ObjectSpoofCounterFuzz/20160827025108.slave_masquerading_ObjectSpoofCounterFuzz.slave.pcap</slave_cap><attack_cap>/root/datasets/OfficialDataset/Masqurading/masquerading/training/frequent/20161021132756/20160827025108.slave_masquerading_ObjectSpoofCounterFuzz/20160827025108.slave_masquerading_ObjectSpoofCounterFuzz.attacker.pcap</attack_cap><start>2016-08-27 02:51:08.136742</start><finish>2016-08-27 02:52:11.107671</finish><attack>slave_masquerading_ObjectSpoofCounterFuzz</attack><local_dir>/root/datasets/OfficialDataset/Masqurading/masquerading/training/frequent/20161021132756/20160827025108.slave_masquerading_ObjectSpoofCounterFuzz</local_dir><first>3440</first><last>14293</last><range pcap="attacker"><first>186408</first><offset>189848</offset><last>190363</last></range><range pcap="slave"><first>240259</first><offset>245053</offset><last>245288</last></range><range pcap="master"><first>251944</first><offset>256737</offset><last>257251</last></range></profile>