<AttackProcessor pcap="20161021140907.attacker"><start>2016-09-23 16:56:15.420653</start><finish>2016-09-24 16:18:19.191765</finish><local_dir>/root/datasets/OfficialDataset/MITM/MITM/training/frequent</local_dir><first>3120</first><last>308571</last></AttackProcessor><AttackProcessor pcap="20161021140907.master"><start>2016-09-23 16:56:15.420653</start><finish>2016-09-24 16:18:19.191765</finish><local_dir>/root/datasets/OfficialDataset/MITM/MITM/training/frequent</local_dir><first>4402</first><last>1451638</last></AttackProcessor><AttackProcessor pcap="20161021140907.slave"><start>2016-09-23 16:56:15.420653</start><finish>2016-09-24 16:18:19.191765</finish><local_dir>/root/datasets/OfficialDataset/MITM/MITM/training/frequent</local_dir><first>4398</first><last>1451721</last></AttackProcessor>