<profile><master_cap>/root/datasets/OfficialDataset/Flooding/flooding/training/frequent/20161021130706/20160831123117.master_replay_flooding/20160831123117.master_replay_flooding.master.pcap</master_cap><slave_cap>/root/datasets/OfficialDataset/Flooding/flooding/training/frequent/20161021130706/20160831123117.master_replay_flooding/20160831123117.master_replay_flooding.slave.pcap</slave_cap><attack_cap>/root/datasets/OfficialDataset/Flooding/flooding/training/frequent/20161021130706/20160831123117.master_replay_flooding/20160831123117.master_replay_flooding.attacker.pcap</attack_cap><start>2016-08-31 12:31:17.501921</start><finish>2016-08-31 12:31:36.921991</finish><attack>master_replay_flooding</attack><local_dir>/root/datasets/OfficialDataset/Flooding/flooding/training/frequent/20161021130706/20160831123117.master_replay_flooding</local_dir><first>4633</first><last>18073</last><range pcap="attacker"><first>335101</first><offset>339734</offset><last>339843</last></range><range pcap="slave"><first>419989</first><offset>426529</offset><last>426672</last></range><range pcap="master"><first>408533</first><offset>415067</offset><last>415179</last></range></profile>