<profile><master_cap>/root/datasets/OfficialDataset/Replay/replay/training/infrequent/20161021141910/20160728050138.master_replay_flooding/20160728050138.master_replay_flooding.master.pcap</master_cap><slave_cap>/root/datasets/OfficialDataset/Replay/replay/training/infrequent/20161021141910/20160728050138.master_replay_flooding/20160728050138.master_replay_flooding.slave.pcap</slave_cap><attack_cap>/root/datasets/OfficialDataset/Replay/replay/training/infrequent/20161021141910/20160728050138.master_replay_flooding/20160728050138.master_replay_flooding.attacker.pcap</attack_cap><start>2016-07-28 05:01:38.661933</start><finish>2016-07-28 05:01:57.805972</finish><attack>master_replay_flooding</attack><local_dir>/root/datasets/OfficialDataset/Replay/replay/training/infrequent/20161021141910/20160728050138.master_replay_flooding</local_dir><first>29339</first><last>111726</last><range pcap="attacker"><first>105140</first><offset>134479</offset><last>134582</last></range><range pcap="slave"><first>435739</first><offset>476754</offset><last>476894</last></range><range pcap="master"><first>435710</first><offset>476722</offset><last>476837</last></range></profile>