<profile><master_cap>/root/datasets/OfficialDataset/Injection/injection/training/frequent/20161021132150/20160814061701.injection_replay/20160814061701.injection_replay.master.pcap</master_cap><slave_cap>/root/datasets/OfficialDataset/Injection/injection/training/frequent/20161021132150/20160814061701.injection_replay/20160814061701.injection_replay.slave.pcap</slave_cap><attack_cap>/root/datasets/OfficialDataset/Injection/injection/training/frequent/20161021132150/20160814061701.injection_replay/20160814061701.injection_replay.attacker.pcap</attack_cap><start>2016-08-14 06:17:01.963723</start><finish>2016-08-14 06:17:06.252511</finish><attack>injection_replay</attack><local_dir>/root/datasets/OfficialDataset/Injection/injection/training/frequent/20161021132150/20160814061701.injection_replay</local_dir><first>2791</first><last>196037</last><range pcap="attacker"><first>248171</first><offset>250962</offset><last>250974</last></range><range pcap="slave"><first>2556380</first><offset>2652985</offset><last>2653003</last></range><range pcap="master"><first>2556008</first><offset>2652597</offset><last>2652617</last></range></profile>