<profile><master_cap>/root/datasets/OfficialDataset/Flooding/flooding/training/infrequent/20161021130632/20160830035840.slave_masquerading_flooding/20160830035840.slave_masquerading_flooding.master.pcap</master_cap><slave_cap>/root/datasets/OfficialDataset/Flooding/flooding/training/infrequent/20161021130632/20160830035840.slave_masquerading_flooding/20160830035840.slave_masquerading_flooding.slave.pcap</slave_cap><attack_cap>/root/datasets/OfficialDataset/Flooding/flooding/training/infrequent/20161021130632/20160830035840.slave_masquerading_flooding/20160830035840.slave_masquerading_flooding.attacker.pcap</attack_cap><start>2016-08-30 03:58:40.905688</start><finish>2016-08-30 03:59:11.433681</finish><attack>slave_masquerading_flooding</attack><local_dir>/root/datasets/OfficialDataset/Flooding/flooding/training/infrequent/20161021130632/20160830035840.slave_masquerading_flooding</local_dir><first>35779</first><last>141140</last><range pcap="attacker"><first>111997</first><offset>147776</offset><last>150148</last></range><range pcap="slave"><first>153076</first><offset>203317</offset><last>203453</last></range><range pcap="master"><first>151012</first><offset>201250</offset><last>203622</last></range></profile>