<profile><master_cap>/root/datasets/OfficialDataset/Masqurading/masquerading/training/frequent/20161021132756/20160826170314.slave_masquerading_ObjectSpoofBinary/20160826170314.slave_masquerading_ObjectSpoofBinary.master.pcap</master_cap><slave_cap>/root/datasets/OfficialDataset/Masqurading/masquerading/training/frequent/20161021132756/20160826170314.slave_masquerading_ObjectSpoofBinary/20160826170314.slave_masquerading_ObjectSpoofBinary.slave.pcap</slave_cap><attack_cap>/root/datasets/OfficialDataset/Masqurading/masquerading/training/frequent/20161021132756/20160826170314.slave_masquerading_ObjectSpoofBinary/20160826170314.slave_masquerading_ObjectSpoofBinary.attacker.pcap</attack_cap><start>2016-08-26 17:03:14.460748</start><finish>2016-08-26 17:04:15.210721</finish><attack>slave_masquerading_ObjectSpoofBinary</attack><local_dir>/root/datasets/OfficialDataset/Masqurading/masquerading/training/frequent/20161021132756/20160826170314.slave_masquerading_ObjectSpoofBinary</local_dir><first>4272</first><last>17272</last><range pcap="attacker"><first>52652</first><offset>56924</offset><last>57292</last></range><range pcap="slave"><first>68123</first><offset>74149</offset><last>74357</last></range><range pcap="master"><first>70748</first><offset>76775</offset><last>77144</last></range></profile>