<profile><master_cap>/root/datasets/OfficialDataset/MITM/MITM/training/frequent/20161021140907/20160924003150.MITM_modification_BinaryInputPointInsert/20160924003150.MITM_modification_BinaryInputPointInsert.master.pcap</master_cap><slave_cap>/root/datasets/OfficialDataset/MITM/MITM/training/frequent/20161021140907/20160924003150.MITM_modification_BinaryInputPointInsert/20160924003150.MITM_modification_BinaryInputPointInsert.slave.pcap</slave_cap><attack_cap>/root/datasets/OfficialDataset/MITM/MITM/training/frequent/20161021140907/20160924003150.MITM_modification_BinaryInputPointInsert/20160924003150.MITM_modification_BinaryInputPointInsert.attacker.pcap</attack_cap><start>2016-09-24 00:31:50.693753</start><finish>2016-09-24 00:32:35.947641</finish><attack>MITM_modification_BinaryInputPointInsert</attack><local_dir>/root/datasets/OfficialDataset/MITM/MITM/training/frequent/20161021140907/20160924003150.MITM_modification_BinaryInputPointInsert</local_dir><first>5643</first><last>37425</last><range pcap="attacker"><first>93889</first><offset>99532</offset><last>99925</last></range><range pcap="slave"><first>369675</first><offset>377544</offset><last>385362</last></range><range pcap="master"><first>369710</first><offset>377579</offset><last>385410</last></range></profile>