<profile><master_cap>/root/datasets/OfficialDataset/Replay/replay/training/frequent/20161021142021/20160729102257.master_hijacking_replay/20160729102257.master_hijacking_replay.master.pcap</master_cap><slave_cap>/root/datasets/OfficialDataset/Replay/replay/training/frequent/20161021142021/20160729102257.master_hijacking_replay/20160729102257.master_hijacking_replay.slave.pcap</slave_cap><attack_cap>/root/datasets/OfficialDataset/Replay/replay/training/frequent/20161021142021/20160729102257.master_hijacking_replay/20160729102257.master_hijacking_replay.attacker.pcap</attack_cap><start>2016-07-29 10:22:57.391631</start><finish>2016-07-29 10:24:19.255629</finish><attack>master_hijacking_replay</attack><local_dir>/root/datasets/OfficialDataset/Replay/replay/training/frequent/20161021142021/20160729102257.master_hijacking_replay</local_dir><first>5653</first><last>22565</last><range pcap="attacker"><first>229173</first><offset>234826</offset><last>235157</last></range><range pcap="slave"><first>2079377</first><offset>2087243</offset><last>2087701</last></range><range pcap="master"><first>2078158</first><offset>2086017</offset><last>2086413</last></range></profile>