<profile><master_cap>/root/datasets/OfficialDataset/Replay/replay/training/frequent/20161021142021/20160728185324.injection_replay_updaterAck/20160728185324.injection_replay_updaterAck.master.pcap</master_cap><slave_cap>/root/datasets/OfficialDataset/Replay/replay/training/frequent/20161021142021/20160728185324.injection_replay_updaterAck/20160728185324.injection_replay_updaterAck.slave.pcap</slave_cap><attack_cap>/root/datasets/OfficialDataset/Replay/replay/training/frequent/20161021142021/20160728185324.injection_replay_updaterAck/20160728185324.injection_replay_updaterAck.attacker.pcap</attack_cap><start>2016-07-28 18:53:24.856149</start><finish>2016-07-28 18:54:26.945939</finish><attack>injection_replay_updaterAck</attack><local_dir>/root/datasets/OfficialDataset/Replay/replay/training/frequent/20161021142021/20160728185324.injection_replay_updaterAck</local_dir><first>4294</first><last>394005</last><range pcap="attacker"><first>34082</first><offset>38376</offset><last>38646</last></range><range pcap="slave"><first>91859</first><offset>286097</offset><last>286574</last></range><range pcap="master"><first>91587</first><offset>285832</offset><last>286311</last></range></profile>