<profile><master_cap>/root/datasets/OfficialDataset/MITM/MITM/training/frequent/20161021140907/20160923185900.MITM_modification_BinaryInputPointInsert/20160923185900.MITM_modification_BinaryInputPointInsert.master.pcap</master_cap><slave_cap>/root/datasets/OfficialDataset/MITM/MITM/training/frequent/20161021140907/20160923185900.MITM_modification_BinaryInputPointInsert/20160923185900.MITM_modification_BinaryInputPointInsert.slave.pcap</slave_cap><attack_cap>/root/datasets/OfficialDataset/MITM/MITM/training/frequent/20161021140907/20160923185900.MITM_modification_BinaryInputPointInsert/20160923185900.MITM_modification_BinaryInputPointInsert.attacker.pcap</attack_cap><start>2016-09-23 18:59:00.433570</start><finish>2016-09-23 18:59:50.807656</finish><attack>MITM_modification_BinaryInputPointInsert</attack><local_dir>/root/datasets/OfficialDataset/MITM/MITM/training/frequent/20161021140907/20160923185900.MITM_modification_BinaryInputPointInsert</local_dir><first>2144</first><last>28122</last><range pcap="attacker"><first>24909</first><offset>27053</offset><last>27449</last></range><range pcap="slave"><first>57495</first><offset>60492</offset><last>70281</last></range><range pcap="master"><first>57526</first><offset>60521</offset><last>70320</last></range></profile>