<profile><master_cap>/root/datasets/OfficialDataset/Flooding/flooding/training/frequent/20161021130706/20160830182630.master_flooding/20160830182630.master_flooding.master.pcap</master_cap><slave_cap>/root/datasets/OfficialDataset/Flooding/flooding/training/frequent/20161021130706/20160830182630.master_flooding/20160830182630.master_flooding.slave.pcap</slave_cap><attack_cap>/root/datasets/OfficialDataset/Flooding/flooding/training/frequent/20161021130706/20160830182630.master_flooding/20160830182630.master_flooding.attacker.pcap</attack_cap><start>2016-08-30 18:26:30.486040</start><finish>2016-08-30 18:27:43.799978</finish><attack>master_flooding</attack><local_dir>/root/datasets/OfficialDataset/Flooding/flooding/training/frequent/20161021130706/20160830182630.master_flooding</local_dir><first>6113</first><last>25515</last><range pcap="attacker"><first>55967</first><offset>62080</offset><last>62935</last></range><range pcap="slave"><first>70337</first><offset>78947</offset><last>79913</last></range><range pcap="master"><first>70511</first><offset>79117</offset><last>79480</last></range></profile>