<profile><master_cap>/root/datasets/OfficialDataset/Replay/replay/training/frequent/20161021142021/20160729134337.master_replay_flooding/20160729134337.master_replay_flooding.master.pcap</master_cap><slave_cap>/root/datasets/OfficialDataset/Replay/replay/training/frequent/20161021142021/20160729134337.master_replay_flooding/20160729134337.master_replay_flooding.slave.pcap</slave_cap><attack_cap>/root/datasets/OfficialDataset/Replay/replay/training/frequent/20161021142021/20160729134337.master_replay_flooding/20160729134337.master_replay_flooding.attacker.pcap</attack_cap><start>2016-07-29 13:43:37.247612</start><finish>2016-07-29 13:44:21.039446</finish><attack>master_replay_flooding</attack><local_dir>/root/datasets/OfficialDataset/Replay/replay/training/frequent/20161021142021/20160729134337.master_replay_flooding</local_dir><first>5319</first><last>20816</last><range pcap="attacker"><first>272062</first><offset>277381</offset><last>277568</last></range><range pcap="slave"><first>2320963</first><offset>2328375</offset><last>2328635</last></range><range pcap="master"><first>2319337</first><offset>2326745</offset><last>2326973</last></range></profile>