<profile><master_cap>/root/datasets/OfficialDataset/Masqurading/masquerading/training/frequent/20161021132756/20160827071355.slave_masquerading_ObjectSpoofCounterFuzz/20160827071355.slave_masquerading_ObjectSpoofCounterFuzz.master.pcap</master_cap><slave_cap>/root/datasets/OfficialDataset/Masqurading/masquerading/training/frequent/20161021132756/20160827071355.slave_masquerading_ObjectSpoofCounterFuzz/20160827071355.slave_masquerading_ObjectSpoofCounterFuzz.slave.pcap</slave_cap><attack_cap>/root/datasets/OfficialDataset/Masqurading/masquerading/training/frequent/20161021132756/20160827071355.slave_masquerading_ObjectSpoofCounterFuzz/20160827071355.slave_masquerading_ObjectSpoofCounterFuzz.attacker.pcap</attack_cap><start>2016-08-27 07:13:55.676633</start><finish>2016-08-27 07:14:59.591417</finish><attack>slave_masquerading_ObjectSpoofCounterFuzz</attack><local_dir>/root/datasets/OfficialDataset/Masqurading/masquerading/training/frequent/20161021132756/20160827071355.slave_masquerading_ObjectSpoofCounterFuzz</local_dir><first>3297</first><last>13727</last><range pcap="attacker"><first>244366</first><offset>247663</offset><last>248175</last></range><range pcap="slave"><first>316708</first><offset>321299</offset><last>321527</last></range><range pcap="master"><first>330902</first><offset>335488</offset><last>335999</last></range></profile>