<profile><master_cap>/root/datasets/OfficialDataset/Replay/replay/training/frequent/20161021142021/20160728202653.injection_replay/20160728202653.injection_replay.master.pcap</master_cap><slave_cap>/root/datasets/OfficialDataset/Replay/replay/training/frequent/20161021142021/20160728202653.injection_replay/20160728202653.injection_replay.slave.pcap</slave_cap><attack_cap>/root/datasets/OfficialDataset/Replay/replay/training/frequent/20161021142021/20160728202653.injection_replay/20160728202653.injection_replay.attacker.pcap</attack_cap><start>2016-07-28 20:26:53.025890</start><finish>2016-07-28 20:26:57.407709</finish><attack>injection_replay</attack><local_dir>/root/datasets/OfficialDataset/Replay/replay/training/frequent/20161021142021/20160728202653.injection_replay</local_dir><first>3683</first><last>14054</last><range pcap="attacker"><first>54380</first><offset>58063</offset><last>58075</last></range><range pcap="slave"><first>309714</first><offset>314882</offset><last>314895</last></range><range pcap="master"><first>309348</first><offset>314507</offset><last>314524</last></range></profile>