<profile><master_cap>/root/datasets/OfficialDataset/Flooding/flooding/training/frequent/20161021130706/20160830221718.slave_masquerading_flooding/20160830221718.slave_masquerading_flooding.master.pcap</master_cap><slave_cap>/root/datasets/OfficialDataset/Flooding/flooding/training/frequent/20161021130706/20160830221718.slave_masquerading_flooding/20160830221718.slave_masquerading_flooding.slave.pcap</slave_cap><attack_cap>/root/datasets/OfficialDataset/Flooding/flooding/training/frequent/20161021130706/20160830221718.slave_masquerading_flooding/20160830221718.slave_masquerading_flooding.attacker.pcap</attack_cap><start>2016-08-30 22:17:18.454232</start><finish>2016-08-30 22:17:50.459171</finish><attack>slave_masquerading_flooding</attack><local_dir>/root/datasets/OfficialDataset/Flooding/flooding/training/frequent/20161021130706/20160830221718.slave_masquerading_flooding</local_dir><first>3466</first><last>18045</last><range pcap="attacker"><first>112791</first><offset>116257</offset><last>118603</last></range><range pcap="slave"><first>145034</first><offset>149928</offset><last>150029</last></range><range pcap="master"><first>144047</first><offset>148939</offset><last>151283</last></range></profile>