<profile><master_cap>/root/datasets/OfficialDataset/Flooding/flooding/training/frequent/20161021130706/20160830193618.master_flooding_freeze/20160830193618.master_flooding_freeze.master.pcap</master_cap><slave_cap>/root/datasets/OfficialDataset/Flooding/flooding/training/frequent/20161021130706/20160830193618.master_flooding_freeze/20160830193618.master_flooding_freeze.slave.pcap</slave_cap><attack_cap>/root/datasets/OfficialDataset/Flooding/flooding/training/frequent/20161021130706/20160830193618.master_flooding_freeze/20160830193618.master_flooding_freeze.attacker.pcap</attack_cap><start>2016-08-30 19:36:18.257340</start><finish>2016-08-30 19:37:22.448057</finish><attack>master_flooding_freeze</attack><local_dir>/root/datasets/OfficialDataset/Flooding/flooding/training/frequent/20161021130706/20160830193618.master_flooding_freeze</local_dir><first>4740</first><last>20018</last><range pcap="attacker"><first>72587</first><offset>77327</offset><last>78152</last></range><range pcap="slave"><first>93309</first><offset>99912</offset><last>100830</last></range><range pcap="master"><first>92962</first><offset>99566</offset><last>99892</last></range></profile>