<profile><master_cap>/root/datasets/OfficialDataset/MITM/MITM/training/infrequent/20161021135759/20160922191826.MITM_modification_ImmedFreezeNR/20160922191826.MITM_modification_ImmedFreezeNR.master.pcap</master_cap><slave_cap>/root/datasets/OfficialDataset/MITM/MITM/training/infrequent/20161021135759/20160922191826.MITM_modification_ImmedFreezeNR/20160922191826.MITM_modification_ImmedFreezeNR.slave.pcap</slave_cap><attack_cap>/root/datasets/OfficialDataset/MITM/MITM/training/infrequent/20161021135759/20160922191826.MITM_modification_ImmedFreezeNR/20160922191826.MITM_modification_ImmedFreezeNR.attacker.pcap</attack_cap><start>2016-09-22 19:18:26.509490</start><finish>2016-09-22 19:19:02.658381</finish><attack>MITM_modification_ImmedFreezeNR</attack><local_dir>/root/datasets/OfficialDataset/MITM/MITM/training/infrequent/20161021135759/20160922191826.MITM_modification_ImmedFreezeNR</local_dir><first>13274</first><last>51450</last><range pcap="attacker"><first>616</first><offset>13890</offset><last>14204</last></range><range pcap="slave"><first>531</first><offset>19187</offset><last>19461</last></range><range pcap="master"><first>518</first><offset>19174</offset><last>19448</last></range></profile>