<profile><master_cap>/root/datasets/OfficialDataset/Injection/injection/training/frequent/20161021132150/20160814082406.injection_push/20160814082406.injection_push.master.pcap</master_cap><slave_cap>/root/datasets/OfficialDataset/Injection/injection/training/frequent/20161021132150/20160814082406.injection_push/20160814082406.injection_push.slave.pcap</slave_cap><attack_cap>/root/datasets/OfficialDataset/Injection/injection/training/frequent/20161021132150/20160814082406.injection_push/20160814082406.injection_push.attacker.pcap</attack_cap><start>2016-08-14 08:24:06.413532</start><finish>2016-08-14 08:24:39.223944</finish><attack>injection_push</attack><local_dir>/root/datasets/OfficialDataset/Injection/injection/training/frequent/20161021132150/20160814082406.injection_push</local_dir><first>5470</first><last>218134</last><range pcap="attacker"><first>271759</first><offset>277229</offset><last>277338</last></range><range pcap="slave"><first>2782734</first><offset>2888372</offset><last>2889006</last></range><range pcap="master"><first>2782305</first><offset>2887945</offset><last>2888586</last></range></profile>