<profile><master_cap>/root/datasets/OfficialDataset/MITM/MITM/training/infrequent/20161021135759/20160923133203.MITM_forwarding/20160923133203.MITM_forwarding.master.pcap</master_cap><slave_cap>/root/datasets/OfficialDataset/MITM/MITM/training/infrequent/20161021135759/20160923133203.MITM_forwarding/20160923133203.MITM_forwarding.slave.pcap</slave_cap><attack_cap>/root/datasets/OfficialDataset/MITM/MITM/training/infrequent/20161021135759/20160923133203.MITM_forwarding/20160923133203.MITM_forwarding.attacker.pcap</attack_cap><start>2016-09-23 13:32:03.796396</start><finish>2016-09-23 13:32:59.297504</finish><attack>MITM_forwarding</attack><local_dir>/root/datasets/OfficialDataset/MITM/MITM/training/infrequent/20161021135759/20160923133203.MITM_forwarding</local_dir><first>13931</first><last>54311</last><range pcap="attacker"><first>227928</first><offset>241859</offset><last>242282</last></range><range pcap="slave"><first>447013</first><offset>466662</offset><last>466988</last></range><range pcap="master"><first>446965</first><offset>466614</offset><last>466945</last></range></profile>