<profile><master_cap>/root/datasets/OfficialDataset/Attacks/attacks/training/frequent/20161021143503/20161011074006.MITM_modification_BinaryInputPointDelete/20161011074006.MITM_modification_BinaryInputPointDelete.master.pcap</master_cap><slave_cap>/root/datasets/OfficialDataset/Attacks/attacks/training/frequent/20161021143503/20161011074006.MITM_modification_BinaryInputPointDelete/20161011074006.MITM_modification_BinaryInputPointDelete.slave.pcap</slave_cap><attack_cap>/root/datasets/OfficialDataset/Attacks/attacks/training/frequent/20161021143503/20161011074006.MITM_modification_BinaryInputPointDelete/20161011074006.MITM_modification_BinaryInputPointDelete.attacker.pcap</attack_cap><start>2016-10-11 07:40:06.747812</start><finish>2016-10-11 07:40:31.084817</finish><attack>MITM_modification_BinaryInputPointDelete</attack><local_dir>/root/datasets/OfficialDataset/Attacks/attacks/training/frequent/20161021143503/20161011074006.MITM_modification_BinaryInputPointDelete</local_dir><first>2912</first><last>11477</last><range pcap="attacker"><first>189039</first><offset>191951</offset><last>192128</last></range><range pcap="slave"><first>458306</first><offset>462350</offset><last>462491</last></range><range pcap="master"><first>451974</first><offset>456027</offset><last>456175</last></range></profile>