<profile><master_cap>/root/datasets/OfficialDataset/Masqurading/masquerading/training/frequent/20161021132756/20160826235311.slave_masquerading_ObjectSpoofBinaryFuzz/20160826235311.slave_masquerading_ObjectSpoofBinaryFuzz.master.pcap</master_cap><slave_cap>/root/datasets/OfficialDataset/Masqurading/masquerading/training/frequent/20161021132756/20160826235311.slave_masquerading_ObjectSpoofBinaryFuzz/20160826235311.slave_masquerading_ObjectSpoofBinaryFuzz.slave.pcap</slave_cap><attack_cap>/root/datasets/OfficialDataset/Masqurading/masquerading/training/frequent/20161021132756/20160826235311.slave_masquerading_ObjectSpoofBinaryFuzz/20160826235311.slave_masquerading_ObjectSpoofBinaryFuzz.attacker.pcap</attack_cap><start>2016-08-26 23:53:11.559569</start><finish>2016-08-26 23:53:28.896158</finish><attack>slave_masquerading_ObjectSpoofBinaryFuzz</attack><local_dir>/root/datasets/OfficialDataset/Masqurading/masquerading/training/frequent/20161021132756/20160826235311.slave_masquerading_ObjectSpoofBinaryFuzz</local_dir><first>2489</first><last>9813</last><range pcap="attacker"><first>144704</first><offset>147193</offset><last>147337</last></range><range pcap="slave"><first>190091</first><offset>193560</offset><last>193645</last></range><range pcap="master"><first>196330</first><offset>199806</offset><last>199954</last></range></profile>