<profile><master_cap>/root/datasets/OfficialDataset/Masqurading/masquerading/training/frequent/20161021132756/20160827023327.slave_masquerading/20160827023327.slave_masquerading.master.pcap</master_cap><slave_cap>/root/datasets/OfficialDataset/Masqurading/masquerading/training/frequent/20161021132756/20160827023327.slave_masquerading/20160827023327.slave_masquerading.slave.pcap</slave_cap><attack_cap>/root/datasets/OfficialDataset/Masqurading/masquerading/training/frequent/20161021132756/20160827023327.slave_masquerading/20160827023327.slave_masquerading.attacker.pcap</attack_cap><start>2016-08-27 02:33:27.714098</start><finish>2016-08-27 02:34:28.034237</finish><attack>slave_masquerading</attack><local_dir>/root/datasets/OfficialDataset/Masqurading/masquerading/training/frequent/20161021132756/20160827023327.slave_masquerading</local_dir><first>2824</first><last>11717</last><range pcap="attacker"><first>183221</first><offset>186045</offset><last>186407</last></range><range pcap="slave"><first>236065</first><offset>240052</offset><last>240258</last></range><range pcap="master"><first>247607</first><offset>251580</offset><last>251943</last></range></profile>