<profile><master_cap>/root/datasets/OfficialDataset/Attacks/attacks/training/frequent/20161021143503/20161011090510.slave_masquerading_flooding/20161011090510.slave_masquerading_flooding.master.pcap</master_cap><slave_cap>/root/datasets/OfficialDataset/Attacks/attacks/training/frequent/20161021143503/20161011090510.slave_masquerading_flooding/20161011090510.slave_masquerading_flooding.slave.pcap</slave_cap><attack_cap>/root/datasets/OfficialDataset/Attacks/attacks/training/frequent/20161021143503/20161011090510.slave_masquerading_flooding/20161011090510.slave_masquerading_flooding.attacker.pcap</attack_cap><start>2016-10-11 09:05:10.647131</start><finish>2016-10-11 09:05:31.525227</finish><attack>slave_masquerading_flooding</attack><local_dir>/root/datasets/OfficialDataset/Attacks/attacks/training/frequent/20161021143503/20161011090510.slave_masquerading_flooding</local_dir><first>5637</first><last>194707</last><range pcap="attacker"><first>204647</first><offset>210284</offset><last>210524</last></range><range pcap="slave"><first>479973</first><offset>574226</offset><last>574319</last></range><range pcap="master"><first>473446</first><offset>567682</offset><last>567928</last></range></profile>