<profile><master_cap>/root/datasets/OfficialDataset/Injection/injection/training/frequent/20161021132150/20160813181518.injection_replay_updaterAck/20160813181518.injection_replay_updaterAck.master.pcap</master_cap><slave_cap>/root/datasets/OfficialDataset/Injection/injection/training/frequent/20161021132150/20160813181518.injection_replay_updaterAck/20160813181518.injection_replay_updaterAck.slave.pcap</slave_cap><attack_cap>/root/datasets/OfficialDataset/Injection/injection/training/frequent/20161021132150/20160813181518.injection_replay_updaterAck/20160813181518.injection_replay_updaterAck.attacker.pcap</attack_cap><start>2016-08-13 18:15:18.463569</start><finish>2016-08-13 18:15:30.293906</finish><attack>injection_replay_updaterAck</attack><local_dir>/root/datasets/OfficialDataset/Injection/injection/training/frequent/20161021132150/20160813181518.injection_replay_updaterAck</local_dir><first>2644</first><last>250664</last><range pcap="attacker"><first>98672</first><offset>101316</offset><last>101348</last></range><range pcap="slave"><first>959868</first><offset>1083222</offset><last>1083868</last></range><range pcap="master"><first>959712</first><offset>1083048</offset><last>1083698</last></range></profile>