<profile><master_cap>/root/datasets/OfficialDataset/Flooding/flooding/training/frequent/20161021130706/20160830224938.master_flooding/20160830224938.master_flooding.master.pcap</master_cap><slave_cap>/root/datasets/OfficialDataset/Flooding/flooding/training/frequent/20161021130706/20160830224938.master_flooding/20160830224938.master_flooding.slave.pcap</slave_cap><attack_cap>/root/datasets/OfficialDataset/Flooding/flooding/training/frequent/20161021130706/20160830224938.master_flooding/20160830224938.master_flooding.attacker.pcap</attack_cap><start>2016-08-30 22:49:38.814011</start><finish>2016-08-30 22:50:51.861611</finish><attack>master_flooding</attack><local_dir>/root/datasets/OfficialDataset/Flooding/flooding/training/frequent/20161021130706/20160830224938.master_flooding</local_dir><first>2700</first><last>12461</last><range pcap="attacker"><first>123032</first><offset>125732</offset><last>126576</last></range><range pcap="slave"><first>156025</first><offset>159833</offset><last>160782</last></range><range pcap="master"><first>156688</first><offset>160492</offset><last>160846</last></range></profile>