<profile><master_cap>/root/datasets/OfficialDataset/Injection/injection/training/frequent/20161021132150/20160814034854.injection_ColdRestart/20160814034854.injection_ColdRestart.master.pcap</master_cap><slave_cap>/root/datasets/OfficialDataset/Injection/injection/training/frequent/20161021132150/20160814034854.injection_ColdRestart/20160814034854.injection_ColdRestart.slave.pcap</slave_cap><attack_cap>/root/datasets/OfficialDataset/Injection/injection/training/frequent/20161021132150/20160814034854.injection_ColdRestart/20160814034854.injection_ColdRestart.attacker.pcap</attack_cap><start>2016-08-14 03:48:54.286714</start><finish>2016-08-14 03:50:06.751642</finish><attack>injection_ColdRestart</attack><local_dir>/root/datasets/OfficialDataset/Injection/injection/training/frequent/20161021132150/20160814034854.injection_ColdRestart</local_dir><first>2070</first><last>8930</last><range pcap="attacker"><first>218343</first><offset>220413</offset><last>220679</last></range><range pcap="slave"><first>2336552</first><offset>2339469</offset><last>2339851</last></range><range pcap="master"><first>2336205</first><offset>2339122</offset><last>2339498</last></range></profile>