<AttackProcessor pcap="20161021132150.attacker"><start>2016-08-13 10:11:38.008652</start><finish>2016-08-14 09:28:45.803739</finish><local_dir>/root/datasets/OfficialDataset/Injection/injection/training/frequent</local_dir><first>3695</first><last>294197</last></AttackProcessor><AttackProcessor pcap="20161021132150.slave"><start>2016-08-13 10:11:38.008652</start><finish>2016-08-14 09:28:45.803739</finish><local_dir>/root/datasets/OfficialDataset/Injection/injection/training/frequent</local_dir><first>5203</first><last>3109547</last></AttackProcessor><AttackProcessor pcap="20161021132150.master"><start>2016-08-13 10:11:38.008652</start><finish>2016-08-14 09:28:45.803739</finish><local_dir>/root/datasets/OfficialDataset/Injection/injection/training/frequent</local_dir><first>5203</first><last>3109102</last></AttackProcessor>