<profile><master_cap>/root/datasets/OfficialDataset/Injection/injection/training/frequent/20161021132150/20160813224415.injection_replay_updaterAck/20160813224415.injection_replay_updaterAck.master.pcap</master_cap><slave_cap>/root/datasets/OfficialDataset/Injection/injection/training/frequent/20161021132150/20160813224415.injection_replay_updaterAck/20160813224415.injection_replay_updaterAck.slave.pcap</slave_cap><attack_cap>/root/datasets/OfficialDataset/Injection/injection/training/frequent/20161021132150/20160813224415.injection_replay_updaterAck/20160813224415.injection_replay_updaterAck.attacker.pcap</attack_cap><start>2016-08-13 22:44:15.171447</start><finish>2016-08-13 22:45:06.635910</finish><attack>injection_replay_updaterAck</attack><local_dir>/root/datasets/OfficialDataset/Injection/injection/training/frequent/20161021132150/20160813224415.injection_replay_updaterAck</local_dir><first>2772</first><last>206661</last><range pcap="attacker"><first>154210</first><offset>156982</offset><last>157197</last></range><range pcap="slave"><first>1767305</first><offset>1868763</offset><last>1869149</last></range><range pcap="master"><first>1767053</first><offset>1868493</offset><last>1868881</last></range></profile>