<profile><master_cap>/root/datasets/OfficialDataset/Attacks/attacks/training/frequent/20161021143503/20161011024952.injection_ColdRestart/20161011024952.injection_ColdRestart.master.pcap</master_cap><slave_cap>/root/datasets/OfficialDataset/Attacks/attacks/training/frequent/20161021143503/20161011024952.injection_ColdRestart/20161011024952.injection_ColdRestart.slave.pcap</slave_cap><attack_cap>/root/datasets/OfficialDataset/Attacks/attacks/training/frequent/20161021143503/20161011024952.injection_ColdRestart/20161011024952.injection_ColdRestart.attacker.pcap</attack_cap><start>2016-10-11 02:49:52.264193</start><finish>2016-10-11 02:51:12.304709</finish><attack>injection_ColdRestart</attack><local_dir>/root/datasets/OfficialDataset/Attacks/attacks/training/frequent/20161021143503/20161011024952.injection_ColdRestart</local_dir><first>4628</first><last>18716</last><range pcap="attacker"><first>120924</first><offset>125552</offset><last>125843</last></range><range pcap="slave"><first>312441</first><offset>318930</offset><last>319342</last></range><range pcap="master"><first>302821</first><offset>309308</offset><last>309715</last></range></profile>