<profile><master_cap>/root/datasets/OfficialDataset/Attacks/attacks/training/frequent/20161021143503/20161011172952.injection_ColdRestart/20161011172952.injection_ColdRestart.master.pcap</master_cap><slave_cap>/root/datasets/OfficialDataset/Attacks/attacks/training/frequent/20161021143503/20161011172952.injection_ColdRestart/20161011172952.injection_ColdRestart.slave.pcap</slave_cap><attack_cap>/root/datasets/OfficialDataset/Attacks/attacks/training/frequent/20161021143503/20161011172952.injection_ColdRestart/20161011172952.injection_ColdRestart.attacker.pcap</attack_cap><start>2016-10-11 17:29:52.180791</start><finish>2016-10-11 17:31:07.248790</finish><attack>injection_ColdRestart</attack><local_dir>/root/datasets/OfficialDataset/Attacks/attacks/training/frequent/20161021143503/20161011172952.injection_ColdRestart</local_dir><first>3897</first><last>None</last><range pcap="attacker"><first>315460</first><offset>319357</offset><last>319640</last></range><range pcap="slave"><first>1088759</first><offset>1191524</offset><last>1191928</last></range><range pcap="master"><first>1081101</first><offset>1183850</offset><last>1184244</last></range></profile>