<profile><master_cap>/root/datasets/OfficialDataset/Attacks/attacks/training/frequent/20161021143503/20161011015810.MITM_modification_BinaryStatus/20161011015810.MITM_modification_BinaryStatus.master.pcap</master_cap><slave_cap>/root/datasets/OfficialDataset/Attacks/attacks/training/frequent/20161021143503/20161011015810.MITM_modification_BinaryStatus/20161011015810.MITM_modification_BinaryStatus.slave.pcap</slave_cap><attack_cap>/root/datasets/OfficialDataset/Attacks/attacks/training/frequent/20161021143503/20161011015810.MITM_modification_BinaryStatus/20161011015810.MITM_modification_BinaryStatus.attacker.pcap</attack_cap><start>2016-10-11 01:58:10.174391</start><finish>2016-10-11 01:59:26.840730</finish><attack>MITM_modification_BinaryStatus</attack><local_dir>/root/datasets/OfficialDataset/Attacks/attacks/training/frequent/20161021143503/20161011015810.MITM_modification_BinaryStatus</local_dir><first>3734</first><last>15640</last><range pcap="attacker"><first>110406</first><offset>114140</offset><last>114702</last></range><range pcap="slave"><first>298455</first><offset>303693</offset><last>304118</last></range><range pcap="master"><first>288801</first><offset>294039</offset><last>294480</last></range></profile>