<profile><master_cap>/root/datasets/OfficialDataset/Replay/replay/training/frequent/20161021142021/20160728194906.master_replay_flooding/20160728194906.master_replay_flooding.master.pcap</master_cap><slave_cap>/root/datasets/OfficialDataset/Replay/replay/training/frequent/20161021142021/20160728194906.master_replay_flooding/20160728194906.master_replay_flooding.slave.pcap</slave_cap><attack_cap>/root/datasets/OfficialDataset/Replay/replay/training/frequent/20161021142021/20160728194906.master_replay_flooding/20160728194906.master_replay_flooding.attacker.pcap</attack_cap><start>2016-07-28 19:49:06.226918</start><finish>2016-07-28 19:49:27.793818</finish><attack>master_replay_flooding</attack><local_dir>/root/datasets/OfficialDataset/Replay/replay/training/frequent/20161021142021/20160728194906.master_replay_flooding</local_dir><first>2213</first><last>10889</last><range pcap="attacker"><first>47859</first><offset>50072</offset><last>50157</last></range><range pcap="slave"><first>299540</first><offset>303722</offset><last>303846</last></range><range pcap="master"><first>299260</first><offset>303445</offset><last>303543</last></range></profile>