<profile><master_cap>/root/datasets/OfficialDataset/Replay/replay/training/frequent/20161021142021/20160729042216.injection_replay/20160729042216.injection_replay.master.pcap</master_cap><slave_cap>/root/datasets/OfficialDataset/Replay/replay/training/frequent/20161021142021/20160729042216.injection_replay/20160729042216.injection_replay.slave.pcap</slave_cap><attack_cap>/root/datasets/OfficialDataset/Replay/replay/training/frequent/20161021142021/20160729042216.injection_replay/20160729042216.injection_replay.attacker.pcap</attack_cap><start>2016-07-29 04:22:16.552400</start><finish>2016-07-29 04:22:20.863862</finish><attack>injection_replay</attack><local_dir>/root/datasets/OfficialDataset/Replay/replay/training/frequent/20161021142021/20160729042216.injection_replay</local_dir><first>4731</first><last>18010</last><range pcap="attacker"><first>154260</first><offset>158991</offset><last>159016</last></range><range pcap="slave"><first>1217774</first><offset>1224371</offset><last>1224401</last></range><range pcap="master"><first>1216864</first><offset>1223457</offset><last>1223489</last></range></profile>