<profile><master_cap>/root/datasets/OfficialDataset/Attacks/attacks/training/frequent/20161021143503/20161011105921.master_flooding_freeze/20161011105921.master_flooding_freeze.master.pcap</master_cap><slave_cap>/root/datasets/OfficialDataset/Attacks/attacks/training/frequent/20161021143503/20161011105921.master_flooding_freeze/20161011105921.master_flooding_freeze.slave.pcap</slave_cap><attack_cap>/root/datasets/OfficialDataset/Attacks/attacks/training/frequent/20161021143503/20161011105921.master_flooding_freeze/20161011105921.master_flooding_freeze.attacker.pcap</attack_cap><start>2016-10-11 10:59:21.884435</start><finish>2016-10-11 11:00:26.018763</finish><attack>master_flooding_freeze</attack><local_dir>/root/datasets/OfficialDataset/Attacks/attacks/training/frequent/20161021143503/20161011105921.master_flooding_freeze</local_dir><first>4580</first><last>19425</last><range pcap="attacker"><first>230145</first><offset>234725</offset><last>235532</last></range><range pcap="slave"><first>614006</first><offset>620423</offset><last>621318</last></range><range pcap="master"><first>607719</first><offset>614136</offset><last>614443</last></range></profile>