<profile><master_cap>/root/datasets/OfficialDataset/MITM/MITM/training/frequent/20161021140907/20160924010159.MITM_modification_CountBinaryInputPointInsert/20160924010159.MITM_modification_CountBinaryInputPointInsert.master.pcap</master_cap><slave_cap>/root/datasets/OfficialDataset/MITM/MITM/training/frequent/20161021140907/20160924010159.MITM_modification_CountBinaryInputPointInsert/20160924010159.MITM_modification_CountBinaryInputPointInsert.slave.pcap</slave_cap><attack_cap>/root/datasets/OfficialDataset/MITM/MITM/training/frequent/20161021140907/20160924010159.MITM_modification_CountBinaryInputPointInsert/20160924010159.MITM_modification_CountBinaryInputPointInsert.attacker.pcap</attack_cap><start>2016-09-24 01:01:59.952959</start><finish>2016-09-24 01:02:50.332675</finish><attack>MITM_modification_CountBinaryInputPointInsert</attack><local_dir>/root/datasets/OfficialDataset/MITM/MITM/training/frequent/20161021140907/20160924010159.MITM_modification_CountBinaryInputPointInsert</local_dir><first>6199</first><last>61834</last><range pcap="attacker"><first>99926</first><offset>106125</offset><last>106533</last></range><range pcap="slave"><first>385363</first><offset>394014</offset><last>412969</last></range><range pcap="master"><first>385411</first><offset>394062</offset><last>413030</last></range></profile>