<profile><master_cap>/root/datasets/OfficialDataset/Attacks/attacks/training/frequent/20161021143503/20161011002811.injection_replay/20161011002811.injection_replay.master.pcap</master_cap><slave_cap>/root/datasets/OfficialDataset/Attacks/attacks/training/frequent/20161021143503/20161011002811.injection_replay/20161011002811.injection_replay.slave.pcap</slave_cap><attack_cap>/root/datasets/OfficialDataset/Attacks/attacks/training/frequent/20161021143503/20161011002811.injection_replay/20161011002811.injection_replay.attacker.pcap</attack_cap><start>2016-10-11 00:28:11.542703</start><finish>2016-10-11 00:28:15.816910</finish><attack>injection_replay</attack><local_dir>/root/datasets/OfficialDataset/Attacks/attacks/training/frequent/20161021143503/20161011002811.injection_replay</local_dir><first>3749</first><last>14209</last><range pcap="attacker"><first>90974</first><offset>94723</offset><last>94736</last></range><range pcap="slave"><first>271815</first><offset>277025</offset><last>277041</last></range><range pcap="master"><first>262248</first><offset>267451</offset><last>267467</last></range></profile>