<profile><master_cap>/root/datasets/OfficialDataset/Injection/injection/training/frequent/20161021132150/20160814060259.injection_FreezeObj/20160814060259.injection_FreezeObj.master.pcap</master_cap><slave_cap>/root/datasets/OfficialDataset/Injection/injection/training/frequent/20161021132150/20160814060259.injection_FreezeObj/20160814060259.injection_FreezeObj.slave.pcap</slave_cap><attack_cap>/root/datasets/OfficialDataset/Injection/injection/training/frequent/20161021132150/20160814060259.injection_FreezeObj/20160814060259.injection_FreezeObj.attacker.pcap</attack_cap><start>2016-08-14 06:02:59.122511</start><finish>2016-08-14 06:03:23.799791</finish><attack>injection_FreezeObj</attack><local_dir>/root/datasets/OfficialDataset/Injection/injection/training/frequent/20161021132150/20160814060259.injection_FreezeObj</local_dir><first>2682</first><last>210058</last><range pcap="attacker"><first>245376</first><offset>248058</offset><last>248170</last></range><range pcap="slave"><first>2452741</first><offset>2555806</offset><last>2556379</last></range><range pcap="master"><first>2452383</first><offset>2555440</offset><last>2556007</last></range></profile>