<profile><master_cap>/root/datasets/OfficialDataset/Replay/replay/training/infrequent/20161021141910/20160728063647.master_replay_flooding/20160728063647.master_replay_flooding.master.pcap</master_cap><slave_cap>/root/datasets/OfficialDataset/Replay/replay/training/infrequent/20161021141910/20160728063647.master_replay_flooding/20160728063647.master_replay_flooding.slave.pcap</slave_cap><attack_cap>/root/datasets/OfficialDataset/Replay/replay/training/infrequent/20161021141910/20160728063647.master_replay_flooding/20160728063647.master_replay_flooding.attacker.pcap</attack_cap><start>2016-07-28 06:36:47.628936</start><finish>2016-07-28 06:37:06.780317</finish><attack>master_replay_flooding</attack><local_dir>/root/datasets/OfficialDataset/Replay/replay/training/infrequent/20161021141910/20160728063647.master_replay_flooding</local_dir><first>19815</first><last>75594</last><range pcap="attacker"><first>134583</first><offset>154398</offset><last>154471</last></range><range pcap="slave"><first>476895</first><offset>504655</offset><last>504757</last></range><range pcap="master"><first>476838</first><offset>504598</offset><last>504680</last></range></profile>