<profile><master_cap>/root/datasets/OfficialDataset/Masqurading/masquerading/training/infrequent/20161021132730/20160826095029.master_hijacking_masquerading/20160826095029.master_hijacking_masquerading.master.pcap</master_cap><slave_cap>/root/datasets/OfficialDataset/Masqurading/masquerading/training/infrequent/20161021132730/20160826095029.master_hijacking_masquerading/20160826095029.master_hijacking_masquerading.slave.pcap</slave_cap><attack_cap>/root/datasets/OfficialDataset/Masqurading/masquerading/training/infrequent/20161021132730/20160826095029.master_hijacking_masquerading/20160826095029.master_hijacking_masquerading.attacker.pcap</attack_cap><start>2016-08-26 09:50:29.421266</start><finish>2016-08-26 09:53:10.147669</finish><attack>master_hijacking_masquerading</attack><local_dir>/root/datasets/OfficialDataset/Masqurading/masquerading/training/infrequent/20161021132730/20160826095029.master_hijacking_masquerading</local_dir><first>31517</first><last>None</last><range pcap="attacker"><first>216923</first><offset>248440</offset><last>249253</last></range><range pcap="slave"><first>297269</first><offset>341321</offset><last>342387</last></range><range pcap="master"><first>300581</first><offset>344629</offset><last>345471</last></range></profile>