<profile><master_cap>/root/datasets/OfficialDataset/Replay/replay/training/frequent/20161021142021/20160729143304.master_hijacking_replay/20160729143304.master_hijacking_replay.master.pcap</master_cap><slave_cap>/root/datasets/OfficialDataset/Replay/replay/training/frequent/20161021142021/20160729143304.master_hijacking_replay/20160729143304.master_hijacking_replay.slave.pcap</slave_cap><attack_cap>/root/datasets/OfficialDataset/Replay/replay/training/frequent/20161021142021/20160729143304.master_hijacking_replay/20160729143304.master_hijacking_replay.attacker.pcap</attack_cap><start>2016-07-29 14:33:04.335960</start><finish>2016-07-29 14:34:21.719637</finish><attack>master_hijacking_replay</attack><local_dir>/root/datasets/OfficialDataset/Replay/replay/training/frequent/20161021142021/20160729143304.master_hijacking_replay</local_dir><first>3930</first><last>16036</last><range pcap="attacker"><first>284003</first><offset>287933</offset><last>288251</last></range><range pcap="slave"><first>2337613</first><offset>2343089</offset><last>2343543</last></range><range pcap="master"><first>2335877</first><offset>2341351</offset><last>2341733</last></range></profile>