<profile><master_cap>/root/datasets/OfficialDataset/Injection/injection/training/frequent/20161021132150/20160814024312.injection_replay_updaterAck/20160814024312.injection_replay_updaterAck.master.pcap</master_cap><slave_cap>/root/datasets/OfficialDataset/Injection/injection/training/frequent/20161021132150/20160814024312.injection_replay_updaterAck/20160814024312.injection_replay_updaterAck.slave.pcap</slave_cap><attack_cap>/root/datasets/OfficialDataset/Injection/injection/training/frequent/20161021132150/20160814024312.injection_replay_updaterAck/20160814024312.injection_replay_updaterAck.attacker.pcap</attack_cap><start>2016-08-14 02:43:12.431591</start><finish>2016-08-14 02:43:20.589889</finish><attack>injection_replay_updaterAck</attack><local_dir>/root/datasets/OfficialDataset/Injection/injection/training/frequent/20161021132150/20160814024312.injection_replay_updaterAck</local_dir><first>3720</first><last>14988</last><range pcap="attacker"><first>203144</first><offset>206864</offset><last>206900</last></range><range pcap="slave"><first>2122734</first><offset>2127944</offset><last>2128347</last></range><range pcap="master"><first>2122430</first><offset>2127640</offset><last>2128047</last></range></profile>