<profile><master_cap>/root/datasets/OfficialDataset/Attacks/attacks/training/frequent/20161021143503/20161011004228.master_hijacking_replay_flooding/20161011004228.master_hijacking_replay_flooding.master.pcap</master_cap><slave_cap>/root/datasets/OfficialDataset/Attacks/attacks/training/frequent/20161021143503/20161011004228.master_hijacking_replay_flooding/20161011004228.master_hijacking_replay_flooding.slave.pcap</slave_cap><attack_cap>/root/datasets/OfficialDataset/Attacks/attacks/training/frequent/20161021143503/20161011004228.master_hijacking_replay_flooding/20161011004228.master_hijacking_replay_flooding.attacker.pcap</attack_cap><start>2016-10-11 00:42:28.913083</start><finish>2016-10-11 00:43:49.568779</finish><attack>master_hijacking_replay_flooding</attack><local_dir>/root/datasets/OfficialDataset/Attacks/attacks/training/frequent/20161021143503/20161011004228.master_hijacking_replay_flooding</local_dir><first>3106</first><last>12888</last><range pcap="attacker"><first>94737</first><offset>97843</offset><last>98193</last></range><range pcap="slave"><first>277042</first><offset>281327</offset><last>281784</last></range><range pcap="master"><first>267468</first><offset>271748</offset><last>272156</last></range></profile>