<profile><master_cap>/root/datasets/OfficialDataset/Attacks/attacks/training/infrequent/20161021143435/20161005115256.slave_masquerading_ObjectSpoofBinary/20161005115256.slave_masquerading_ObjectSpoofBinary.master.pcap</master_cap><slave_cap>/root/datasets/OfficialDataset/Attacks/attacks/training/infrequent/20161021143435/20161005115256.slave_masquerading_ObjectSpoofBinary/20161005115256.slave_masquerading_ObjectSpoofBinary.slave.pcap</slave_cap><attack_cap>/root/datasets/OfficialDataset/Attacks/attacks/training/infrequent/20161021143435/20161005115256.slave_masquerading_ObjectSpoofBinary/20161005115256.slave_masquerading_ObjectSpoofBinary.attacker.pcap</attack_cap><start>2016-10-05 11:52:56.550730</start><finish>2016-10-05 11:53:38.781735</finish><attack>slave_masquerading_ObjectSpoofBinary</attack><local_dir>/root/datasets/OfficialDataset/Attacks/attacks/training/infrequent/20161021143435/20161005115256.slave_masquerading_ObjectSpoofBinary</local_dir><first>29944</first><last>114356</last><range pcap="attacker"><first>196780</first><offset>226724</offset><last>226988</last></range><range pcap="slave"><first>295791</first><offset>337645</offset><last>337818</last></range><range pcap="master"><first>297670</first><offset>339524</offset><last>339789</last></range></profile>