<profile><master_cap>/root/datasets/OfficialDataset/MITM/MITM/training/frequent/20161021140907/20160924093153.MITM_forwarding/20160924093153.MITM_forwarding.master.pcap</master_cap><slave_cap>/root/datasets/OfficialDataset/MITM/MITM/training/frequent/20161021140907/20160924093153.MITM_forwarding/20160924093153.MITM_forwarding.slave.pcap</slave_cap><attack_cap>/root/datasets/OfficialDataset/MITM/MITM/training/frequent/20161021140907/20160924093153.MITM_forwarding/20160924093153.MITM_forwarding.attacker.pcap</attack_cap><start>2016-09-24 09:31:53.573522</start><finish>2016-09-24 09:32:46.499764</finish><attack>MITM_forwarding</attack><local_dir>/root/datasets/OfficialDataset/MITM/MITM/training/frequent/20161021140907/20160924093153.MITM_forwarding</local_dir><first>5764</first><last>23030</last><range pcap="attacker"><first>211016</first><offset>216780</offset><last>217185</last></range><range pcap="slave"><first>896282</first><offset>904401</offset><last>904706</last></range><range pcap="master"><first>896275</first><offset>904392</offset><last>904710</last></range></profile>