<profile><master_cap>/root/datasets/OfficialDataset/Injection/injection/training/frequent/20161021132150/20160814054929.injection_push/20160814054929.injection_push.master.pcap</master_cap><slave_cap>/root/datasets/OfficialDataset/Injection/injection/training/frequent/20161021132150/20160814054929.injection_push/20160814054929.injection_push.slave.pcap</slave_cap><attack_cap>/root/datasets/OfficialDataset/Injection/injection/training/frequent/20161021132150/20160814054929.injection_push/20160814054929.injection_push.attacker.pcap</attack_cap><start>2016-08-14 05:49:29.731702</start><finish>2016-08-14 05:49:58.051646</finish><attack>injection_push</attack><local_dir>/root/datasets/OfficialDataset/Injection/injection/training/frequent/20161021132150/20160814054929.injection_push</local_dir><first>2300</first><last>111697</last><range pcap="attacker"><first>242977</first><offset>245277</offset><last>245375</last></range><range pcap="slave"><first>2398095</first><offset>2452358</offset><last>2452740</last></range><range pcap="master"><first>2397730</first><offset>2451995</offset><last>2452382</last></range></profile>