<profile><master_cap>/root/datasets/OfficialDataset/Replay/replay/training/infrequent/20161021141910/20160727182116.nmap/20160727182116.nmap.master.pcap</master_cap><slave_cap>/root/datasets/OfficialDataset/Replay/replay/training/infrequent/20161021141910/20160727182116.nmap/20160727182116.nmap.slave.pcap</slave_cap><attack_cap>/root/datasets/OfficialDataset/Replay/replay/training/infrequent/20161021141910/20160727182116.nmap/20160727182116.nmap.attacker.pcap</attack_cap><start>2016-07-27 18:21:16.334269</start><finish>2016-07-27 18:21:18.729032</finish><attack>nmap</attack><local_dir>/root/datasets/OfficialDataset/Replay/replay/training/infrequent/20161021141910/20160727182116.nmap</local_dir><first>0</first><last>1379</last><range pcap="attacker"><first>0</first><offset>0</offset><last>552</last></range><range pcap="slave"><first>0</first><offset>0</offset><last>412</last></range><range pcap="master"><first>0</first><offset>0</offset><last>413</last></range></profile>