<profile><master_cap>/root/datasets/OfficialDataset/Flooding/flooding/training/frequent/20161021130706/20160831004144.slave_masquerading_flooding/20160831004144.slave_masquerading_flooding.master.pcap</master_cap><slave_cap>/root/datasets/OfficialDataset/Flooding/flooding/training/frequent/20161021130706/20160831004144.slave_masquerading_flooding/20160831004144.slave_masquerading_flooding.slave.pcap</slave_cap><attack_cap>/root/datasets/OfficialDataset/Flooding/flooding/training/frequent/20161021130706/20160831004144.slave_masquerading_flooding/20160831004144.slave_masquerading_flooding.attacker.pcap</attack_cap><start>2016-08-31 00:41:44.763689</start><finish>2016-08-31 00:42:02.778036</finish><attack>slave_masquerading_flooding</attack><local_dir>/root/datasets/OfficialDataset/Flooding/flooding/training/frequent/20161021130706/20160831004144.slave_masquerading_flooding</local_dir><first>4014</first><last>17399</last><range pcap="attacker"><first>150093</first><offset>154107</offset><last>155214</last></range><range pcap="slave"><first>187996</first><offset>193540</offset><last>193628</last></range><range pcap="master"><first>191393</first><offset>196927</offset><last>198037</last></range></profile>