<profile><master_cap>/root/datasets/OfficialDataset/Replay/replay/training/frequent/20161021142021/20160729022739.master_replay/20160729022739.master_replay.master.pcap</master_cap><slave_cap>/root/datasets/OfficialDataset/Replay/replay/training/frequent/20161021142021/20160729022739.master_replay/20160729022739.master_replay.slave.pcap</slave_cap><attack_cap>/root/datasets/OfficialDataset/Replay/replay/training/frequent/20161021142021/20160729022739.master_replay/20160729022739.master_replay.attacker.pcap</attack_cap><start>2016-07-29 02:27:39.018013</start><finish>2016-07-29 02:28:28.907231</finish><attack>master_replay</attack><local_dir>/root/datasets/OfficialDataset/Replay/replay/training/frequent/20161021142021/20160729022739.master_replay</local_dir><first>3142</first><last>54975</last><range pcap="attacker"><first>131494</first><offset>134636</offset><last>134870</last></range><range pcap="slave"><first>853404</first><offset>878920</offset><last>879231</last></range><range pcap="master"><first>852720</first><offset>878237</offset><last>878490</last></range></profile>