<profile><master_cap>/root/datasets/OfficialDataset/MITM/MITM/training/infrequent/20161021135759/20160923122325.MITM_modification_ImmedFreezeNR/20160923122325.MITM_modification_ImmedFreezeNR.master.pcap</master_cap><slave_cap>/root/datasets/OfficialDataset/MITM/MITM/training/infrequent/20161021135759/20160923122325.MITM_modification_ImmedFreezeNR/20160923122325.MITM_modification_ImmedFreezeNR.slave.pcap</slave_cap><attack_cap>/root/datasets/OfficialDataset/MITM/MITM/training/infrequent/20161021135759/20160923122325.MITM_modification_ImmedFreezeNR/20160923122325.MITM_modification_ImmedFreezeNR.attacker.pcap</attack_cap><start>2016-09-23 12:23:25.181962</start><finish>2016-09-23 12:23:52.713654</finish><attack>MITM_modification_ImmedFreezeNR</attack><local_dir>/root/datasets/OfficialDataset/MITM/MITM/training/infrequent/20161021135759/20160923122325.MITM_modification_ImmedFreezeNR</local_dir><first>21242</first><last>81580</last><range pcap="attacker"><first>206471</first><offset>227713</offset><last>227927</last></range><range pcap="slave"><first>416952</first><offset>446826</offset><last>447012</last></range><range pcap="master"><first>416902</first><offset>446772</offset><last>446964</last></range></profile>