<profile><master_cap>/root/datasets/OfficialDataset/Flooding/flooding/training/frequent/20161021130706/20160830173043.master_flooding/20160830173043.master_flooding.master.pcap</master_cap><slave_cap>/root/datasets/OfficialDataset/Flooding/flooding/training/frequent/20161021130706/20160830173043.master_flooding/20160830173043.master_flooding.slave.pcap</slave_cap><attack_cap>/root/datasets/OfficialDataset/Flooding/flooding/training/frequent/20161021130706/20160830173043.master_flooding/20160830173043.master_flooding.attacker.pcap</attack_cap><start>2016-08-30 17:30:43.966991</start><finish>2016-08-30 17:31:48.236042</finish><attack>master_flooding</attack><local_dir>/root/datasets/OfficialDataset/Flooding/flooding/training/frequent/20161021130706/20160830173043.master_flooding</local_dir><first>5470</first><last>22814</last><range pcap="attacker"><first>43972</first><offset>49442</offset><last>50272</last></range><range pcap="slave"><first>53990</first><offset>61619</offset><last>62547</last></range><range pcap="master"><first>55323</first><offset>62942</offset><last>63278</last></range></profile>