<profile><master_cap>/root/datasets/OfficialDataset/Attacks/attacks/training/frequent/20161021143503/20161011032848.master_replay/20161011032848.master_replay.master.pcap</master_cap><slave_cap>/root/datasets/OfficialDataset/Attacks/attacks/training/frequent/20161021143503/20161011032848.master_replay/20161011032848.master_replay.slave.pcap</slave_cap><attack_cap>/root/datasets/OfficialDataset/Attacks/attacks/training/frequent/20161021143503/20161011032848.master_replay/20161011032848.master_replay.attacker.pcap</attack_cap><start>2016-10-11 03:28:48.625629</start><finish>2016-10-11 03:29:04.796304</finish><attack>master_replay</attack><local_dir>/root/datasets/OfficialDataset/Attacks/attacks/training/frequent/20161021143503/20161011032848.master_replay</local_dir><first>4154</first><last>16000</last><range pcap="attacker"><first>129868</first><offset>134022</offset><last>134106</last></range><range pcap="slave"><first>324633</first><offset>330404</offset><last>330525</last></range><range pcap="master"><first>315001</first><offset>320772</offset><last>320869</last></range></profile>