<profile><master_cap>/root/datasets/OfficialDataset/Replay/replay/training/frequent/20161021142021/20160729035835.master_hijacking_replay/20160729035835.master_hijacking_replay.master.pcap</master_cap><slave_cap>/root/datasets/OfficialDataset/Replay/replay/training/frequent/20161021142021/20160729035835.master_hijacking_replay/20160729035835.master_hijacking_replay.slave.pcap</slave_cap><attack_cap>/root/datasets/OfficialDataset/Replay/replay/training/frequent/20161021142021/20160729035835.master_hijacking_replay/20160729035835.master_hijacking_replay.attacker.pcap</attack_cap><start>2016-07-29 03:58:35.782862</start><finish>2016-07-29 03:59:51.170782</finish><attack>master_hijacking_replay</attack><local_dir>/root/datasets/OfficialDataset/Replay/replay/training/frequent/20161021142021/20160729035835.master_hijacking_replay</local_dir><first>4241</first><last>17238</last><range pcap="attacker"><first>149696</first><offset>153937</offset><last>154259</last></range><range pcap="slave"><first>1211402</first><offset>1217324</offset><last>1217773</last></range><range pcap="master"><first>1210561</first><offset>1216476</offset><last>1216863</last></range></profile>