<profile><master_cap>/root/datasets/OfficialDataset/Masqurading/masquerading/training/frequent/20161021132756/20160826190803.master_masquerading/20160826190803.master_masquerading.master.pcap</master_cap><slave_cap>/root/datasets/OfficialDataset/Masqurading/masquerading/training/frequent/20161021132756/20160826190803.master_masquerading/20160826190803.master_masquerading.slave.pcap</slave_cap><attack_cap>/root/datasets/OfficialDataset/Masqurading/masquerading/training/frequent/20161021132756/20160826190803.master_masquerading/20160826190803.master_masquerading.attacker.pcap</attack_cap><start>2016-08-26 19:08:03.387553</start><finish>2016-08-26 19:09:19.861252</finish><attack>master_masquerading</attack><local_dir>/root/datasets/OfficialDataset/Masqurading/masquerading/training/frequent/20161021132756/20160826190803.master_masquerading</local_dir><first>5321</first><last>21281</last><range pcap="attacker"><first>78335</first><offset>83656</offset><last>83985</last></range><range pcap="slave"><first>102936</first><offset>110349</offset><last>110791</last></range><range pcap="master"><first>106129</first><offset>113538</offset><last>113903</last></range></profile>