<profile><master_cap>/root/datasets/OfficialDataset/Flooding/flooding/training/frequent/20161021130706/20160830185614.master_replay_flooding/20160830185614.master_replay_flooding.master.pcap</master_cap><slave_cap>/root/datasets/OfficialDataset/Flooding/flooding/training/frequent/20161021130706/20160830185614.master_replay_flooding/20160830185614.master_replay_flooding.slave.pcap</slave_cap><attack_cap>/root/datasets/OfficialDataset/Flooding/flooding/training/frequent/20161021130706/20160830185614.master_replay_flooding/20160830185614.master_replay_flooding.attacker.pcap</attack_cap><start>2016-08-30 18:56:14.935951</start><finish>2016-08-30 18:56:34.527679</finish><attack>master_replay_flooding</attack><local_dir>/root/datasets/OfficialDataset/Flooding/flooding/training/frequent/20161021130706/20160830185614.master_replay_flooding</local_dir><first>5848</first><last>22640</last><range pcap="attacker"><first>62936</first><offset>68784</offset><last>68880</last></range><range pcap="slave"><first>79914</first><offset>88152</offset><last>88278</last></range><range pcap="master"><first>79481</first><offset>87715</offset><last>87811</last></range></profile>