<profile><master_cap>/root/datasets/OfficialDataset/Replay/replay/training/frequent/20161021142021/20160729021321.injection_replay_updaterAck/20160729021321.injection_replay_updaterAck.master.pcap</master_cap><slave_cap>/root/datasets/OfficialDataset/Replay/replay/training/frequent/20161021142021/20160729021321.injection_replay_updaterAck/20160729021321.injection_replay_updaterAck.slave.pcap</slave_cap><attack_cap>/root/datasets/OfficialDataset/Replay/replay/training/frequent/20161021142021/20160729021321.injection_replay_updaterAck/20160729021321.injection_replay_updaterAck.attacker.pcap</attack_cap><start>2016-07-29 02:13:21.528656</start><finish>2016-07-29 02:13:25.143693</finish><attack>injection_replay_updaterAck</attack><local_dir>/root/datasets/OfficialDataset/Replay/replay/training/frequent/20161021142021/20160729021321.injection_replay_updaterAck</local_dir><first>3267</first><last>361864</last><range pcap="attacker"><first>128190</first><offset>131457</offset><last>131493</last></range><range pcap="slave"><first>674132</first><offset>853167</offset><last>853403</last></range><range pcap="master"><first>673431</first><offset>852481</offset><last>852719</last></range></profile>