<profile><master_cap>/root/datasets/OfficialDataset/Flooding/flooding/training/frequent/20161021130706/20160830201114.master_flooding_freeze/20160830201114.master_flooding_freeze.master.pcap</master_cap><slave_cap>/root/datasets/OfficialDataset/Flooding/flooding/training/frequent/20161021130706/20160830201114.master_flooding_freeze/20160830201114.master_flooding_freeze.slave.pcap</slave_cap><attack_cap>/root/datasets/OfficialDataset/Flooding/flooding/training/frequent/20161021130706/20160830201114.master_flooding_freeze/20160830201114.master_flooding_freeze.attacker.pcap</attack_cap><start>2016-08-30 20:11:14.721480</start><finish>2016-08-30 20:12:27.914460</finish><attack>master_flooding_freeze</attack><local_dir>/root/datasets/OfficialDataset/Flooding/flooding/training/frequent/20161021130706/20160830201114.master_flooding_freeze</local_dir><first>3251</first><last>14513</last><range pcap="attacker"><first>82469</first><offset>85720</offset><last>86553</last></range><range pcap="slave"><first>106676</first><offset>111254</offset><last>112194</last></range><range pcap="master"><first>105127</first><offset>109701</offset><last>110036</last></range></profile>