<profile><master_cap>/root/datasets/OfficialDataset/Flooding/flooding/training/frequent/20161021130706/20160831065526.slave_masquerading_flooding/20160831065526.slave_masquerading_flooding.master.pcap</master_cap><slave_cap>/root/datasets/OfficialDataset/Flooding/flooding/training/frequent/20161021130706/20160831065526.slave_masquerading_flooding/20160831065526.slave_masquerading_flooding.slave.pcap</slave_cap><attack_cap>/root/datasets/OfficialDataset/Flooding/flooding/training/frequent/20161021130706/20160831065526.slave_masquerading_flooding/20160831065526.slave_masquerading_flooding.attacker.pcap</attack_cap><start>2016-08-31 06:55:26.360721</start><finish>2016-08-31 06:55:55.608153</finish><attack>slave_masquerading_flooding</attack><local_dir>/root/datasets/OfficialDataset/Flooding/flooding/training/frequent/20161021130706/20160831065526.slave_masquerading_flooding</local_dir><first>2415</first><last>13083</last><range pcap="attacker"><first>260928</first><offset>263343</offset><last>265219</last></range><range pcap="slave"><first>320362</first><offset>323762</offset><last>323875</last></range><range pcap="master"><first>312611</first><offset>316009</offset><last>317888</last></range></profile>