<profile><master_cap>/root/datasets/OfficialDataset/Injection/injection/training/frequent/20161021132150/20160813212531.injection_replay_updaterAck/20160813212531.injection_replay_updaterAck.master.pcap</master_cap><slave_cap>/root/datasets/OfficialDataset/Injection/injection/training/frequent/20161021132150/20160813212531.injection_replay_updaterAck/20160813212531.injection_replay_updaterAck.slave.pcap</slave_cap><attack_cap>/root/datasets/OfficialDataset/Injection/injection/training/frequent/20161021132150/20160813212531.injection_replay_updaterAck/20160813212531.injection_replay_updaterAck.attacker.pcap</attack_cap><start>2016-08-13 21:25:31.863560</start><finish>2016-08-13 21:25:42.455722</finish><attack>injection_replay_updaterAck</attack><local_dir>/root/datasets/OfficialDataset/Injection/injection/training/frequent/20161021132150/20160813212531.injection_replay_updaterAck</local_dir><first>2285</first><last>9874</last><range pcap="attacker"><first>138432</first><offset>140717</offset><last>140757</last></range><range pcap="slave"><first>1588861</first><offset>1592031</offset><last>1592633</last></range><range pcap="master"><first>1588619</first><offset>1591789</offset><last>1592394</last></range></profile>