<profile><master_cap>/root/datasets/OfficialDataset/Injection/injection/training/frequent/20161021132150/20160813223029.injection_push/20160813223029.injection_push.master.pcap</master_cap><slave_cap>/root/datasets/OfficialDataset/Injection/injection/training/frequent/20161021132150/20160813223029.injection_push/20160813223029.injection_push.slave.pcap</slave_cap><attack_cap>/root/datasets/OfficialDataset/Injection/injection/training/frequent/20161021132150/20160813223029.injection_push/20160813223029.injection_push.attacker.pcap</attack_cap><start>2016-08-13 22:30:29.851968</start><finish>2016-08-13 22:30:54.060072</finish><attack>injection_push</attack><local_dir>/root/datasets/OfficialDataset/Injection/injection/training/frequent/20161021132150/20160813223029.injection_push</local_dir><first>5308</first><last>218709</last><range pcap="attacker"><first>148813</first><offset>154121</offset><last>154209</last></range><range pcap="slave"><first>1660643</first><offset>1766628</offset><last>1767304</last></range><range pcap="master"><first>1660402</first><offset>1766369</offset><last>1767052</last></range></profile>