<profile><master_cap>/root/datasets/OfficialDataset/Replay/replay/training/frequent/20161021142021/20160729044037.master_replay_flooding/20160729044037.master_replay_flooding.master.pcap</master_cap><slave_cap>/root/datasets/OfficialDataset/Replay/replay/training/frequent/20161021142021/20160729044037.master_replay_flooding/20160729044037.master_replay_flooding.slave.pcap</slave_cap><attack_cap>/root/datasets/OfficialDataset/Replay/replay/training/frequent/20161021142021/20160729044037.master_replay_flooding/20160729044037.master_replay_flooding.attacker.pcap</attack_cap><start>2016-07-29 04:40:37.997223</start><finish>2016-07-29 04:41:13.175040</finish><attack>master_replay_flooding</attack><local_dir>/root/datasets/OfficialDataset/Replay/replay/training/frequent/20161021142021/20160729044037.master_replay_flooding</local_dir><first>3906</first><last>15315</last><range pcap="attacker"><first>159017</first><offset>162923</offset><last>163068</last></range><range pcap="slave"><first>1224402</first><offset>1229838</offset><last>1230043</last></range><range pcap="master"><first>1223490</first><offset>1228927</offset><last>1229111</last></range></profile>