<AttackProcessor pcap="20161021141910.attacker"><start>2016-07-27 18:21:16.334269</start><finish>2016-07-28 14:04:01.047730</finish><local_dir>/root/datasets/OfficialDataset/Replay/replay/training/infrequent</local_dir><first>36700</first><last>284479</last></AttackProcessor><AttackProcessor pcap="20161021141910.slave"><start>2016-07-27 18:21:16.334269</start><finish>2016-07-28 14:04:01.047730</finish><local_dir>/root/datasets/OfficialDataset/Replay/replay/training/infrequent</local_dir><first>51399</first><last>686868</last></AttackProcessor><AttackProcessor pcap="20161021141910.master"><start>2016-07-27 18:21:16.334269</start><finish>2016-07-28 14:04:01.047730</finish><local_dir>/root/datasets/OfficialDataset/Replay/replay/training/infrequent</local_dir><first>51394</first><last>686658</last></AttackProcessor>