<profile><master_cap>/root/datasets/OfficialDataset/Injection/injection/training/frequent/20161021132150/20160814090804.injection_push/20160814090804.injection_push.master.pcap</master_cap><slave_cap>/root/datasets/OfficialDataset/Injection/injection/training/frequent/20161021132150/20160814090804.injection_push/20160814090804.injection_push.slave.pcap</slave_cap><attack_cap>/root/datasets/OfficialDataset/Injection/injection/training/frequent/20161021132150/20160814090804.injection_push/20160814090804.injection_push.attacker.pcap</attack_cap><start>2016-08-14 09:08:04.811600</start><finish>2016-08-14 09:08:33.723742</finish><attack>injection_push</attack><local_dir>/root/datasets/OfficialDataset/Injection/injection/training/frequent/20161021132150/20160814090804.injection_push</local_dir><first>3260</first><last>13284</last><range pcap="attacker"><first>283004</first><offset>286264</offset><last>286365</last></range><range pcap="slave"><first>2995067</first><offset>2999654</offset><last>3000025</last></range><range pcap="master"><first>2994624</first><offset>2999209</offset><last>2999587</last></range></profile>