<profile><master_cap>/root/datasets/OfficialDataset/Masqurading/masquerading/training/frequent/20161021132756/20160827021919.slave_masquerading_flooding/20160827021919.slave_masquerading_flooding.master.pcap</master_cap><slave_cap>/root/datasets/OfficialDataset/Masqurading/masquerading/training/frequent/20161021132756/20160827021919.slave_masquerading_flooding/20160827021919.slave_masquerading_flooding.slave.pcap</slave_cap><attack_cap>/root/datasets/OfficialDataset/Masqurading/masquerading/training/frequent/20161021132756/20160827021919.slave_masquerading_flooding/20160827021919.slave_masquerading_flooding.attacker.pcap</attack_cap><start>2016-08-27 02:19:19.015883</start><finish>2016-08-27 02:19:48.599555</finish><attack>slave_masquerading_flooding</attack><local_dir>/root/datasets/OfficialDataset/Masqurading/masquerading/training/frequent/20161021132756/20160827021919.slave_masquerading_flooding</local_dir><first>4160</first><last>20280</last><range pcap="attacker"><first>176835</first><offset>180995</offset><last>183220</last></range><range pcap="slave"><first>230175</first><offset>235961</offset><last>236064</last></range><range pcap="master"><first>239602</first><offset>245382</offset><last>247606</last></range></profile>