<profile><master_cap>/root/datasets/OfficialDataset/Masqurading/masquerading/training/frequent/20161021132756/20160826195739.master_hijacking_masquerading/20160826195739.master_hijacking_masquerading.master.pcap</master_cap><slave_cap>/root/datasets/OfficialDataset/Masqurading/masquerading/training/frequent/20161021132756/20160826195739.master_hijacking_masquerading/20160826195739.master_hijacking_masquerading.slave.pcap</slave_cap><attack_cap>/root/datasets/OfficialDataset/Masqurading/masquerading/training/frequent/20161021132756/20160826195739.master_hijacking_masquerading/20160826195739.master_hijacking_masquerading.attacker.pcap</attack_cap><start>2016-08-26 19:57:39.163612</start><finish>2016-08-26 20:00:29.839862</finish><attack>master_hijacking_masquerading</attack><local_dir>/root/datasets/OfficialDataset/Masqurading/masquerading/training/frequent/20161021132756/20160826195739.master_hijacking_masquerading</local_dir><first>4988</first><last>21932</last><range pcap="attacker"><first>91252</first><offset>96240</offset><last>97094</last></range><range pcap="slave"><first>117743</first><offset>124757</offset><last>125912</last></range><range pcap="master"><first>123154</first><offset>130156</offset><last>131073</last></range></profile>