<profile><master_cap>/root/datasets/OfficialDataset/Flooding/flooding/training/frequent/20161021130706/20160831132545.slave_masquerading_flooding/20160831132545.slave_masquerading_flooding.master.pcap</master_cap><slave_cap>/root/datasets/OfficialDataset/Flooding/flooding/training/frequent/20161021130706/20160831132545.slave_masquerading_flooding/20160831132545.slave_masquerading_flooding.slave.pcap</slave_cap><attack_cap>/root/datasets/OfficialDataset/Flooding/flooding/training/frequent/20161021130706/20160831132545.slave_masquerading_flooding/20160831132545.slave_masquerading_flooding.attacker.pcap</attack_cap><start>2016-08-31 13:25:45.634187</start><finish>2016-08-31 13:26:09.027259</finish><attack>slave_masquerading_flooding</attack><local_dir>/root/datasets/OfficialDataset/Flooding/flooding/training/frequent/20161021130706/20160831132545.slave_masquerading_flooding</local_dir><first>5995</first><last>None</last><range pcap="attacker"><first>346958</first><offset>352953</offset><last>354475</last></range><range pcap="slave"><first>434166</first><offset>442472</offset><last>442573</last></range><range pcap="master"><first>424445</first><offset>432741</offset><last>434269</last></range></profile>