<profile><master_cap>/root/datasets/OfficialDataset/Injection/injection/training/frequent/20161021132150/20160814030925.injection_FreezeObj/20160814030925.injection_FreezeObj.master.pcap</master_cap><slave_cap>/root/datasets/OfficialDataset/Injection/injection/training/frequent/20161021132150/20160814030925.injection_FreezeObj/20160814030925.injection_FreezeObj.slave.pcap</slave_cap><attack_cap>/root/datasets/OfficialDataset/Injection/injection/training/frequent/20161021132150/20160814030925.injection_FreezeObj/20160814030925.injection_FreezeObj.attacker.pcap</attack_cap><start>2016-08-14 03:09:25.700861</start><finish>2016-08-14 03:09:52.751922</finish><attack>injection_FreezeObj</attack><local_dir>/root/datasets/OfficialDataset/Injection/injection/training/frequent/20161021132150/20160814030925.injection_FreezeObj</local_dir><first>5371</first><last>228556</last><range pcap="attacker"><first>206901</first><offset>212272</offset><last>212364</last></range><range pcap="slave"><first>2128348</first><offset>2238384</offset><last>2239907</last></range><range pcap="master"><first>2128048</first><offset>2238064</offset><last>2239580</last></range></profile>