<profile><master_cap>/root/datasets/OfficialDataset/Injection/injection/training/frequent/20161021132150/20160813235756.injection_FreezeObj/20160813235756.injection_FreezeObj.master.pcap</master_cap><slave_cap>/root/datasets/OfficialDataset/Injection/injection/training/frequent/20161021132150/20160813235756.injection_FreezeObj/20160813235756.injection_FreezeObj.slave.pcap</slave_cap><attack_cap>/root/datasets/OfficialDataset/Injection/injection/training/frequent/20161021132150/20160813235756.injection_FreezeObj/20160813235756.injection_FreezeObj.attacker.pcap</attack_cap><start>2016-08-13 23:57:56.272052</start><finish>2016-08-13 23:58:19.359744</finish><attack>injection_FreezeObj</attack><local_dir>/root/datasets/OfficialDataset/Injection/injection/training/frequent/20161021132150/20160813235756.injection_FreezeObj</local_dir><first>5708</first><last>32952</last><range pcap="attacker"><first>166732</first><offset>172440</offset><last>172515</last></range><range pcap="slave"><first>1914030</first><offset>1926893</offset><last>1927620</last></range><range pcap="master"><first>1913757</first><offset>1926612</offset><last>1927334</last></range></profile>