<profile><master_cap>/root/datasets/OfficialDataset/Flooding/flooding/training/frequent/20161021130706/20160830151432.slave_masquerading_flooding/20160830151432.slave_masquerading_flooding.master.pcap</master_cap><slave_cap>/root/datasets/OfficialDataset/Flooding/flooding/training/frequent/20161021130706/20160830151432.slave_masquerading_flooding/20160830151432.slave_masquerading_flooding.slave.pcap</slave_cap><attack_cap>/root/datasets/OfficialDataset/Flooding/flooding/training/frequent/20161021130706/20160830151432.slave_masquerading_flooding/20160830151432.slave_masquerading_flooding.attacker.pcap</attack_cap><start>2016-08-30 15:14:32.731590</start><finish>2016-08-30 15:15:02.547578</finish><attack>slave_masquerading_flooding</attack><local_dir>/root/datasets/OfficialDataset/Flooding/flooding/training/frequent/20161021130706/20160830151432.slave_masquerading_flooding</local_dir><first>5980</first><last>27375</last><range pcap="attacker"><first>8511</first><offset>14491</offset><last>16724</last></range><range pcap="slave"><first>11280</first><offset>19691</offset><last>19801</last></range><range pcap="master"><first>10676</first><offset>19081</offset><last>21315</last></range></profile>