<profile><master_cap>/root/datasets/OfficialDataset/MITM/MITM/training/frequent/20161021140907/20160924122105.MITM_hijack_injection/20160924122105.MITM_hijack_injection.master.pcap</master_cap><slave_cap>/root/datasets/OfficialDataset/MITM/MITM/training/frequent/20161021140907/20160924122105.MITM_hijack_injection/20160924122105.MITM_hijack_injection.slave.pcap</slave_cap><attack_cap>/root/datasets/OfficialDataset/MITM/MITM/training/frequent/20161021140907/20160924122105.MITM_hijack_injection/20160924122105.MITM_hijack_injection.attacker.pcap</attack_cap><start>2016-09-24 12:21:05.923665</start><finish>2016-09-24 12:22:15.902274</finish><attack>MITM_hijack_injection</attack><local_dir>/root/datasets/OfficialDataset/MITM/MITM/training/frequent/20161021140907/20160924122105.MITM_hijack_injection</local_dir><first>3740</first><last>44321</last><range pcap="attacker"><first>250410</first><offset>254150</offset><last>254713</last></range><range pcap="slave"><first>1227603</first><offset>1232879</offset><last>1247624</last></range><range pcap="master"><first>1227490</first><offset>1232764</offset><last>1247485</last></range></profile>