<profile><master_cap>/root/datasets/OfficialDataset/Flooding/flooding/training/frequent/20161021130706/20160831011444.slave_masquerading_flooding/20160831011444.slave_masquerading_flooding.master.pcap</master_cap><slave_cap>/root/datasets/OfficialDataset/Flooding/flooding/training/frequent/20161021130706/20160831011444.slave_masquerading_flooding/20160831011444.slave_masquerading_flooding.slave.pcap</slave_cap><attack_cap>/root/datasets/OfficialDataset/Flooding/flooding/training/frequent/20161021130706/20160831011444.slave_masquerading_flooding/20160831011444.slave_masquerading_flooding.attacker.pcap</attack_cap><start>2016-08-31 01:14:44.119924</start><finish>2016-08-31 01:15:16.819275</finish><attack>slave_masquerading_flooding</attack><local_dir>/root/datasets/OfficialDataset/Flooding/flooding/training/frequent/20161021130706/20160831011444.slave_masquerading_flooding</local_dir><first>2300</first><last>14193</last><range pcap="attacker"><first>162173</first><offset>164473</offset><last>167175</last></range><range pcap="slave"><first>200001</first><offset>203183</offset><last>203315</last></range><range pcap="master"><first>206792</first><offset>209961</offset><last>212667</last></range></profile>