<profile><master_cap>/root/datasets/OfficialDataset/Injection/injection/training/frequent/20161021132150/20160814092818.injection_push/20160814092818.injection_push.master.pcap</master_cap><slave_cap>/root/datasets/OfficialDataset/Injection/injection/training/frequent/20161021132150/20160814092818.injection_push/20160814092818.injection_push.slave.pcap</slave_cap><attack_cap>/root/datasets/OfficialDataset/Injection/injection/training/frequent/20161021132150/20160814092818.injection_push/20160814092818.injection_push.attacker.pcap</attack_cap><start>2016-08-14 09:28:18.829422</start><finish>2016-08-14 09:28:45.803739</finish><attack>injection_push</attack><local_dir>/root/datasets/OfficialDataset/Injection/injection/training/frequent/20161021132150/20160814092818.injection_push</local_dir><first>4052</first><last>None</last><range pcap="attacker"><first>286366</first><offset>290418</offset><last>290501</last></range><range pcap="slave"><first>3000026</first><offset>3103613</offset><last>3104343</last></range><range pcap="master"><first>2999588</first><offset>3103160</offset><last>3103898</last></range></profile>