<profile><master_cap>/root/datasets/OfficialDataset/Injection/injection/training/frequent/20161021132150/20160813172040.injection_replay/20160813172040.injection_replay.master.pcap</master_cap><slave_cap>/root/datasets/OfficialDataset/Injection/injection/training/frequent/20161021132150/20160813172040.injection_replay/20160813172040.injection_replay.slave.pcap</slave_cap><attack_cap>/root/datasets/OfficialDataset/Injection/injection/training/frequent/20161021132150/20160813172040.injection_replay/20160813172040.injection_replay.attacker.pcap</attack_cap><start>2016-08-13 17:20:40.611731</start><finish>2016-08-13 17:20:45.003844</finish><attack>injection_replay</attack><local_dir>/root/datasets/OfficialDataset/Injection/injection/training/frequent/20161021132150/20160813172040.injection_replay</local_dir><first>4890</first><last>216408</last><range pcap="attacker"><first>85191</first><offset>90081</offset><last>90128</last></range><range pcap="slave"><first>841945</first><offset>947632</offset><last>947686</last></range><range pcap="master"><first>841795</first><offset>947465</offset><last>947523</last></range></profile>