<profile><master_cap>/root/datasets/OfficialDataset/Injection/injection/training/frequent/20161021132150/20160814033848.injection_replay/20160814033848.injection_replay.master.pcap</master_cap><slave_cap>/root/datasets/OfficialDataset/Injection/injection/training/frequent/20161021132150/20160814033848.injection_replay/20160814033848.injection_replay.slave.pcap</slave_cap><attack_cap>/root/datasets/OfficialDataset/Injection/injection/training/frequent/20161021132150/20160814033848.injection_replay/20160814033848.injection_replay.attacker.pcap</attack_cap><start>2016-08-14 03:38:48.852187</start><finish>2016-08-14 03:38:53.270194</finish><attack>injection_replay</attack><local_dir>/root/datasets/OfficialDataset/Injection/injection/training/frequent/20161021132150/20160814033848.injection_replay</local_dir><first>5965</first><last>199245</last><range pcap="attacker"><first>212365</first><offset>218330</offset><last>218342</last></range><range pcap="slave"><first>2239908</first><offset>2336539</offset><last>2336551</last></range><range pcap="master"><first>2239581</first><offset>2336190</offset><last>2336204</last></range></profile>