<profile><master_cap>/root/datasets/OfficialDataset/MITM/MITM/training/infrequent/20161021135759/20160922181344.nmap/20160922181344.nmap.master.pcap</master_cap><slave_cap>/root/datasets/OfficialDataset/MITM/MITM/training/infrequent/20161021135759/20160922181344.nmap/20160922181344.nmap.slave.pcap</slave_cap><attack_cap>/root/datasets/OfficialDataset/MITM/MITM/training/infrequent/20161021135759/20160922181344.nmap/20160922181344.nmap.attacker.pcap</attack_cap><start>2016-09-22 18:13:44.774769</start><finish>2016-09-22 18:13:47.281523</finish><attack>nmap</attack><local_dir>/root/datasets/OfficialDataset/MITM/MITM/training/infrequent/20161021135759/20160922181344.nmap</local_dir><first>0</first><last>1412</last><range pcap="attacker"><first>0</first><offset>0</offset><last>543</last></range><range pcap="slave"><first>0</first><offset>0</offset><last>434</last></range><range pcap="master"><first>0</first><offset>0</offset><last>433</last></range></profile>