<profile><master_cap>/root/datasets/OfficialDataset/Injection/injection/training/frequent/20161021132150/20160813111214.injection_replay_updaterAck/20160813111214.injection_replay_updaterAck.master.pcap</master_cap><slave_cap>/root/datasets/OfficialDataset/Injection/injection/training/frequent/20161021132150/20160813111214.injection_replay_updaterAck/20160813111214.injection_replay_updaterAck.slave.pcap</slave_cap><attack_cap>/root/datasets/OfficialDataset/Injection/injection/training/frequent/20161021132150/20160813111214.injection_replay_updaterAck/20160813111214.injection_replay_updaterAck.attacker.pcap</attack_cap><start>2016-08-13 11:12:14.866716</start><finish>2016-08-13 11:12:21.079896</finish><attack>injection_replay_updaterAck</attack><local_dir>/root/datasets/OfficialDataset/Injection/injection/training/frequent/20161021132150/20160813111214.injection_replay_updaterAck</local_dir><first>4262</first><last>128390</last><range pcap="attacker"><first>8914</first><offset>13176</offset><last>13228</last></range><range pcap="slave"><first>150175</first><offset>211769</offset><last>212202</last></range><range pcap="master"><first>150122</first><offset>211733</offset><last>212169</last></range></profile>