<profile><master_cap>/root/datasets/OfficialDataset/Replay/replay/training/infrequent/20161021141910/20160728114844.master_hijacking_replay/20160728114844.master_hijacking_replay.master.pcap</master_cap><slave_cap>/root/datasets/OfficialDataset/Replay/replay/training/infrequent/20161021141910/20160728114844.master_hijacking_replay/20160728114844.master_hijacking_replay.slave.pcap</slave_cap><attack_cap>/root/datasets/OfficialDataset/Replay/replay/training/infrequent/20161021141910/20160728114844.master_hijacking_replay/20160728114844.master_hijacking_replay.attacker.pcap</attack_cap><start>2016-07-28 11:48:44.838316</start><finish>2016-07-28 11:50:03.506826</finish><attack>master_hijacking_replay</attack><local_dir>/root/datasets/OfficialDataset/Replay/replay/training/infrequent/20161021141910/20160728114844.master_hijacking_replay</local_dir><first>37022</first><last>142017</last><range pcap="attacker"><first>182481</first><offset>219503</offset><last>219829</last></range><range pcap="slave"><first>543906</first><offset>595831</offset><last>596274</last></range><range pcap="master"><first>543768</first><offset>595684</offset><last>596067</last></range></profile>