<profile><master_cap>/root/datasets/OfficialDataset/MITM/MITM/training/frequent/20161021140907/20160923173008.MITM_modification_BinaryInputDataDelete/20160923173008.MITM_modification_BinaryInputDataDelete.master.pcap</master_cap><slave_cap>/root/datasets/OfficialDataset/MITM/MITM/training/frequent/20161021140907/20160923173008.MITM_modification_BinaryInputDataDelete/20160923173008.MITM_modification_BinaryInputDataDelete.slave.pcap</slave_cap><attack_cap>/root/datasets/OfficialDataset/MITM/MITM/training/frequent/20161021140907/20160923173008.MITM_modification_BinaryInputDataDelete/20160923173008.MITM_modification_BinaryInputDataDelete.attacker.pcap</attack_cap><start>2016-09-23 17:30:08.217036</start><finish>2016-09-23 17:30:50.963500</finish><attack>MITM_modification_BinaryInputDataDelete</attack><local_dir>/root/datasets/OfficialDataset/MITM/MITM/training/frequent/20161021140907/20160923173008.MITM_modification_BinaryInputDataDelete</local_dir><first>4144</first><last>16724</last><range pcap="attacker"><first>3608</first><offset>7752</offset><last>8109</last></range><range pcap="slave"><first>4463</first><offset>10291</offset><last>10570</last></range><range pcap="master"><first>4455</first><offset>10283</offset><last>10569</last></range></profile>