<profile><master_cap>/root/datasets/OfficialDataset/Injection/injection/training/infrequent/20161021132245/20160812112313.reconnaissance/20160812112313.reconnaissance.master.pcap</master_cap><slave_cap>/root/datasets/OfficialDataset/Injection/injection/training/infrequent/20161021132245/20160812112313.reconnaissance/20160812112313.reconnaissance.slave.pcap</slave_cap><attack_cap>/root/datasets/OfficialDataset/Injection/injection/training/infrequent/20161021132245/20160812112313.reconnaissance/20160812112313.reconnaissance.attacker.pcap</attack_cap><start>2016-08-12 11:23:13.732743</start><finish>2016-08-12 11:23:17.902704</finish><attack>reconnaissance</attack><local_dir>/root/datasets/OfficialDataset/Injection/injection/training/infrequent/20161021132245/20160812112313.reconnaissance</local_dir><first>50</first><last>237</last><range pcap="attacker"><first>543</first><offset>593</offset><last>614</last></range><range pcap="slave"><first>408</first><offset>467</offset><last>497</last></range><range pcap="master"><first>405</first><offset>464</offset><last>480</last></range></profile>