<profile><master_cap>/root/datasets/OfficialDataset/Attacks/attacks/training/frequent/20161021143503/20161010205356.MITM_modification_BinaryInputPointDelete/20161010205356.MITM_modification_BinaryInputPointDelete.master.pcap</master_cap><slave_cap>/root/datasets/OfficialDataset/Attacks/attacks/training/frequent/20161021143503/20161010205356.MITM_modification_BinaryInputPointDelete/20161010205356.MITM_modification_BinaryInputPointDelete.slave.pcap</slave_cap><attack_cap>/root/datasets/OfficialDataset/Attacks/attacks/training/frequent/20161021143503/20161010205356.MITM_modification_BinaryInputPointDelete/20161010205356.MITM_modification_BinaryInputPointDelete.attacker.pcap</attack_cap><start>2016-10-10 20:53:56.197713</start><finish>2016-10-10 20:55:08.449694</finish><attack>MITM_modification_BinaryInputPointDelete</attack><local_dir>/root/datasets/OfficialDataset/Attacks/attacks/training/frequent/20161021143503/20161010205356.MITM_modification_BinaryInputPointDelete</local_dir><first>4620</first><last>88723</last><range pcap="attacker"><first>42824</first><offset>47444</offset><last>48055</last></range><range pcap="slave"><first>55293</first><offset>61707</offset><last>97029</last></range><range pcap="master"><first>46554</first><offset>52970</offset><last>88308</last></range></profile>