<profile><master_cap>/root/datasets/OfficialDataset/Attacks/attacks/training/frequent/20161021143503/20161011091657.slave_masquerading_ObjectSpoofBinaryFuzz/20161011091657.slave_masquerading_ObjectSpoofBinaryFuzz.master.pcap</master_cap><slave_cap>/root/datasets/OfficialDataset/Attacks/attacks/training/frequent/20161021143503/20161011091657.slave_masquerading_ObjectSpoofBinaryFuzz/20161011091657.slave_masquerading_ObjectSpoofBinaryFuzz.slave.pcap</slave_cap><attack_cap>/root/datasets/OfficialDataset/Attacks/attacks/training/frequent/20161021143503/20161011091657.slave_masquerading_ObjectSpoofBinaryFuzz/20161011091657.slave_masquerading_ObjectSpoofBinaryFuzz.attacker.pcap</attack_cap><start>2016-10-11 09:16:57.625472</start><finish>2016-10-11 09:17:14.306737</finish><attack>slave_masquerading_ObjectSpoofBinaryFuzz</attack><local_dir>/root/datasets/OfficialDataset/Attacks/attacks/training/frequent/20161021143503/20161011091657.slave_masquerading_ObjectSpoofBinaryFuzz</local_dir><first>2381</first><last>9481</last><range pcap="attacker"><first>210525</first><offset>212906</offset><last>213058</last></range><range pcap="slave"><first>574320</first><offset>577670</offset><last>577765</last></range><range pcap="master"><first>567929</first><offset>571275</offset><last>571430</last></range></profile>