<profile><master_cap>/root/datasets/OfficialDataset/Injection/injection/training/frequent/20161021132150/20160813121526.injection_replay/20160813121526.injection_replay.master.pcap</master_cap><slave_cap>/root/datasets/OfficialDataset/Injection/injection/training/frequent/20161021132150/20160813121526.injection_replay/20160813121526.injection_replay.slave.pcap</slave_cap><attack_cap>/root/datasets/OfficialDataset/Injection/injection/training/frequent/20161021132150/20160813121526.injection_replay/20160813121526.injection_replay.attacker.pcap</attack_cap><start>2016-08-13 12:15:26.578921</start><finish>2016-08-13 12:15:30.899977</finish><attack>injection_replay</attack><local_dir>/root/datasets/OfficialDataset/Injection/injection/training/frequent/20161021132150/20160813121526.injection_replay</local_dir><first>2249</first><last>60011</last><range pcap="attacker"><first>24232</first><offset>26481</offset><last>26501</last></range><range pcap="slave"><first>374242</first><offset>403085</offset><last>403111</last></range><range pcap="master"><first>374177</first><offset>403022</offset><last>403048</last></range></profile>