<profile><master_cap>/root/datasets/OfficialDataset/Masqurading/masquerading/training/infrequent/20161021132730/20160825164849.slave_masquerading_flooding/20160825164849.slave_masquerading_flooding.master.pcap</master_cap><slave_cap>/root/datasets/OfficialDataset/Masqurading/masquerading/training/infrequent/20161021132730/20160825164849.slave_masquerading_flooding/20160825164849.slave_masquerading_flooding.slave.pcap</slave_cap><attack_cap>/root/datasets/OfficialDataset/Masqurading/masquerading/training/infrequent/20161021132730/20160825164849.slave_masquerading_flooding/20160825164849.slave_masquerading_flooding.attacker.pcap</attack_cap><start>2016-08-25 16:48:49.519397</start><finish>2016-08-25 16:49:21.860812</finish><attack>slave_masquerading_flooding</attack><local_dir>/root/datasets/OfficialDataset/Masqurading/masquerading/training/infrequent/20161021132730/20160825164849.slave_masquerading_flooding</local_dir><first>29941</first><last>118861</last><range pcap="attacker"><first>617</first><offset>30558</offset><last>33074</last></range><range pcap="slave"><first>497</first><offset>42377</offset><last>42505</last></range><range pcap="master"><first>484</first><offset>42361</offset><last>44878</last></range></profile>