<profile><master_cap>/root/datasets/OfficialDataset/MITM/MITM/training/frequent/20161021140907/20160924073837.MITM_modification_ImmedFreezeNR/20160924073837.MITM_modification_ImmedFreezeNR.master.pcap</master_cap><slave_cap>/root/datasets/OfficialDataset/MITM/MITM/training/frequent/20161021140907/20160924073837.MITM_modification_ImmedFreezeNR/20160924073837.MITM_modification_ImmedFreezeNR.slave.pcap</slave_cap><attack_cap>/root/datasets/OfficialDataset/MITM/MITM/training/frequent/20161021140907/20160924073837.MITM_modification_ImmedFreezeNR/20160924073837.MITM_modification_ImmedFreezeNR.attacker.pcap</attack_cap><start>2016-09-24 07:38:37.938812</start><finish>2016-09-24 07:39:17.330334</finish><attack>MITM_modification_ImmedFreezeNR</attack><local_dir>/root/datasets/OfficialDataset/MITM/MITM/training/frequent/20161021140907/20160924073837.MITM_modification_ImmedFreezeNR</local_dir><first>4959</first><last>19755</last><range pcap="attacker"><first>187360</first><offset>192319</offset><last>192624</last></range><range pcap="slave"><first>775294</first><offset>782286</offset><last>782538</last></range><range pcap="master"><first>775293</first><offset>782287</offset><last>782538</last></range></profile>