<profile><master_cap>/root/datasets/OfficialDataset/Masqurading/masquerading/training/infrequent/20161021132730/20160826042630.slave_masquerading_ObjectSpoofCounterFuzz/20160826042630.slave_masquerading_ObjectSpoofCounterFuzz.master.pcap</master_cap><slave_cap>/root/datasets/OfficialDataset/Masqurading/masquerading/training/infrequent/20161021132730/20160826042630.slave_masquerading_ObjectSpoofCounterFuzz/20160826042630.slave_masquerading_ObjectSpoofCounterFuzz.slave.pcap</slave_cap><attack_cap>/root/datasets/OfficialDataset/Masqurading/masquerading/training/infrequent/20161021132730/20160826042630.slave_masquerading_ObjectSpoofCounterFuzz/20160826042630.slave_masquerading_ObjectSpoofCounterFuzz.attacker.pcap</attack_cap><start>2016-08-26 04:26:30.073361</start><finish>2016-08-26 04:27:30.659019</finish><attack>slave_masquerading_ObjectSpoofCounterFuzz</attack><local_dir>/root/datasets/OfficialDataset/Masqurading/masquerading/training/infrequent/20161021132730/20160826042630.slave_masquerading_ObjectSpoofCounterFuzz</local_dir><first>34573</first><last>132439</last><range pcap="attacker"><first>145534</first><offset>180107</offset><last>180602</last></range><range pcap="slave"><first>197953</first><offset>246285</offset><last>246503</last></range><range pcap="master"><first>201064</first><offset>249389</offset><last>249883</last></range></profile>