<profile><master_cap>/root/datasets/OfficialDataset/Replay/replay/training/frequent/20161021142021/20160729081039.injection_replay/20160729081039.injection_replay.master.pcap</master_cap><slave_cap>/root/datasets/OfficialDataset/Replay/replay/training/frequent/20161021142021/20160729081039.injection_replay/20160729081039.injection_replay.slave.pcap</slave_cap><attack_cap>/root/datasets/OfficialDataset/Replay/replay/training/frequent/20161021142021/20160729081039.injection_replay/20160729081039.injection_replay.attacker.pcap</attack_cap><start>2016-07-29 08:10:39.472252</start><finish>2016-07-29 08:10:43.675824</finish><attack>injection_replay</attack><local_dir>/root/datasets/OfficialDataset/Replay/replay/training/frequent/20161021142021/20160729081039.injection_replay</local_dir><first>5094</first><last>221121</last><range pcap="attacker"><first>201783</first><offset>206877</offset><last>206888</last></range><range pcap="slave"><first>1704390</first><offset>1812393</offset><last>1812407</last></range><range pcap="master"><first>1703371</first><offset>1811354</offset><last>1811368</last></range></profile>