<profile><master_cap>/root/datasets/OfficialDataset/Masqurading/masquerading/training/frequent/20161021132756/20160826211743.slave_masquerading_flooding/20160826211743.slave_masquerading_flooding.master.pcap</master_cap><slave_cap>/root/datasets/OfficialDataset/Masqurading/masquerading/training/frequent/20161021132756/20160826211743.slave_masquerading_flooding/20160826211743.slave_masquerading_flooding.slave.pcap</slave_cap><attack_cap>/root/datasets/OfficialDataset/Masqurading/masquerading/training/frequent/20161021132756/20160826211743.slave_masquerading_flooding/20160826211743.slave_masquerading_flooding.attacker.pcap</attack_cap><start>2016-08-26 21:17:43.655540</start><finish>2016-08-26 21:17:52.202610</finish><attack>slave_masquerading_flooding</attack><local_dir>/root/datasets/OfficialDataset/Masqurading/masquerading/training/frequent/20161021132756/20160826211743.slave_masquerading_flooding</local_dir><first>5659</first><last>21708</last><range pcap="attacker"><first>107877</first><offset>113536</offset><last>113654</last></range><range pcap="slave"><first>140631</first><offset>148506</offset><last>148562</last></range><range pcap="master"><first>145812</first><offset>153683</offset><last>153810</last></range></profile>