<profile><master_cap>/root/datasets/OfficialDataset/Masqurading/masquerading/training/frequent/20161021132756/20160827050520.master_masquerading/20160827050520.master_masquerading.master.pcap</master_cap><slave_cap>/root/datasets/OfficialDataset/Masqurading/masquerading/training/frequent/20161021132756/20160827050520.master_masquerading/20160827050520.master_masquerading.slave.pcap</slave_cap><attack_cap>/root/datasets/OfficialDataset/Masqurading/masquerading/training/frequent/20161021132756/20160827050520.master_masquerading/20160827050520.master_masquerading.attacker.pcap</attack_cap><start>2016-08-27 05:05:20.849480</start><finish>2016-08-27 05:06:37.431665</finish><attack>master_masquerading</attack><local_dir>/root/datasets/OfficialDataset/Masqurading/masquerading/training/frequent/20161021132756/20160827050520.master_masquerading</local_dir><first>2144</first><last>9356</last><range pcap="attacker"><first>216309</first><offset>218453</offset><last>218788</last></range><range pcap="slave"><first>280843</first><offset>283870</offset><last>284321</last></range><range pcap="master"><first>292932</first><offset>295955</offset><last>296329</last></range></profile>