<profile><master_cap>/root/datasets/OfficialDataset/Replay/replay/training/frequent/20161021142021/20160729104818.injection_replay_updaterAck/20160729104818.injection_replay_updaterAck.master.pcap</master_cap><slave_cap>/root/datasets/OfficialDataset/Replay/replay/training/frequent/20161021142021/20160729104818.injection_replay_updaterAck/20160729104818.injection_replay_updaterAck.slave.pcap</slave_cap><attack_cap>/root/datasets/OfficialDataset/Replay/replay/training/frequent/20161021142021/20160729104818.injection_replay_updaterAck/20160729104818.injection_replay_updaterAck.attacker.pcap</attack_cap><start>2016-07-29 10:48:18.732401</start><finish>2016-07-29 10:48:28.227853</finish><attack>injection_replay_updaterAck</attack><local_dir>/root/datasets/OfficialDataset/Replay/replay/training/frequent/20161021142021/20160729104818.injection_replay_updaterAck</local_dir><first>5072</first><last>19639</last><range pcap="attacker"><first>235158</first><offset>240230</offset><last>240256</last></range><range pcap="slave"><first>2087702</first><offset>2094786</offset><last>2094972</last></range><range pcap="master"><first>2086414</first><offset>2093492</offset><last>2093683</last></range></profile>