<profile><master_cap>/root/datasets/OfficialDataset/Replay/replay/training/frequent/20161021142021/20160728183220.injection_replay_updaterAck/20160728183220.injection_replay_updaterAck.master.pcap</master_cap><slave_cap>/root/datasets/OfficialDataset/Replay/replay/training/frequent/20161021142021/20160728183220.injection_replay_updaterAck/20160728183220.injection_replay_updaterAck.slave.pcap</slave_cap><attack_cap>/root/datasets/OfficialDataset/Replay/replay/training/frequent/20161021142021/20160728183220.injection_replay_updaterAck/20160728183220.injection_replay_updaterAck.attacker.pcap</attack_cap><start>2016-07-28 18:32:20.067875</start><finish>2016-07-28 18:32:31.559596</finish><attack>injection_replay_updaterAck</attack><local_dir>/root/datasets/OfficialDataset/Replay/replay/training/frequent/20161021142021/20160728183220.injection_replay_updaterAck</local_dir><first>5351</first><last>20771</last><range pcap="attacker"><first>28686</first><offset>34037</offset><last>34081</last></range><range pcap="slave"><first>84172</first><offset>91680</offset><last>91858</last></range><range pcap="master"><first>83898</first><offset>91407</offset><last>91586</last></range></profile>