<profile><master_cap>/root/datasets/OfficialDataset/Injection/injection/training/frequent/20161021132150/20160814043511.injection_replay/20160814043511.injection_replay.master.pcap</master_cap><slave_cap>/root/datasets/OfficialDataset/Injection/injection/training/frequent/20161021132150/20160814043511.injection_replay/20160814043511.injection_replay.slave.pcap</slave_cap><attack_cap>/root/datasets/OfficialDataset/Injection/injection/training/frequent/20161021132150/20160814043511.injection_replay/20160814043511.injection_replay.attacker.pcap</attack_cap><start>2016-08-14 04:35:11.297677</start><finish>2016-08-14 04:35:15.812770</finish><attack>injection_replay</attack><local_dir>/root/datasets/OfficialDataset/Injection/injection/training/frequent/20161021132150/20160814043511.injection_replay</local_dir><first>5260</first><last>47923</last><range pcap="attacker"><first>224700</first><offset>229960</offset><last>229972</last></range><range pcap="slave"><first>2345503</first><offset>2366810</offset><last>2366823</last></range><range pcap="master"><first>2345150</first><offset>2366462</offset><last>2366479</last></range></profile>