<profile><master_cap>/root/datasets/OfficialDataset/Flooding/flooding/training/frequent/20161021130706/20160831031359.master_flooding/20160831031359.master_flooding.master.pcap</master_cap><slave_cap>/root/datasets/OfficialDataset/Flooding/flooding/training/frequent/20161021130706/20160831031359.master_flooding/20160831031359.master_flooding.slave.pcap</slave_cap><attack_cap>/root/datasets/OfficialDataset/Flooding/flooding/training/frequent/20161021130706/20160831031359.master_flooding/20160831031359.master_flooding.attacker.pcap</attack_cap><start>2016-08-31 03:13:59.148870</start><finish>2016-08-31 03:15:03.428458</finish><attack>master_flooding</attack><local_dir>/root/datasets/OfficialDataset/Flooding/flooding/training/frequent/20161021130706/20160831031359.master_flooding</local_dir><first>4156</first><last>17799</last><range pcap="attacker"><first>194056</first><offset>198212</offset><last>199047</last></range><range pcap="slave"><first>236138</first><offset>241905</offset><last>242840</last></range><range pcap="master"><first>243809</first><offset>249564</offset><last>249913</last></range></profile>