<profile><master_cap>/root/datasets/OfficialDataset/Replay/replay/training/infrequent/20161021141910/20160727205125.injection_replay_updaterAck/20160727205125.injection_replay_updaterAck.master.pcap</master_cap><slave_cap>/root/datasets/OfficialDataset/Replay/replay/training/infrequent/20161021141910/20160727205125.injection_replay_updaterAck/20160727205125.injection_replay_updaterAck.slave.pcap</slave_cap><attack_cap>/root/datasets/OfficialDataset/Replay/replay/training/infrequent/20161021141910/20160727205125.injection_replay_updaterAck/20160727205125.injection_replay_updaterAck.attacker.pcap</attack_cap><start>2016-07-27 20:51:25.018433</start><finish>2016-07-27 20:51:28.723626</finish><attack>injection_replay_updaterAck</attack><local_dir>/root/datasets/OfficialDataset/Replay/replay/training/infrequent/20161021141910/20160727205125.injection_replay_updaterAck</local_dir><first>31375</first><last>119491</last><range pcap="attacker"><first>607</first><offset>31982</offset><last>32026</last></range><range pcap="slave"><first>481</first><offset>44342</offset><last>44516</last></range><range pcap="master"><first>470</first><offset>44329</offset><last>44505</last></range></profile>