<profile><master_cap>/root/datasets/OfficialDataset/Flooding/flooding/training/infrequent/20161021130632/20160829215905.master_hijacking_replay_flooding/20160829215905.master_hijacking_replay_flooding.master.pcap</master_cap><slave_cap>/root/datasets/OfficialDataset/Flooding/flooding/training/infrequent/20161021130632/20160829215905.master_hijacking_replay_flooding/20160829215905.master_hijacking_replay_flooding.slave.pcap</slave_cap><attack_cap>/root/datasets/OfficialDataset/Flooding/flooding/training/infrequent/20161021130632/20160829215905.master_hijacking_replay_flooding/20160829215905.master_hijacking_replay_flooding.attacker.pcap</attack_cap><start>2016-08-29 21:59:05.308638</start><finish>2016-08-29 22:00:15.423629</finish><attack>master_hijacking_replay_flooding</attack><local_dir>/root/datasets/OfficialDataset/Flooding/flooding/training/infrequent/20161021130632/20160829215905.master_hijacking_replay_flooding</local_dir><first>14055</first><last>54730</last><range pcap="attacker"><first>55594</first><offset>69649</offset><last>69985</last></range><range pcap="slave"><first>75394</first><offset>95154</offset><last>95599</last></range><range pcap="master"><first>77033</first><offset>96785</offset><last>97165</last></range></profile>