<profile><master_cap>/root/datasets/OfficialDataset/Flooding/flooding/training/frequent/20161021130706/20160830141028.nmap/20160830141028.nmap.master.pcap</master_cap><slave_cap>/root/datasets/OfficialDataset/Flooding/flooding/training/frequent/20161021130706/20160830141028.nmap/20160830141028.nmap.slave.pcap</slave_cap><attack_cap>/root/datasets/OfficialDataset/Flooding/flooding/training/frequent/20161021130706/20160830141028.nmap/20160830141028.nmap.attacker.pcap</attack_cap><start>2016-08-30 14:10:28.047542</start><finish>2016-08-30 14:10:30.802581</finish><attack>nmap</attack><local_dir>/root/datasets/OfficialDataset/Flooding/flooding/training/frequent/20161021130706/20160830141028.nmap</local_dir><first>0</first><last>1329</last><range pcap="attacker"><first>0</first><offset>0</offset><last>539</last></range><range pcap="slave"><first>0</first><offset>0</offset><last>394</last></range><range pcap="master"><first>0</first><offset>0</offset><last>394</last></range></profile>