<profile><master_cap>/root/datasets/OfficialDataset/Replay/replay/training/frequent/20161021142021/20160728192153.injection_replay/20160728192153.injection_replay.master.pcap</master_cap><slave_cap>/root/datasets/OfficialDataset/Replay/replay/training/frequent/20161021142021/20160728192153.injection_replay/20160728192153.injection_replay.slave.pcap</slave_cap><attack_cap>/root/datasets/OfficialDataset/Replay/replay/training/frequent/20161021142021/20160728192153.injection_replay/20160728192153.injection_replay.attacker.pcap</attack_cap><start>2016-07-28 19:21:53.622131</start><finish>2016-07-28 19:21:57.923987</finish><attack>injection_replay</attack><local_dir>/root/datasets/OfficialDataset/Replay/replay/training/frequent/20161021142021/20160728192153.injection_replay</local_dir><first>5847</first><last>22090</last><range pcap="attacker"><first>38647</first><offset>44494</offset><last>44506</last></range><range pcap="slave"><first>286575</first><offset>294683</offset><last>294696</last></range><range pcap="master"><first>286312</first><offset>294405</offset><last>294420</last></range></profile>