<profile><master_cap>/root/datasets/OfficialDataset/Attacks/attacks/training/frequent/20161021143503/20161010175445.nmap/20161010175445.nmap.master.pcap</master_cap><slave_cap>/root/datasets/OfficialDataset/Attacks/attacks/training/frequent/20161021143503/20161010175445.nmap/20161010175445.nmap.slave.pcap</slave_cap><attack_cap>/root/datasets/OfficialDataset/Attacks/attacks/training/frequent/20161021143503/20161010175445.nmap/20161010175445.nmap.attacker.pcap</attack_cap><start>2016-10-10 17:54:45.659427</start><finish>2016-10-10 17:54:48.039687</finish><attack>nmap</attack><local_dir>/root/datasets/OfficialDataset/Attacks/attacks/training/frequent/20161021143503/20161010175445.nmap</local_dir><first>0</first><last>1372</last><range pcap="attacker"><first>0</first><offset>0</offset><last>543</last></range><range pcap="slave"><first>0</first><offset>0</offset><last>413</last></range><range pcap="master"><first>0</first><offset>0</offset><last>414</last></range></profile>