<profile><master_cap>/root/datasets/OfficialDataset/Flooding/flooding/training/frequent/20161021130706/20160830191347.slave_masquerading_flooding/20160830191347.slave_masquerading_flooding.master.pcap</master_cap><slave_cap>/root/datasets/OfficialDataset/Flooding/flooding/training/frequent/20161021130706/20160830191347.slave_masquerading_flooding/20160830191347.slave_masquerading_flooding.slave.pcap</slave_cap><attack_cap>/root/datasets/OfficialDataset/Flooding/flooding/training/frequent/20161021130706/20160830191347.slave_masquerading_flooding/20160830191347.slave_masquerading_flooding.attacker.pcap</attack_cap><start>2016-08-30 19:13:47.533125</start><finish>2016-08-30 19:13:56.248763</finish><attack>slave_masquerading_flooding</attack><local_dir>/root/datasets/OfficialDataset/Flooding/flooding/training/frequent/20161021130706/20160830191347.slave_masquerading_flooding</local_dir><first>3539</first><last>13885</last><range pcap="attacker"><first>68881</first><offset>72420</offset><last>72586</last></range><range pcap="slave"><first>88279</first><offset>93260</offset><last>93308</last></range><range pcap="master"><first>87812</first><offset>92789</offset><last>92961</last></range></profile>