<profile><master_cap>/root/datasets/OfficialDataset/Injection/injection/training/frequent/20161021132150/20160814044817.injection_replay/20160814044817.injection_replay.master.pcap</master_cap><slave_cap>/root/datasets/OfficialDataset/Injection/injection/training/frequent/20161021132150/20160814044817.injection_replay/20160814044817.injection_replay.slave.pcap</slave_cap><attack_cap>/root/datasets/OfficialDataset/Injection/injection/training/frequent/20161021132150/20160814044817.injection_replay/20160814044817.injection_replay.attacker.pcap</attack_cap><start>2016-08-14 04:48:17.933905</start><finish>2016-08-14 04:48:22.347802</finish><attack>injection_replay</attack><local_dir>/root/datasets/OfficialDataset/Injection/injection/training/frequent/20161021132150/20160814044817.injection_replay</local_dir><first>2685</first><last>34655</last><range pcap="attacker"><first>229973</first><offset>232658</offset><last>232668</last></range><range pcap="slave"><first>2366824</first><offset>2382795</offset><last>2382807</last></range><range pcap="master"><first>2366480</first><offset>2382445</offset><last>2382455</last></range></profile>