<profile><master_cap>/root/datasets/OfficialDataset/Attacks/attacks/training/frequent/20161021143503/20161010233207.master_flooding/20161010233207.master_flooding.master.pcap</master_cap><slave_cap>/root/datasets/OfficialDataset/Attacks/attacks/training/frequent/20161021143503/20161010233207.master_flooding/20161010233207.master_flooding.slave.pcap</slave_cap><attack_cap>/root/datasets/OfficialDataset/Attacks/attacks/training/frequent/20161021143503/20161010233207.master_flooding/20161010233207.master_flooding.attacker.pcap</attack_cap><start>2016-10-10 23:32:07.753707</start><finish>2016-10-10 23:33:20.759259</finish><attack>master_flooding</attack><local_dir>/root/datasets/OfficialDataset/Attacks/attacks/training/frequent/20161021143503/20161010233207.master_flooding</local_dir><first>4458</first><last>19199</last><range pcap="attacker"><first>77728</first><offset>82186</offset><last>83060</last></range><range pcap="slave"><first>247532</first><offset>253778</offset><last>254773</last></range><range pcap="master"><first>238410</first><offset>244654</offset><last>245034</last></range></profile>