<profile><master_cap>/root/datasets/OfficialDataset/Injection/injection/training/infrequent/20161021132245/20160813070825.injection_FreezeObj/20160813070825.injection_FreezeObj.master.pcap</master_cap><slave_cap>/root/datasets/OfficialDataset/Injection/injection/training/infrequent/20161021132245/20160813070825.injection_FreezeObj/20160813070825.injection_FreezeObj.slave.pcap</slave_cap><attack_cap>/root/datasets/OfficialDataset/Injection/injection/training/infrequent/20161021132245/20160813070825.injection_FreezeObj/20160813070825.injection_FreezeObj.attacker.pcap</attack_cap><start>2016-08-13 07:08:25.905828</start><finish>2016-08-13 07:08:42.355654</finish><attack>injection_FreezeObj</attack><local_dir>/root/datasets/OfficialDataset/Injection/injection/training/infrequent/20161021132245/20160813070825.injection_FreezeObj</local_dir><first>24368</first><last>None</last><range pcap="attacker"><first>222604</first><offset>246972</offset><last>247052</last></range><range pcap="slave"><first>545675</first><offset>579943</offset><last>580412</last></range><range pcap="master"><first>545609</first><offset>579879</offset><last>580341</last></range></profile>