<profile><master_cap>/root/datasets/OfficialDataset/Masqurading/masquerading/training/frequent/20161021132756/20160826151058.master_hijacking_masquerading/20160826151058.master_hijacking_masquerading.master.pcap</master_cap><slave_cap>/root/datasets/OfficialDataset/Masqurading/masquerading/training/frequent/20161021132756/20160826151058.master_hijacking_masquerading/20160826151058.master_hijacking_masquerading.slave.pcap</slave_cap><attack_cap>/root/datasets/OfficialDataset/Masqurading/masquerading/training/frequent/20161021132756/20160826151058.master_hijacking_masquerading/20160826151058.master_hijacking_masquerading.attacker.pcap</attack_cap><start>2016-08-26 15:10:58.635979</start><finish>2016-08-26 15:13:28.383655</finish><attack>master_hijacking_masquerading</attack><local_dir>/root/datasets/OfficialDataset/Masqurading/masquerading/training/frequent/20161021132756/20160826151058.master_hijacking_masquerading</local_dir><first>5811</first><last>24310</last><range pcap="attacker"><first>24973</first><offset>30784</offset><last>31527</last></range><range pcap="slave"><first>33496</first><offset>41520</offset><last>42470</last></range><range pcap="master"><first>33691</first><offset>41733</offset><last>42471</last></range></profile>