<profile><master_cap>/root/datasets/OfficialDataset/MITM/MITM/training/frequent/20161021140907/20160924021949.MITM_modification_BinaryInputPointInsert/20160924021949.MITM_modification_BinaryInputPointInsert.master.pcap</master_cap><slave_cap>/root/datasets/OfficialDataset/MITM/MITM/training/frequent/20161021140907/20160924021949.MITM_modification_BinaryInputPointInsert/20160924021949.MITM_modification_BinaryInputPointInsert.slave.pcap</slave_cap><attack_cap>/root/datasets/OfficialDataset/MITM/MITM/training/frequent/20161021140907/20160924021949.MITM_modification_BinaryInputPointInsert/20160924021949.MITM_modification_BinaryInputPointInsert.attacker.pcap</attack_cap><start>2016-09-24 02:19:49.074475</start><finish>2016-09-24 02:20:32.759640</finish><attack>MITM_modification_BinaryInputPointInsert</attack><local_dir>/root/datasets/OfficialDataset/MITM/MITM/training/frequent/20161021140907/20160924021949.MITM_modification_BinaryInputPointInsert</local_dir><first>4278</first><last>36428</last><range pcap="attacker"><first>118713</first><offset>122991</offset><last>123333</last></range><range pcap="slave"><first>437029</first><offset>452675</offset><last>452925</last></range><range pcap="master"><first>437102</first><offset>452748</offset><last>453012</last></range></profile>