<profile><master_cap>/root/datasets/OfficialDataset/Masqurading/masquerading/training/frequent/20161021132756/20160826223825.slave_masquerading_ObjectSpoofBinaryFuzz/20160826223825.slave_masquerading_ObjectSpoofBinaryFuzz.master.pcap</master_cap><slave_cap>/root/datasets/OfficialDataset/Masqurading/masquerading/training/frequent/20161021132756/20160826223825.slave_masquerading_ObjectSpoofBinaryFuzz/20160826223825.slave_masquerading_ObjectSpoofBinaryFuzz.slave.pcap</slave_cap><attack_cap>/root/datasets/OfficialDataset/Masqurading/masquerading/training/frequent/20161021132756/20160826223825.slave_masquerading_ObjectSpoofBinaryFuzz/20160826223825.slave_masquerading_ObjectSpoofBinaryFuzz.attacker.pcap</attack_cap><start>2016-08-26 22:38:25.167855</start><finish>2016-08-26 22:39:12.997285</finish><attack>slave_masquerading_ObjectSpoofBinaryFuzz</attack><local_dir>/root/datasets/OfficialDataset/Masqurading/masquerading/training/frequent/20161021132756/20160826223825.slave_masquerading_ObjectSpoofBinaryFuzz</local_dir><first>3848</first><last>15576</last><range pcap="attacker"><first>127063</first><offset>130911</offset><last>131289</last></range><range pcap="slave"><first>166644</first><offset>172040</offset><last>172210</last></range><range pcap="master"><first>172186</first><offset>177582</offset><last>177968</last></range></profile>