<profile><master_cap>/root/datasets/OfficialDataset/Injection/injection/training/frequent/20161021132150/20160814001443.injection_FreezeObj/20160814001443.injection_FreezeObj.master.pcap</master_cap><slave_cap>/root/datasets/OfficialDataset/Injection/injection/training/frequent/20161021132150/20160814001443.injection_FreezeObj/20160814001443.injection_FreezeObj.slave.pcap</slave_cap><attack_cap>/root/datasets/OfficialDataset/Injection/injection/training/frequent/20161021132150/20160814001443.injection_FreezeObj/20160814001443.injection_FreezeObj.attacker.pcap</attack_cap><start>2016-08-14 00:14:43.514865</start><finish>2016-08-14 00:15:10.527792</finish><attack>injection_FreezeObj</attack><local_dir>/root/datasets/OfficialDataset/Injection/injection/training/frequent/20161021132150/20160814001443.injection_FreezeObj</local_dir><first>3380</first><last>148681</last><range pcap="attacker"><first>172516</first><offset>175896</offset><last>176018</last></range><range pcap="slave"><first>1927621</first><offset>1999561</offset><last>2000216</last></range><range pcap="master"><first>1927335</first><offset>1999273</offset><last>1999917</last></range></profile>