<profile><master_cap>/root/datasets/OfficialDataset/Masqurading/masquerading/training/infrequent/20161021132730/20160825195006.slave_masquerading_ObjectSpoofCounterFuzz/20160825195006.slave_masquerading_ObjectSpoofCounterFuzz.master.pcap</master_cap><slave_cap>/root/datasets/OfficialDataset/Masqurading/masquerading/training/infrequent/20161021132730/20160825195006.slave_masquerading_ObjectSpoofCounterFuzz/20160825195006.slave_masquerading_ObjectSpoofCounterFuzz.slave.pcap</slave_cap><attack_cap>/root/datasets/OfficialDataset/Masqurading/masquerading/training/infrequent/20161021132730/20160825195006.slave_masquerading_ObjectSpoofCounterFuzz/20160825195006.slave_masquerading_ObjectSpoofCounterFuzz.attacker.pcap</attack_cap><start>2016-08-25 19:50:06.383560</start><finish>2016-08-25 19:51:07.301674</finish><attack>slave_masquerading_ObjectSpoofCounterFuzz</attack><local_dir>/root/datasets/OfficialDataset/Masqurading/masquerading/training/infrequent/20161021132730/20160825195006.slave_masquerading_ObjectSpoofCounterFuzz</local_dir><first>17105</first><last>66105</last><range pcap="attacker"><first>53962</first><offset>71067</offset><last>71605</last></range><range pcap="slave"><first>71312</first><offset>95133</offset><last>95394</last></range><range pcap="master"><first>73955</first><offset>97794</offset><last>98333</last></range></profile>