<profile><master_cap>/root/datasets/OfficialDataset/MITM/MITM/training/frequent/20161021140907/20160923215244.MITM_modification_ImmedFreezeNR/20160923215244.MITM_modification_ImmedFreezeNR.master.pcap</master_cap><slave_cap>/root/datasets/OfficialDataset/MITM/MITM/training/frequent/20161021140907/20160923215244.MITM_modification_ImmedFreezeNR/20160923215244.MITM_modification_ImmedFreezeNR.slave.pcap</slave_cap><attack_cap>/root/datasets/OfficialDataset/MITM/MITM/training/frequent/20161021140907/20160923215244.MITM_modification_ImmedFreezeNR/20160923215244.MITM_modification_ImmedFreezeNR.attacker.pcap</attack_cap><start>2016-09-23 21:52:44.808672</start><finish>2016-09-23 21:53:27.506180</finish><attack>MITM_modification_ImmedFreezeNR</attack><local_dir>/root/datasets/OfficialDataset/MITM/MITM/training/frequent/20161021140907/20160923215244.MITM_modification_ImmedFreezeNR</local_dir><first>3209</first><last>13058</last><range pcap="attacker"><first>62026</first><offset>65235</offset><last>65557</last></range><range pcap="slave"><first>311000</first><offset>315496</offset><last>315761</last></range><range pcap="master"><first>310985</first><offset>315481</offset><last>315749</last></range></profile>