<profile><master_cap>/root/datasets/OfficialDataset/MITM/MITM/training/frequent/20161021140907/20160924090301.MITM_modification_BinaryInputDataDelete/20160924090301.MITM_modification_BinaryInputDataDelete.master.pcap</master_cap><slave_cap>/root/datasets/OfficialDataset/MITM/MITM/training/frequent/20161021140907/20160924090301.MITM_modification_BinaryInputDataDelete/20160924090301.MITM_modification_BinaryInputDataDelete.slave.pcap</slave_cap><attack_cap>/root/datasets/OfficialDataset/MITM/MITM/training/frequent/20161021140907/20160924090301.MITM_modification_BinaryInputDataDelete/20160924090301.MITM_modification_BinaryInputDataDelete.attacker.pcap</attack_cap><start>2016-09-24 09:03:01.544933</start><finish>2016-09-24 09:03:48.560628</finish><attack>MITM_modification_BinaryInputDataDelete</attack><local_dir>/root/datasets/OfficialDataset/MITM/MITM/training/frequent/20161021140907/20160924090301.MITM_modification_BinaryInputDataDelete</local_dir><first>6222</first><last>139759</last><range pcap="attacker"><first>204400</first><offset>210622</offset><last>211015</last></range><range pcap="slave"><first>829714</first><offset>895981</offset><last>896281</last></range><range pcap="master"><first>829699</first><offset>895966</offset><last>896274</last></range></profile>