<profile><master_cap>/root/datasets/OfficialDataset/Flooding/flooding/training/frequent/20161021130706/20160830161610.master_flooding_time/20160830161610.master_flooding_time.master.pcap</master_cap><slave_cap>/root/datasets/OfficialDataset/Flooding/flooding/training/frequent/20161021130706/20160830161610.master_flooding_time/20160830161610.master_flooding_time.slave.pcap</slave_cap><attack_cap>/root/datasets/OfficialDataset/Flooding/flooding/training/frequent/20161021130706/20160830161610.master_flooding_time/20160830161610.master_flooding_time.attacker.pcap</attack_cap><start>2016-08-30 16:16:10.232891</start><finish>2016-08-30 16:17:23.289980</finish><attack>master_flooding_time</attack><local_dir>/root/datasets/OfficialDataset/Flooding/flooding/training/frequent/20161021130706/20160830161610.master_flooding_time</local_dir><first>5091</first><last>21459</last><range pcap="attacker"><first>25394</first><offset>30485</offset><last>31270</last></range><range pcap="slave"><first>31498</first><offset>38680</offset><last>39569</last></range><range pcap="master"><first>31801</first><offset>38981</offset><last>39311</last></range></profile>