<profile><master_cap>/root/datasets/OfficialDataset/Replay/replay/training/frequent/20161021142021/20160729032036.injection_replay_updaterAck/20160729032036.injection_replay_updaterAck.master.pcap</master_cap><slave_cap>/root/datasets/OfficialDataset/Replay/replay/training/frequent/20161021142021/20160729032036.injection_replay_updaterAck/20160729032036.injection_replay_updaterAck.slave.pcap</slave_cap><attack_cap>/root/datasets/OfficialDataset/Replay/replay/training/frequent/20161021142021/20160729032036.injection_replay_updaterAck/20160729032036.injection_replay_updaterAck.attacker.pcap</attack_cap><start>2016-07-29 03:20:36.047370</start><finish>2016-07-29 03:20:48.635652</finish><attack>injection_replay_updaterAck</attack><local_dir>/root/datasets/OfficialDataset/Replay/replay/training/frequent/20161021142021/20160729032036.injection_replay_updaterAck</local_dir><first>4729</first><last>235636</last><range pcap="attacker"><first>141084</first><offset>145813</offset><last>145875</last></range><range pcap="slave"><first>995955</first><offset>1111174</offset><last>1111384</last></range><range pcap="master"><first>995214</first><offset>1110411</offset><last>1110628</last></range></profile>