<profile><master_cap>/root/datasets/OfficialDataset/Replay/replay/training/frequent/20161021142021/20160728155303.nmap/20160728155303.nmap.master.pcap</master_cap><slave_cap>/root/datasets/OfficialDataset/Replay/replay/training/frequent/20161021142021/20160728155303.nmap/20160728155303.nmap.slave.pcap</slave_cap><attack_cap>/root/datasets/OfficialDataset/Replay/replay/training/frequent/20161021142021/20160728155303.nmap/20160728155303.nmap.attacker.pcap</attack_cap><start>2016-07-28 15:53:03.782915</start><finish>2016-07-28 15:53:06.320599</finish><attack>nmap</attack><local_dir>/root/datasets/OfficialDataset/Replay/replay/training/frequent/20161021142021/20160728155303.nmap</local_dir><first>0</first><last>1428</last><range pcap="attacker"><first>0</first><offset>0</offset><last>555</last></range><range pcap="slave"><first>0</first><offset>0</offset><last>436</last></range><range pcap="master"><first>0</first><offset>0</offset><last>435</last></range></profile>