<profile><master_cap>/root/datasets/OfficialDataset/Injection/injection/training/frequent/20161021132150/20160813183621.injection_replay_updaterAck/20160813183621.injection_replay_updaterAck.master.pcap</master_cap><slave_cap>/root/datasets/OfficialDataset/Injection/injection/training/frequent/20161021132150/20160813183621.injection_replay_updaterAck/20160813183621.injection_replay_updaterAck.slave.pcap</slave_cap><attack_cap>/root/datasets/OfficialDataset/Injection/injection/training/frequent/20161021132150/20160813183621.injection_replay_updaterAck/20160813183621.injection_replay_updaterAck.attacker.pcap</attack_cap><start>2016-08-13 18:36:21.429505</start><finish>2016-08-13 18:36:25.984058</finish><attack>injection_replay_updaterAck</attack><local_dir>/root/datasets/OfficialDataset/Injection/injection/training/frequent/20161021132150/20160813183621.injection_replay_updaterAck</local_dir><first>4301</first><last>17556</last><range pcap="attacker"><first>101349</first><offset>105650</offset><last>105667</last></range><range pcap="slave"><first>1083869</first><offset>1090138</offset><last>1090485</last></range><range pcap="master"><first>1083699</first><offset>1089970</offset><last>1090319</last></range></profile>