<profile><master_cap>/root/datasets/OfficialDataset/Flooding/flooding/training/infrequent/20161021130632/20160830010517.master_replay_flooding/20160830010517.master_replay_flooding.master.pcap</master_cap><slave_cap>/root/datasets/OfficialDataset/Flooding/flooding/training/infrequent/20161021130632/20160830010517.master_replay_flooding/20160830010517.master_replay_flooding.slave.pcap</slave_cap><attack_cap>/root/datasets/OfficialDataset/Flooding/flooding/training/infrequent/20161021130632/20160830010517.master_replay_flooding/20160830010517.master_replay_flooding.attacker.pcap</attack_cap><start>2016-08-30 01:05:17.771256</start><finish>2016-08-30 01:05:37.747553</finish><attack>master_replay_flooding</attack><local_dir>/root/datasets/OfficialDataset/Flooding/flooding/training/infrequent/20161021130632/20160830010517.master_replay_flooding</local_dir><first>20220</first><last>77247</last><range pcap="attacker"><first>91685</first><offset>111905</offset><last>111996</last></range><range pcap="slave"><first>124590</first><offset>152951</offset><last>153075</last></range><range pcap="master"><first>122562</first><offset>150919</offset><last>151011</last></range></profile>