<profile><master_cap>/root/datasets/OfficialDataset/MITM/MITM/training/frequent/20161021140907/20160924140955.MITM_modification_BinaryInputPointDelete/20160924140955.MITM_modification_BinaryInputPointDelete.master.pcap</master_cap><slave_cap>/root/datasets/OfficialDataset/MITM/MITM/training/frequent/20161021140907/20160924140955.MITM_modification_BinaryInputPointDelete/20160924140955.MITM_modification_BinaryInputPointDelete.slave.pcap</slave_cap><attack_cap>/root/datasets/OfficialDataset/MITM/MITM/training/frequent/20161021140907/20160924140955.MITM_modification_BinaryInputPointDelete/20160924140955.MITM_modification_BinaryInputPointDelete.attacker.pcap</attack_cap><start>2016-09-24 14:09:55.244133</start><finish>2016-09-24 14:10:40.668122</finish><attack>MITM_modification_BinaryInputPointDelete</attack><local_dir>/root/datasets/OfficialDataset/MITM/MITM/training/frequent/20161021140907/20160924140955.MITM_modification_BinaryInputPointDelete</local_dir><first>5037</first><last>20165</last><range pcap="attacker"><first>272613</first><offset>277650</offset><last>278035</last></range><range pcap="slave"><first>1395358</first><offset>1402446</offset><last>1402726</last></range><range pcap="master"><first>1395234</first><offset>1402322</offset><last>1402607</last></range></profile>