<profile><master_cap>/root/datasets/OfficialDataset/MITM/MITM/training/frequent/20161021140907/20160924155357.MITM_modification_BinaryInputPointInsert/20160924155357.MITM_modification_BinaryInputPointInsert.master.pcap</master_cap><slave_cap>/root/datasets/OfficialDataset/MITM/MITM/training/frequent/20161021140907/20160924155357.MITM_modification_BinaryInputPointInsert/20160924155357.MITM_modification_BinaryInputPointInsert.slave.pcap</slave_cap><attack_cap>/root/datasets/OfficialDataset/MITM/MITM/training/frequent/20161021140907/20160924155357.MITM_modification_BinaryInputPointInsert/20160924155357.MITM_modification_BinaryInputPointInsert.attacker.pcap</attack_cap><start>2016-09-24 15:53:57.739577</start><finish>2016-09-24 15:54:44.892576</finish><attack>MITM_modification_BinaryInputPointInsert</attack><local_dir>/root/datasets/OfficialDataset/MITM/MITM/training/frequent/20161021140907/20160924155357.MITM_modification_BinaryInputPointInsert</local_dir><first>4682</first><last>33392</last><range pcap="attacker"><first>295371</first><offset>300053</offset><last>300432</last></range><range pcap="slave"><first>1426288</first><offset>1432871</offset><last>1440448</last></range><range pcap="master"><first>1426191</first><offset>1432774</offset><last>1440360</last></range></profile>