<profile><master_cap>/root/datasets/OfficialDataset/Injection/injection/training/frequent/20161021132150/20160813102523.injection_replay_updaterAck/20160813102523.injection_replay_updaterAck.master.pcap</master_cap><slave_cap>/root/datasets/OfficialDataset/Injection/injection/training/frequent/20161021132150/20160813102523.injection_replay_updaterAck/20160813102523.injection_replay_updaterAck.slave.pcap</slave_cap><attack_cap>/root/datasets/OfficialDataset/Injection/injection/training/frequent/20161021132150/20160813102523.injection_replay_updaterAck/20160813102523.injection_replay_updaterAck.attacker.pcap</attack_cap><start>2016-08-13 10:25:23.407854</start><finish>2016-08-13 10:25:47.071725</finish><attack>injection_replay_updaterAck</attack><local_dir>/root/datasets/OfficialDataset/Injection/injection/training/frequent/20161021132150/20160813102523.injection_replay_updaterAck</local_dir><first>2855</first><last>12619</last><range pcap="attacker"><first>583</first><offset>3438</offset><last>3572</last></range><range pcap="slave"><first>456</first><offset>4426</offset><last>5267</last></range><range pcap="master"><first>444</first><offset>4412</offset><last>5261</last></range></profile>