<profile><master_cap>/root/datasets/OfficialDataset/Flooding/flooding/training/infrequent/20161021130632/20160829163209.nmap/20160829163209.nmap.master.pcap</master_cap><slave_cap>/root/datasets/OfficialDataset/Flooding/flooding/training/infrequent/20161021130632/20160829163209.nmap/20160829163209.nmap.slave.pcap</slave_cap><attack_cap>/root/datasets/OfficialDataset/Flooding/flooding/training/infrequent/20161021130632/20160829163209.nmap/20160829163209.nmap.attacker.pcap</attack_cap><start>2016-08-29 16:32:09.274128</start><finish>2016-08-29 16:32:12.109981</finish><attack>nmap</attack><local_dir>/root/datasets/OfficialDataset/Flooding/flooding/training/infrequent/20161021130632/20160829163209.nmap</local_dir><first>0</first><last>1343</last><range pcap="attacker"><first>0</first><offset>0</offset><last>542</last></range><range pcap="slave"><first>0</first><offset>0</offset><last>399</last></range><range pcap="master"><first>0</first><offset>0</offset><last>400</last></range></profile>