<profile><master_cap>/root/datasets/OfficialDataset/Injection/injection/training/frequent/20161021132150/20160813225627.injection_FreezeObj/20160813225627.injection_FreezeObj.master.pcap</master_cap><slave_cap>/root/datasets/OfficialDataset/Injection/injection/training/frequent/20161021132150/20160813225627.injection_FreezeObj/20160813225627.injection_FreezeObj.slave.pcap</slave_cap><attack_cap>/root/datasets/OfficialDataset/Injection/injection/training/frequent/20161021132150/20160813225627.injection_FreezeObj/20160813225627.injection_FreezeObj.attacker.pcap</attack_cap><start>2016-08-13 22:56:27.743228</start><finish>2016-08-13 22:56:57.639700</finish><attack>injection_FreezeObj</attack><local_dir>/root/datasets/OfficialDataset/Injection/injection/training/frequent/20161021132150/20160813225627.injection_FreezeObj</local_dir><first>2459</first><last>67259</last><range pcap="attacker"><first>157198</first><offset>159657</offset><last>159782</last></range><range pcap="slave"><first>1869150</first><offset>1901003</offset><last>1901497</last></range><range pcap="master"><first>1868882</first><offset>1900721</offset><last>1901208</last></range></profile>