<profile><master_cap>/root/datasets/OfficialDataset/Injection/injection/training/infrequent/20161021132245/20160813050845.injection_WarmRestart/20160813050845.injection_WarmRestart.master.pcap</master_cap><slave_cap>/root/datasets/OfficialDataset/Injection/injection/training/infrequent/20161021132245/20160813050845.injection_WarmRestart/20160813050845.injection_WarmRestart.slave.pcap</slave_cap><attack_cap>/root/datasets/OfficialDataset/Injection/injection/training/infrequent/20161021132245/20160813050845.injection_WarmRestart/20160813050845.injection_WarmRestart.attacker.pcap</attack_cap><start>2016-08-13 05:08:45.821840</start><finish>2016-08-13 05:10:05.775638</finish><attack>injection_WarmRestart</attack><local_dir>/root/datasets/OfficialDataset/Injection/injection/training/infrequent/20161021132245/20160813050845.injection_WarmRestart</local_dir><first>28917</first><last>228186</last><range pcap="attacker"><first>193392</first><offset>222309</offset><last>222603</last></range><range pcap="slave"><first>446174</first><offset>545257</offset><last>545674</last></range><range pcap="master"><first>446135</first><offset>545199</offset><last>545608</last></range></profile>