<profile><master_cap>/root/datasets/OfficialDataset/Flooding/flooding/training/frequent/20161021130706/20160831021101.master_hijacking_replay_flooding/20160831021101.master_hijacking_replay_flooding.master.pcap</master_cap><slave_cap>/root/datasets/OfficialDataset/Flooding/flooding/training/frequent/20161021130706/20160831021101.master_hijacking_replay_flooding/20160831021101.master_hijacking_replay_flooding.slave.pcap</slave_cap><attack_cap>/root/datasets/OfficialDataset/Flooding/flooding/training/frequent/20161021130706/20160831021101.master_hijacking_replay_flooding/20160831021101.master_hijacking_replay_flooding.attacker.pcap</attack_cap><start>2016-08-31 02:11:01.739346</start><finish>2016-08-31 02:12:07.519816</finish><attack>master_hijacking_replay_flooding</attack><local_dir>/root/datasets/OfficialDataset/Flooding/flooding/training/frequent/20161021130706/20160831021101.master_hijacking_replay_flooding</local_dir><first>4099</first><last>16463</last><range pcap="attacker"><first>175302</first><offset>179401</offset><last>179654</last></range><range pcap="slave"><first>214490</first><offset>220190</offset><last>220569</last></range><range pcap="master"><first>223266</first><offset>228962</offset><last>229296</last></range></profile>