<profile><master_cap>/root/datasets/OfficialDataset/Replay/replay/training/infrequent/20161021141910/20160728024011.master_hijacking_replay/20160728024011.master_hijacking_replay.master.pcap</master_cap><slave_cap>/root/datasets/OfficialDataset/Replay/replay/training/infrequent/20161021141910/20160728024011.master_hijacking_replay/20160728024011.master_hijacking_replay.slave.pcap</slave_cap><attack_cap>/root/datasets/OfficialDataset/Replay/replay/training/infrequent/20161021141910/20160728024011.master_hijacking_replay/20160728024011.master_hijacking_replay.attacker.pcap</attack_cap><start>2016-07-28 02:40:11.792690</start><finish>2016-07-28 02:41:27.071715</finish><attack>master_hijacking_replay</attack><local_dir>/root/datasets/OfficialDataset/Replay/replay/training/infrequent/20161021141910/20160728024011.master_hijacking_replay</local_dir><first>24448</first><last>121303</last><range pcap="attacker"><first>80345</first><offset>104793</offset><last>105139</last></range><range pcap="slave"><first>387455</first><offset>435265</offset><last>435738</last></range><range pcap="master"><first>387485</first><offset>435296</offset><last>435709</last></range></profile>