<profile><master_cap>/root/datasets/OfficialDataset/Injection/injection/training/frequent/20161021132150/20160814022346.injection_ColdRestart/20160814022346.injection_ColdRestart.master.pcap</master_cap><slave_cap>/root/datasets/OfficialDataset/Injection/injection/training/frequent/20161021132150/20160814022346.injection_ColdRestart/20160814022346.injection_ColdRestart.slave.pcap</slave_cap><attack_cap>/root/datasets/OfficialDataset/Injection/injection/training/frequent/20161021132150/20160814022346.injection_ColdRestart/20160814022346.injection_ColdRestart.attacker.pcap</attack_cap><start>2016-08-14 02:23:46.407631</start><finish>2016-08-14 02:25:08.407624</finish><attack>injection_ColdRestart</attack><local_dir>/root/datasets/OfficialDataset/Injection/injection/training/frequent/20161021132150/20160814022346.injection_ColdRestart</local_dir><first>5272</first><last>21181</last><range pcap="attacker"><first>197554</first><offset>202826</offset><last>203143</last></range><range pcap="slave"><first>2114934</first><offset>2122294</offset><last>2122733</last></range><range pcap="master"><first>2114638</first><offset>2121998</offset><last>2122429</last></range></profile>