<profile><master_cap>/root/datasets/OfficialDataset/Injection/injection/training/frequent/20161021132150/20160813143901.injection_FreezeObj/20160813143901.injection_FreezeObj.master.pcap</master_cap><slave_cap>/root/datasets/OfficialDataset/Injection/injection/training/frequent/20161021132150/20160813143901.injection_FreezeObj/20160813143901.injection_FreezeObj.slave.pcap</slave_cap><attack_cap>/root/datasets/OfficialDataset/Injection/injection/training/frequent/20161021132150/20160813143901.injection_FreezeObj/20160813143901.injection_FreezeObj.attacker.pcap</attack_cap><start>2016-08-13 14:39:01.868616</start><finish>2016-08-13 14:39:26.215775</finish><attack>injection_FreezeObj</attack><local_dir>/root/datasets/OfficialDataset/Injection/injection/training/frequent/20161021132150/20160813143901.injection_FreezeObj</local_dir><first>3620</first><last>15795</last><range pcap="attacker"><first>53010</first><offset>56630</offset><last>56729</last></range><range pcap="slave"><first>502300</first><offset>507345</offset><last>508340</last></range><range pcap="master"><first>502208</first><offset>507251</offset><last>508242</last></range></profile>