<profile><master_cap>/root/datasets/OfficialDataset/MITM/MITM/training/frequent/20161021140907/20160923224202.MITM_modification_BinaryInputPointInsert/20160923224202.MITM_modification_BinaryInputPointInsert.master.pcap</master_cap><slave_cap>/root/datasets/OfficialDataset/MITM/MITM/training/frequent/20161021140907/20160923224202.MITM_modification_BinaryInputPointInsert/20160923224202.MITM_modification_BinaryInputPointInsert.slave.pcap</slave_cap><attack_cap>/root/datasets/OfficialDataset/MITM/MITM/training/frequent/20161021140907/20160923224202.MITM_modification_BinaryInputPointInsert/20160923224202.MITM_modification_BinaryInputPointInsert.attacker.pcap</attack_cap><start>2016-09-23 22:42:02.832610</start><finish>2016-09-23 22:42:55.714634</finish><attack>MITM_modification_BinaryInputPointInsert</attack><local_dir>/root/datasets/OfficialDataset/MITM/MITM/training/frequent/20161021140907/20160923224202.MITM_modification_BinaryInputPointInsert</local_dir><first>2139</first><last>40356</last><range pcap="attacker"><first>73860</first><offset>75999</offset><last>76413</last></range><range pcap="slave"><first>326914</first><offset>329927</offset><last>345809</last></range><range pcap="master"><first>326915</first><offset>329930</offset><last>345821</last></range></profile>