<profile><master_cap>/root/datasets/OfficialDataset/Attacks/attacks/training/frequent/20161021143503/20161010185552.slave_masquerading_ObjectSpoofCounterFuzz/20161010185552.slave_masquerading_ObjectSpoofCounterFuzz.master.pcap</master_cap><slave_cap>/root/datasets/OfficialDataset/Attacks/attacks/training/frequent/20161021143503/20161010185552.slave_masquerading_ObjectSpoofCounterFuzz/20161010185552.slave_masquerading_ObjectSpoofCounterFuzz.slave.pcap</slave_cap><attack_cap>/root/datasets/OfficialDataset/Attacks/attacks/training/frequent/20161021143503/20161010185552.slave_masquerading_ObjectSpoofCounterFuzz/20161010185552.slave_masquerading_ObjectSpoofCounterFuzz.attacker.pcap</attack_cap><start>2016-10-10 18:55:52.623531</start><finish>2016-10-10 18:56:27.208854</finish><attack>slave_masquerading_ObjectSpoofCounterFuzz</attack><local_dir>/root/datasets/OfficialDataset/Attacks/attacks/training/frequent/20161021143503/20161010185552.slave_masquerading_ObjectSpoofCounterFuzz</local_dir><first>3643</first><last>14468</last><range pcap="attacker"><first>18473</first><offset>22116</offset><last>22385</last></range><range pcap="slave"><first>22015</first><offset>27091</offset><last>27222</last></range><range pcap="master"><first>13168</first><offset>18240</offset><last>18515</last></range></profile>