<profile><master_cap>/root/datasets/OfficialDataset/Flooding/flooding/training/infrequent/20161021130632/20160830082210.master_hijacking_replay_flooding/20160830082210.master_hijacking_replay_flooding.master.pcap</master_cap><slave_cap>/root/datasets/OfficialDataset/Flooding/flooding/training/infrequent/20161021130632/20160830082210.master_hijacking_replay_flooding/20160830082210.master_hijacking_replay_flooding.slave.pcap</slave_cap><attack_cap>/root/datasets/OfficialDataset/Flooding/flooding/training/infrequent/20161021130632/20160830082210.master_hijacking_replay_flooding/20160830082210.master_hijacking_replay_flooding.attacker.pcap</attack_cap><start>2016-08-30 08:22:10.107801</start><finish>2016-08-30 08:23:08.799603</finish><attack>master_hijacking_replay_flooding</attack><local_dir>/root/datasets/OfficialDataset/Flooding/flooding/training/infrequent/20161021130632/20160830082210.master_hijacking_replay_flooding</local_dir><first>12407</first><last>48358</last><range pcap="attacker"><first>194964</first><offset>207371</offset><last>207645</last></range><range pcap="slave"><first>262875</first><offset>280346</offset><last>280727</last></range><range pcap="master"><first>264749</first><offset>282214</offset><last>282572</last></range></profile>