<profile><master_cap>/root/datasets/OfficialDataset/Replay/replay/training/frequent/20161021142021/20160729082810.master_replay/20160729082810.master_replay.master.pcap</master_cap><slave_cap>/root/datasets/OfficialDataset/Replay/replay/training/frequent/20161021142021/20160729082810.master_replay/20160729082810.master_replay.slave.pcap</slave_cap><attack_cap>/root/datasets/OfficialDataset/Replay/replay/training/frequent/20161021142021/20160729082810.master_replay/20160729082810.master_replay.attacker.pcap</attack_cap><start>2016-07-29 08:28:10.785788</start><finish>2016-07-29 08:29:00.690435</finish><attack>master_replay</attack><local_dir>/root/datasets/OfficialDataset/Replay/replay/training/frequent/20161021142021/20160729082810.master_replay</local_dir><first>3637</first><last>14596</last><range pcap="attacker"><first>206889</first><offset>210526</offset><last>210753</last></range><range pcap="slave"><first>1812408</first><offset>1817502</offset><last>1817803</last></range><range pcap="master"><first>1811369</first><offset>1816463</offset><last>1816704</last></range></profile>