<profile><master_cap>/root/datasets/OfficialDataset/Injection/injection/training/frequent/20161021132150/20160813163903.injection_replay/20160813163903.injection_replay.master.pcap</master_cap><slave_cap>/root/datasets/OfficialDataset/Injection/injection/training/frequent/20161021132150/20160813163903.injection_replay/20160813163903.injection_replay.slave.pcap</slave_cap><attack_cap>/root/datasets/OfficialDataset/Injection/injection/training/frequent/20161021132150/20160813163903.injection_replay/20160813163903.injection_replay.attacker.pcap</attack_cap><start>2016-08-13 16:39:03.063572</start><finish>2016-08-13 16:39:07.362838</finish><attack>injection_replay</attack><local_dir>/root/datasets/OfficialDataset/Injection/injection/training/frequent/20161021132150/20160813163903.injection_replay</local_dir><first>3164</first><last>12097</last><range pcap="attacker"><first>78366</first><offset>81530</offset><last>81543</last></range><range pcap="slave"><first>832046</first><offset>836486</offset><last>836503</last></range><range pcap="master"><first>831897</first><offset>836339</offset><last>836358</last></range></profile>