<profile><master_cap>/root/datasets/OfficialDataset/MITM/MITM/training/frequent/20161021140907/20160924013025.MITM_modification_BinaryInputPointDelete/20160924013025.MITM_modification_BinaryInputPointDelete.master.pcap</master_cap><slave_cap>/root/datasets/OfficialDataset/MITM/MITM/training/frequent/20161021140907/20160924013025.MITM_modification_BinaryInputPointDelete/20160924013025.MITM_modification_BinaryInputPointDelete.slave.pcap</slave_cap><attack_cap>/root/datasets/OfficialDataset/MITM/MITM/training/frequent/20161021140907/20160924013025.MITM_modification_BinaryInputPointDelete/20160924013025.MITM_modification_BinaryInputPointDelete.attacker.pcap</attack_cap><start>2016-09-24 01:30:25.404748</start><finish>2016-09-24 01:31:14.798363</finish><attack>MITM_modification_BinaryInputPointDelete</attack><local_dir>/root/datasets/OfficialDataset/MITM/MITM/training/frequent/20161021140907/20160924013025.MITM_modification_BinaryInputPointDelete</local_dir><first>5905</first><last>23379</last><range pcap="attacker"><first>106534</first><offset>112439</offset><last>112851</last></range><range pcap="slave"><first>412970</first><offset>421177</offset><last>421495</last></range><range pcap="master"><first>413031</first><offset>421240</offset><last>421566</last></range></profile>