<profile><master_cap>/root/datasets/OfficialDataset/Replay/replay/training/frequent/20161021142021/20160728225136.injection_replay/20160728225136.injection_replay.master.pcap</master_cap><slave_cap>/root/datasets/OfficialDataset/Replay/replay/training/frequent/20161021142021/20160728225136.injection_replay/20160728225136.injection_replay.slave.pcap</slave_cap><attack_cap>/root/datasets/OfficialDataset/Replay/replay/training/frequent/20161021142021/20160728225136.injection_replay/20160728225136.injection_replay.attacker.pcap</attack_cap><start>2016-07-28 22:51:36.574919</start><finish>2016-07-28 22:51:40.934702</finish><attack>injection_replay</attack><local_dir>/root/datasets/OfficialDataset/Replay/replay/training/frequent/20161021142021/20160728225136.injection_replay</local_dir><first>3702</first><last>14004</last><range pcap="attacker"><first>84946</first><offset>88648</offset><last>88662</last></range><range pcap="slave"><first>561189</first><offset>566319</offset><last>566336</last></range><range pcap="master"><first>560663</first><offset>565783</offset><last>565802</last></range></profile>