<profile><master_cap>/root/datasets/OfficialDataset/Replay/replay/training/frequent/20161021142021/20160729144600.injection_replay_updaterAck/20160729144600.injection_replay_updaterAck.master.pcap</master_cap><slave_cap>/root/datasets/OfficialDataset/Replay/replay/training/frequent/20161021142021/20160729144600.injection_replay_updaterAck/20160729144600.injection_replay_updaterAck.slave.pcap</slave_cap><attack_cap>/root/datasets/OfficialDataset/Replay/replay/training/frequent/20161021142021/20160729144600.injection_replay_updaterAck/20160729144600.injection_replay_updaterAck.attacker.pcap</attack_cap><start>2016-07-29 14:46:00.451306</start><finish>2016-07-29 14:46:25.575723</finish><attack>injection_replay_updaterAck</attack><local_dir>/root/datasets/OfficialDataset/Replay/replay/training/frequent/20161021142021/20160729144600.injection_replay_updaterAck</local_dir><first>2420</first><last>10470</last><range pcap="attacker"><first>288252</first><offset>290672</offset><last>290776</last></range><range pcap="slave"><first>2343544</first><offset>2346934</offset><last>2347513</last></range><range pcap="master"><first>2341734</first><offset>2345114</offset><last>2345709</last></range></profile>