<profile><master_cap>/root/datasets/OfficialDataset/Attacks/attacks/training/frequent/20161021143503/20161010230935.master_flooding_time/20161010230935.master_flooding_time.master.pcap</master_cap><slave_cap>/root/datasets/OfficialDataset/Attacks/attacks/training/frequent/20161021143503/20161010230935.master_flooding_time/20161010230935.master_flooding_time.slave.pcap</slave_cap><attack_cap>/root/datasets/OfficialDataset/Attacks/attacks/training/frequent/20161021143503/20161010230935.master_flooding_time/20161010230935.master_flooding_time.attacker.pcap</attack_cap><start>2016-10-10 23:09:35.672468</start><finish>2016-10-10 23:10:48.659708</finish><attack>master_flooding_time</attack><local_dir>/root/datasets/OfficialDataset/Attacks/attacks/training/frequent/20161021143503/20161010230935.master_flooding_time</local_dir><first>3961</first><last>17032</last><range pcap="attacker"><first>72962</first><offset>76923</offset><last>77727</last></range><range pcap="slave"><first>241113</first><offset>246617</offset><last>247531</last></range><range pcap="master"><first>232562</first><offset>238061</offset><last>238409</last></range></profile>