<profile><master_cap>/root/datasets/OfficialDataset/Masqurading/masquerading/training/frequent/20161021132756/20160826125102.nmap/20160826125102.nmap.master.pcap</master_cap><slave_cap>/root/datasets/OfficialDataset/Masqurading/masquerading/training/frequent/20161021132756/20160826125102.nmap/20160826125102.nmap.slave.pcap</slave_cap><attack_cap>/root/datasets/OfficialDataset/Masqurading/masquerading/training/frequent/20161021132756/20160826125102.nmap/20160826125102.nmap.attacker.pcap</attack_cap><start>2016-08-26 12:51:02.031315</start><finish>2016-08-26 12:51:04.842139</finish><attack>nmap</attack><local_dir>/root/datasets/OfficialDataset/Masqurading/masquerading/training/frequent/20161021132756/20160826125102.nmap</local_dir><first>0</first><last>1317</last><range pcap="attacker"><first>0</first><offset>0</offset><last>543</last></range><range pcap="slave"><first>0</first><offset>0</offset><last>386</last></range><range pcap="master"><first>0</first><offset>0</offset><last>386</last></range></profile>