<profile><master_cap>/root/datasets/OfficialDataset/Masqurading/masquerading/training/infrequent/20161021132730/20160826071918.master_masquerading/20160826071918.master_masquerading.master.pcap</master_cap><slave_cap>/root/datasets/OfficialDataset/Masqurading/masquerading/training/infrequent/20161021132730/20160826071918.master_masquerading/20160826071918.master_masquerading.slave.pcap</slave_cap><attack_cap>/root/datasets/OfficialDataset/Masqurading/masquerading/training/infrequent/20161021132730/20160826071918.master_masquerading/20160826071918.master_masquerading.attacker.pcap</attack_cap><start>2016-08-26 07:19:18.755146</start><finish>2016-08-26 07:20:26.363046</finish><attack>master_masquerading</attack><local_dir>/root/datasets/OfficialDataset/Masqurading/masquerading/training/infrequent/20161021132730/20160826071918.master_masquerading</local_dir><first>35995</first><last>137781</last><range pcap="attacker"><first>180603</first><offset>216598</offset><last>216922</last></range><range pcap="slave"><first>246504</first><offset>296843</offset><last>297268</last></range><range pcap="master"><first>249884</first><offset>300223</offset><last>300580</last></range></profile>