<profile><master_cap>/root/datasets/OfficialDataset/MITM/MITM/training/frequent/20161021140907/20160924143530.MITM_modification_BinaryInputPointDelete/20160924143530.MITM_modification_BinaryInputPointDelete.master.pcap</master_cap><slave_cap>/root/datasets/OfficialDataset/MITM/MITM/training/frequent/20161021140907/20160924143530.MITM_modification_BinaryInputPointDelete/20160924143530.MITM_modification_BinaryInputPointDelete.slave.pcap</slave_cap><attack_cap>/root/datasets/OfficialDataset/MITM/MITM/training/frequent/20161021140907/20160924143530.MITM_modification_BinaryInputPointDelete/20160924143530.MITM_modification_BinaryInputPointDelete.attacker.pcap</attack_cap><start>2016-09-24 14:35:30.767591</start><finish>2016-09-24 14:36:23.142435</finish><attack>MITM_modification_BinaryInputPointDelete</attack><local_dir>/root/datasets/OfficialDataset/MITM/MITM/training/frequent/20161021140907/20160924143530.MITM_modification_BinaryInputPointDelete</local_dir><first>5092</first><last>20479</last><range pcap="attacker"><first>278036</first><offset>283128</offset><last>283548</last></range><range pcap="slave"><first>1402727</first><offset>1409885</offset><last>1410207</last></range><range pcap="master"><first>1402608</first><offset>1409766</offset><last>1410093</last></range></profile>