<profile><master_cap>/root/datasets/OfficialDataset/Attacks/attacks/training/frequent/20161021143503/20161011134225.slave_masquerading_ObjectSpoofCounterFuzz/20161011134225.slave_masquerading_ObjectSpoofCounterFuzz.master.pcap</master_cap><slave_cap>/root/datasets/OfficialDataset/Attacks/attacks/training/frequent/20161021143503/20161011134225.slave_masquerading_ObjectSpoofCounterFuzz/20161011134225.slave_masquerading_ObjectSpoofCounterFuzz.slave.pcap</slave_cap><attack_cap>/root/datasets/OfficialDataset/Attacks/attacks/training/frequent/20161021143503/20161011134225.slave_masquerading_ObjectSpoofCounterFuzz/20161011134225.slave_masquerading_ObjectSpoofCounterFuzz.attacker.pcap</attack_cap><start>2016-10-11 13:42:25.777948</start><finish>2016-10-11 13:43:01.546276</finish><attack>slave_masquerading_ObjectSpoofCounterFuzz</attack><local_dir>/root/datasets/OfficialDataset/Attacks/attacks/training/frequent/20161021143503/20161011134225.slave_masquerading_ObjectSpoofCounterFuzz</local_dir><first>3998</first><last>41556</last><range pcap="attacker"><first>265972</first><offset>269970</offset><last>270258</last></range><range pcap="slave"><first>829821</first><offset>848242</offset><last>848374</last></range><range pcap="master"><first>823201</first><offset>841624</offset><last>841916</last></range></profile>