<AttackProcessor pcap="20161021132245.attacker"><start>2016-08-12 11:23:00.895547</start><finish>2016-08-13 07:08:42.355654</finish><local_dir>/root/datasets/OfficialDataset/Injection/injection/training/infrequent</local_dir><first>19005</first><last>266058</last></AttackProcessor><AttackProcessor pcap="20161021132245.slave"><start>2016-08-12 11:23:00.895547</start><finish>2016-08-13 07:08:42.355654</finish><local_dir>/root/datasets/OfficialDataset/Injection/injection/training/infrequent</local_dir><first>26559</first><last>606972</last></AttackProcessor><AttackProcessor pcap="20161021132245.master"><start>2016-08-12 11:23:00.895547</start><finish>2016-08-13 07:08:42.355654</finish><local_dir>/root/datasets/OfficialDataset/Injection/injection/training/infrequent</local_dir><first>26563</first><last>606905</last></AttackProcessor>