<profile><master_cap>/root/datasets/OfficialDataset/MITM/MITM/training/frequent/20161021140907/20160923195446.MITM_modification_ImmedFreezeNR/20160923195446.MITM_modification_ImmedFreezeNR.master.pcap</master_cap><slave_cap>/root/datasets/OfficialDataset/MITM/MITM/training/frequent/20161021140907/20160923195446.MITM_modification_ImmedFreezeNR/20160923195446.MITM_modification_ImmedFreezeNR.slave.pcap</slave_cap><attack_cap>/root/datasets/OfficialDataset/MITM/MITM/training/frequent/20161021140907/20160923195446.MITM_modification_ImmedFreezeNR/20160923195446.MITM_modification_ImmedFreezeNR.attacker.pcap</attack_cap><start>2016-09-23 19:54:46.373489</start><finish>2016-09-23 19:55:21.506638</finish><attack>MITM_modification_ImmedFreezeNR</attack><local_dir>/root/datasets/OfficialDataset/MITM/MITM/training/frequent/20161021140907/20160923195446.MITM_modification_ImmedFreezeNR</local_dir><first>2946</first><last>11835</last><range pcap="attacker"><first>36564</first><offset>39510</offset><last>39742</last></range><range pcap="slave"><first>169249</first><offset>173378</offset><last>173573</last></range><range pcap="master"><first>169271</first><offset>173400</offset><last>173602</last></range></profile>