<profile><master_cap>/root/datasets/OfficialDataset/Attacks/attacks/training/infrequent/20161021143435/20161004180034.nmap/20161004180034.nmap.master.pcap</master_cap><slave_cap>/root/datasets/OfficialDataset/Attacks/attacks/training/infrequent/20161021143435/20161004180034.nmap/20161004180034.nmap.slave.pcap</slave_cap><attack_cap>/root/datasets/OfficialDataset/Attacks/attacks/training/infrequent/20161021143435/20161004180034.nmap/20161004180034.nmap.attacker.pcap</attack_cap><start>2016-10-04 18:00:34.321650</start><finish>2016-10-04 18:00:36.718534</finish><attack>nmap</attack><local_dir>/root/datasets/OfficialDataset/Attacks/attacks/training/infrequent/20161021143435/20161004180034.nmap</local_dir><first>0</first><last>1352</last><range pcap="attacker"><first>0</first><offset>0</offset><last>541</last></range><range pcap="slave"><first>0</first><offset>0</offset><last>405</last></range><range pcap="master"><first>0</first><offset>0</offset><last>404</last></range></profile>