<profile><master_cap>/root/datasets/OfficialDataset/Injection/injection/training/frequent/20161021132150/20160813174206.injection_replay/20160813174206.injection_replay.master.pcap</master_cap><slave_cap>/root/datasets/OfficialDataset/Injection/injection/training/frequent/20161021132150/20160813174206.injection_replay/20160813174206.injection_replay.slave.pcap</slave_cap><attack_cap>/root/datasets/OfficialDataset/Injection/injection/training/frequent/20161021132150/20160813174206.injection_replay/20160813174206.injection_replay.attacker.pcap</attack_cap><start>2016-08-13 17:42:06.121304</start><finish>2016-08-13 17:42:10.413838</finish><attack>injection_replay</attack><local_dir>/root/datasets/OfficialDataset/Injection/injection/training/frequent/20161021132150/20160813174206.injection_replay</local_dir><first>4391</first><last>16777</last><range pcap="attacker"><first>90129</first><offset>94520</offset><last>94531</last></range><range pcap="slave"><first>947687</first><offset>953858</offset><last>953878</last></range><range pcap="master"><first>947524</first><offset>953686</offset><last>953706</last></range></profile>