<profile><master_cap>/root/datasets/OfficialDataset/Flooding/flooding/training/frequent/20161021130706/20160830170411.slave_masquerading_flooding/20160830170411.slave_masquerading_flooding.master.pcap</master_cap><slave_cap>/root/datasets/OfficialDataset/Flooding/flooding/training/frequent/20161021130706/20160830170411.slave_masquerading_flooding/20160830170411.slave_masquerading_flooding.slave.pcap</slave_cap><attack_cap>/root/datasets/OfficialDataset/Flooding/flooding/training/frequent/20161021130706/20160830170411.slave_masquerading_flooding/20160830170411.slave_masquerading_flooding.attacker.pcap</attack_cap><start>2016-08-30 17:04:11.614728</start><finish>2016-08-30 17:04:41.852094</finish><attack>slave_masquerading_flooding</attack><local_dir>/root/datasets/OfficialDataset/Flooding/flooding/training/frequent/20161021130706/20160830170411.slave_masquerading_flooding</local_dir><first>5167</first><last>24396</last><range pcap="attacker"><first>36475</first><offset>41642</offset><last>43971</last></range><range pcap="slave"><first>46640</first><offset>53863</offset><last>53989</last></range><range pcap="master"><first>45773</first><offset>52992</offset><last>55322</last></range></profile>