<profile><master_cap>/root/datasets/OfficialDataset/Masqurading/masquerading/training/frequent/20161021132756/20160827052503.master_masquerading/20160827052503.master_masquerading.master.pcap</master_cap><slave_cap>/root/datasets/OfficialDataset/Masqurading/masquerading/training/frequent/20161021132756/20160827052503.master_masquerading/20160827052503.master_masquerading.slave.pcap</slave_cap><attack_cap>/root/datasets/OfficialDataset/Masqurading/masquerading/training/frequent/20161021132756/20160827052503.master_masquerading/20160827052503.master_masquerading.attacker.pcap</attack_cap><start>2016-08-27 05:25:03.591528</start><finish>2016-08-27 05:26:19.981375</finish><attack>master_masquerading</attack><local_dir>/root/datasets/OfficialDataset/Masqurading/masquerading/training/frequent/20161021132756/20160827052503.master_masquerading</local_dir><first>3785</first><last>15580</last><range pcap="attacker"><first>218789</first><offset>222574</offset><last>222900</last></range><range pcap="slave"><first>284322</first><offset>289657</offset><last>290096</last></range><range pcap="master"><first>296330</first><offset>301661</offset><last>302023</last></range></profile>