<profile><master_cap>/root/datasets/OfficialDataset/Replay/replay/training/frequent/20161021142021/20160728200815.master_replay/20160728200815.master_replay.master.pcap</master_cap><slave_cap>/root/datasets/OfficialDataset/Replay/replay/training/frequent/20161021142021/20160728200815.master_replay/20160728200815.master_replay.slave.pcap</slave_cap><attack_cap>/root/datasets/OfficialDataset/Replay/replay/training/frequent/20161021142021/20160728200815.master_replay/20160728200815.master_replay.attacker.pcap</attack_cap><start>2016-07-28 20:08:15.944012</start><finish>2016-07-28 20:09:05.919182</finish><attack>master_replay</attack><local_dir>/root/datasets/OfficialDataset/Replay/replay/training/frequent/20161021142021/20160728200815.master_replay</local_dir><first>3996</first><last>15892</last><range pcap="attacker"><first>50158</first><offset>54154</offset><last>54379</last></range><range pcap="slave"><first>303847</first><offset>309405</offset><last>309713</last></range><range pcap="master"><first>303544</first><offset>309100</offset><last>309347</last></range></profile>