<profile><master_cap>/root/datasets/OfficialDataset/Replay/replay/training/frequent/20161021142021/20160728180612.master_replay_flooding/20160728180612.master_replay_flooding.master.pcap</master_cap><slave_cap>/root/datasets/OfficialDataset/Replay/replay/training/frequent/20161021142021/20160728180612.master_replay_flooding/20160728180612.master_replay_flooding.slave.pcap</slave_cap><attack_cap>/root/datasets/OfficialDataset/Replay/replay/training/frequent/20161021142021/20160728180612.master_replay_flooding/20160728180612.master_replay_flooding.attacker.pcap</attack_cap><start>2016-07-28 18:06:12.368072</start><finish>2016-07-28 18:06:31.489599</finish><attack>master_replay_flooding</attack><local_dir>/root/datasets/OfficialDataset/Replay/replay/training/frequent/20161021142021/20160728180612.master_replay_flooding</local_dir><first>3579</first><last>13862</last><range pcap="attacker"><first>25020</first><offset>28599</offset><last>28685</last></range><range pcap="slave"><first>79059</first><offset>84047</offset><last>84171</last></range><range pcap="master"><first>78814</first><offset>83795</offset><last>83897</last></range></profile>