<profile><master_cap>/root/datasets/OfficialDataset/Replay/replay/training/frequent/20161021142021/20160729014215.master_replay/20160729014215.master_replay.master.pcap</master_cap><slave_cap>/root/datasets/OfficialDataset/Replay/replay/training/frequent/20161021142021/20160729014215.master_replay/20160729014215.master_replay.slave.pcap</slave_cap><attack_cap>/root/datasets/OfficialDataset/Replay/replay/training/frequent/20161021142021/20160729014215.master_replay/20160729014215.master_replay.attacker.pcap</attack_cap><start>2016-07-29 01:42:15.147651</start><finish>2016-07-29 01:43:05.084248</finish><attack>master_replay</attack><local_dir>/root/datasets/OfficialDataset/Replay/replay/training/frequent/20161021142021/20160729014215.master_replay</local_dir><first>2526</first><last>22673</last><range pcap="attacker"><first>122207</first><offset>124733</offset><last>124967</last></range><range pcap="slave"><first>659493</first><offset>669174</offset><last>669480</last></range><range pcap="master"><first>658860</first><offset>668539</offset><last>668784</last></range></profile>