<profile><master_cap>/root/datasets/OfficialDataset/MITM/MITM/training/frequent/20161021140907/20160924161741.MITM_modification_ImmedFreezeNR/20160924161741.MITM_modification_ImmedFreezeNR.master.pcap</master_cap><slave_cap>/root/datasets/OfficialDataset/MITM/MITM/training/frequent/20161021140907/20160924161741.MITM_modification_ImmedFreezeNR/20160924161741.MITM_modification_ImmedFreezeNR.slave.pcap</slave_cap><attack_cap>/root/datasets/OfficialDataset/MITM/MITM/training/frequent/20161021140907/20160924161741.MITM_modification_ImmedFreezeNR/20160924161741.MITM_modification_ImmedFreezeNR.attacker.pcap</attack_cap><start>2016-09-24 16:17:41.991926</start><finish>2016-09-24 16:18:19.191765</finish><attack>MITM_modification_ImmedFreezeNR</attack><local_dir>/root/datasets/OfficialDataset/MITM/MITM/training/frequent/20161021140907/20160924161741.MITM_modification_ImmedFreezeNR</local_dir><first>4724</first><last>None</last><range pcap="attacker"><first>300433</first><offset>305157</offset><last>305450</last></range><range pcap="slave"><first>1440449</first><offset>1447093</offset><last>1447322</last></range><range pcap="master"><first>1440361</first><offset>1447007</offset><last>1447235</last></range></profile>