<profile><master_cap>/root/datasets/OfficialDataset/Injection/injection/training/frequent/20161021132150/20160813134916.injection_WarmRestart/20160813134916.injection_WarmRestart.master.pcap</master_cap><slave_cap>/root/datasets/OfficialDataset/Injection/injection/training/frequent/20161021132150/20160813134916.injection_WarmRestart/20160813134916.injection_WarmRestart.slave.pcap</slave_cap><attack_cap>/root/datasets/OfficialDataset/Injection/injection/training/frequent/20161021132150/20160813134916.injection_WarmRestart/20160813134916.injection_WarmRestart.attacker.pcap</attack_cap><start>2016-08-13 13:49:16.023627</start><finish>2016-08-13 13:50:35.999658</finish><attack>injection_WarmRestart</attack><local_dir>/root/datasets/OfficialDataset/Injection/injection/training/frequent/20161021132150/20160813134916.injection_WarmRestart</local_dir><first>4167</first><last>16957</last><range pcap="attacker"><first>41891</first><offset>46058</offset><last>46360</last></range><range pcap="slave"><first>486799</first><offset>492622</offset><last>493047</last></range><range pcap="master"><first>486714</first><offset>492537</offset><last>492952</last></range></profile>