<profile><master_cap>/root/datasets/OfficialDataset/Injection/injection/training/frequent/20161021132150/20160813132759.injection_ColdRestart/20160813132759.injection_ColdRestart.master.pcap</master_cap><slave_cap>/root/datasets/OfficialDataset/Injection/injection/training/frequent/20161021132150/20160813132759.injection_ColdRestart/20160813132759.injection_ColdRestart.slave.pcap</slave_cap><attack_cap>/root/datasets/OfficialDataset/Injection/injection/training/frequent/20161021132150/20160813132759.injection_ColdRestart/20160813132759.injection_ColdRestart.attacker.pcap</attack_cap><start>2016-08-13 13:27:59.712741</start><finish>2016-08-13 13:29:16.939673</finish><attack>injection_ColdRestart</attack><local_dir>/root/datasets/OfficialDataset/Injection/injection/training/frequent/20161021132150/20160813132759.injection_ColdRestart</local_dir><first>4965</first><last>19874</last><range pcap="attacker"><first>36638</first><offset>41603</offset><last>41890</last></range><range pcap="slave"><first>479484</first><offset>486391</offset><last>486798</last></range><range pcap="master"><first>479407</first><offset>486314</offset><last>486713</last></range></profile>