<profile><master_cap>/root/datasets/OfficialDataset/MITM/MITM/training/frequent/20161021140907/20160923192458.MITM_hijack_injection/20160923192458.MITM_hijack_injection.master.pcap</master_cap><slave_cap>/root/datasets/OfficialDataset/MITM/MITM/training/frequent/20161021140907/20160923192458.MITM_hijack_injection/20160923192458.MITM_hijack_injection.slave.pcap</slave_cap><attack_cap>/root/datasets/OfficialDataset/MITM/MITM/training/frequent/20161021140907/20160923192458.MITM_hijack_injection/20160923192458.MITM_hijack_injection.attacker.pcap</attack_cap><start>2016-09-23 19:24:58.867921</start><finish>2016-09-23 19:26:07.869486</finish><attack>MITM_hijack_injection</attack><local_dir>/root/datasets/OfficialDataset/MITM/MITM/training/frequent/20161021140907/20160923192458.MITM_hijack_injection</local_dir><first>5222</first><last>56316</last><range pcap="attacker"><first>27450</first><offset>32672</offset><last>33284</last></range><range pcap="slave"><first>70282</first><offset>77607</offset><last>95537</last></range><range pcap="master"><first>70321</first><offset>77646</offset><last>95546</last></range></profile>