<profile><master_cap>/root/datasets/OfficialDataset/Injection/injection/training/frequent/20161021132150/20160814012622.injection_ColdRestart/20160814012622.injection_ColdRestart.master.pcap</master_cap><slave_cap>/root/datasets/OfficialDataset/Injection/injection/training/frequent/20161021132150/20160814012622.injection_ColdRestart/20160814012622.injection_ColdRestart.slave.pcap</slave_cap><attack_cap>/root/datasets/OfficialDataset/Injection/injection/training/frequent/20161021132150/20160814012622.injection_ColdRestart/20160814012622.injection_ColdRestart.attacker.pcap</attack_cap><start>2016-08-14 01:26:22.020163</start><finish>2016-08-14 01:27:41.019649</finish><attack>injection_ColdRestart</attack><local_dir>/root/datasets/OfficialDataset/Injection/injection/training/frequent/20161021132150/20160814012622.injection_ColdRestart</local_dir><first>5356</first><last>84534</last><range pcap="attacker"><first>185408</first><offset>190764</offset><last>191058</last></range><range pcap="slave"><first>2066412</first><offset>2105433</offset><last>2105849</last></range><range pcap="master"><first>2066116</first><offset>2105139</offset><last>2105561</last></range></profile>