<profile><master_cap>/root/datasets/OfficialDataset/Flooding/flooding/training/frequent/20161021130706/20160831081546.master_replay_flooding/20160831081546.master_replay_flooding.master.pcap</master_cap><slave_cap>/root/datasets/OfficialDataset/Flooding/flooding/training/frequent/20161021130706/20160831081546.master_replay_flooding/20160831081546.master_replay_flooding.slave.pcap</slave_cap><attack_cap>/root/datasets/OfficialDataset/Flooding/flooding/training/frequent/20161021130706/20160831081546.master_replay_flooding/20160831081546.master_replay_flooding.attacker.pcap</attack_cap><start>2016-08-31 08:15:46.599101</start><finish>2016-08-31 08:16:06.252899</finish><attack>master_replay_flooding</attack><local_dir>/root/datasets/OfficialDataset/Flooding/flooding/training/frequent/20161021130706/20160831081546.master_replay_flooding</local_dir><first>5110</first><last>19689</last><range pcap="attacker"><first>277730</first><offset>282840</offset><last>282906</last></range><range pcap="slave"><first>341010</first><offset>348185</offset><last>348280</last></range><range pcap="master"><first>333816</first><offset>340987</offset><last>341057</last></range></profile>