<profile><master_cap>/root/datasets/OfficialDataset/MITM/MITM/training/infrequent/20161021135759/20160923080712.MITM_modification_BinaryStatus/20160923080712.MITM_modification_BinaryStatus.master.pcap</master_cap><slave_cap>/root/datasets/OfficialDataset/MITM/MITM/training/infrequent/20161021135759/20160923080712.MITM_modification_BinaryStatus/20160923080712.MITM_modification_BinaryStatus.slave.pcap</slave_cap><attack_cap>/root/datasets/OfficialDataset/MITM/MITM/training/infrequent/20161021135759/20160923080712.MITM_modification_BinaryStatus/20160923080712.MITM_modification_BinaryStatus.attacker.pcap</attack_cap><start>2016-09-23 08:07:12.029715</start><finish>2016-09-23 08:07:57.119273</finish><attack>MITM_modification_BinaryStatus</attack><local_dir>/root/datasets/OfficialDataset/MITM/MITM/training/infrequent/20161021135759/20160923080712.MITM_modification_BinaryStatus</local_dir><first>26612</first><last>126848</last><range pcap="attacker"><first>147587</first><offset>174199</offset><last>174578</last></range><range pcap="slave"><first>322755</first><offset>372402</offset><last>372679</last></range><range pcap="master"><first>322685</first><offset>372334</offset><last>372616</last></range></profile>