<profile><master_cap>/root/datasets/OfficialDataset/MITM/MITM/training/frequent/20161021140907/20160923233741.MITM_modification_CounterStatus/20160923233741.MITM_modification_CounterStatus.master.pcap</master_cap><slave_cap>/root/datasets/OfficialDataset/MITM/MITM/training/frequent/20161021140907/20160923233741.MITM_modification_CounterStatus/20160923233741.MITM_modification_CounterStatus.slave.pcap</slave_cap><attack_cap>/root/datasets/OfficialDataset/MITM/MITM/training/frequent/20161021140907/20160923233741.MITM_modification_CounterStatus/20160923233741.MITM_modification_CounterStatus.attacker.pcap</attack_cap><start>2016-09-23 23:37:41.805117</start><finish>2016-09-23 23:38:24.679285</finish><attack>MITM_modification_CounterStatus</attack><local_dir>/root/datasets/OfficialDataset/MITM/MITM/training/frequent/20161021140907/20160923233741.MITM_modification_CounterStatus</local_dir><first>5166</first><last>20645</last><range pcap="attacker"><first>82656</first><offset>87822</offset><last>88186</last></range><range pcap="slave"><first>354351</first><offset>361638</offset><last>361903</last></range><range pcap="master"><first>354371</first><offset>361654</offset><last>361932</last></range></profile>