<profile><master_cap>/root/datasets/OfficialDataset/MITM/MITM/training/frequent/20161021140907/20160923201535.MITM_modification_ImmedFreezeNR/20160923201535.MITM_modification_ImmedFreezeNR.master.pcap</master_cap><slave_cap>/root/datasets/OfficialDataset/MITM/MITM/training/frequent/20161021140907/20160923201535.MITM_modification_ImmedFreezeNR/20160923201535.MITM_modification_ImmedFreezeNR.slave.pcap</slave_cap><attack_cap>/root/datasets/OfficialDataset/MITM/MITM/training/frequent/20161021140907/20160923201535.MITM_modification_ImmedFreezeNR/20160923201535.MITM_modification_ImmedFreezeNR.attacker.pcap</attack_cap><start>2016-09-23 20:15:35.604435</start><finish>2016-09-23 20:16:15.305826</finish><attack>MITM_modification_ImmedFreezeNR</attack><local_dir>/root/datasets/OfficialDataset/MITM/MITM/training/frequent/20161021140907/20160923201535.MITM_modification_ImmedFreezeNR</local_dir><first>4165</first><last>16685</last><range pcap="attacker"><first>39743</first><offset>43908</offset><last>44227</last></range><range pcap="slave"><first>173574</first><offset>179419</offset><last>179670</last></range><range pcap="master"><first>173603</first><offset>179444</offset><last>179706</last></range></profile>