<profile><master_cap>/root/datasets/OfficialDataset/MITM/MITM/training/frequent/20161021140907/20160923170902.MITM_modification_CounterStatus/20160923170902.MITM_modification_CounterStatus.master.pcap</master_cap><slave_cap>/root/datasets/OfficialDataset/MITM/MITM/training/frequent/20161021140907/20160923170902.MITM_modification_CounterStatus/20160923170902.MITM_modification_CounterStatus.slave.pcap</slave_cap><attack_cap>/root/datasets/OfficialDataset/MITM/MITM/training/frequent/20161021140907/20160923170902.MITM_modification_CounterStatus/20160923170902.MITM_modification_CounterStatus.attacker.pcap</attack_cap><start>2016-09-23 17:09:02.077918</start><finish>2016-09-23 17:09:57.186255</finish><attack>MITM_modification_CounterStatus</attack><local_dir>/root/datasets/OfficialDataset/MITM/MITM/training/frequent/20161021140907/20160923170902.MITM_modification_CounterStatus</local_dir><first>2581</first><last>10941</last><range pcap="attacker"><first>593</first><offset>3174</offset><last>3607</last></range><range pcap="slave"><first>504</first><offset>4133</offset><last>4462</last></range><range pcap="master"><first>487</first><offset>4116</offset><last>4454</last></range></profile>