<profile><master_cap>/root/datasets/OfficialDataset/Attacks/attacks/training/frequent/20161021143503/20161010193132.injection_WarmRestart/20161010193132.injection_WarmRestart.master.pcap</master_cap><slave_cap>/root/datasets/OfficialDataset/Attacks/attacks/training/frequent/20161021143503/20161010193132.injection_WarmRestart/20161010193132.injection_WarmRestart.slave.pcap</slave_cap><attack_cap>/root/datasets/OfficialDataset/Attacks/attacks/training/frequent/20161021143503/20161010193132.injection_WarmRestart/20161010193132.injection_WarmRestart.attacker.pcap</attack_cap><start>2016-10-10 19:31:32.027729</start><finish>2016-10-10 19:32:44.990784</finish><attack>injection_WarmRestart</attack><local_dir>/root/datasets/OfficialDataset/Attacks/attacks/training/frequent/20161021143503/20161010193132.injection_WarmRestart</local_dir><first>3897</first><last>15887</last><range pcap="attacker"><first>26105</first><offset>30002</offset><last>30269</last></range><range pcap="slave"><first>32045</first><offset>37523</offset><last>37910</last></range><range pcap="master"><first>23335</first><offset>28811</offset><last>29191</last></range></profile>