<profile><master_cap>/root/datasets/OfficialDataset/Flooding/flooding/training/frequent/20161021130706/20160831044411.master_replay_flooding/20160831044411.master_replay_flooding.master.pcap</master_cap><slave_cap>/root/datasets/OfficialDataset/Flooding/flooding/training/frequent/20161021130706/20160831044411.master_replay_flooding/20160831044411.master_replay_flooding.slave.pcap</slave_cap><attack_cap>/root/datasets/OfficialDataset/Flooding/flooding/training/frequent/20161021130706/20160831044411.master_replay_flooding/20160831044411.master_replay_flooding.attacker.pcap</attack_cap><start>2016-08-31 04:44:11.668051</start><finish>2016-08-31 04:44:31.307610</finish><attack>master_replay_flooding</attack><local_dir>/root/datasets/OfficialDataset/Flooding/flooding/training/frequent/20161021130706/20160831044411.master_replay_flooding</local_dir><first>5784</first><last>22377</last><range pcap="attacker"><first>215768</first><offset>221552</offset><last>221639</last></range><range pcap="slave"><first>264663</first><offset>272803</offset><last>272929</last></range><range pcap="master"><first>267750</first><offset>275884</offset><last>275988</last></range></profile>