<profile><master_cap>/root/datasets/OfficialDataset/Masqurading/masquerading/training/frequent/20161021132756/20160826164156.slave_masquerading_ObjectSpoofCounter/20160826164156.slave_masquerading_ObjectSpoofCounter.master.pcap</master_cap><slave_cap>/root/datasets/OfficialDataset/Masqurading/masquerading/training/frequent/20161021132756/20160826164156.slave_masquerading_ObjectSpoofCounter/20160826164156.slave_masquerading_ObjectSpoofCounter.slave.pcap</slave_cap><attack_cap>/root/datasets/OfficialDataset/Masqurading/masquerading/training/frequent/20161021132756/20160826164156.slave_masquerading_ObjectSpoofCounter/20160826164156.slave_masquerading_ObjectSpoofCounter.attacker.pcap</attack_cap><start>2016-08-26 16:41:56.063671</start><finish>2016-08-26 16:42:14.392303</finish><attack>slave_masquerading_ObjectSpoofCounter</attack><local_dir>/root/datasets/OfficialDataset/Masqurading/masquerading/training/frequent/20161021132756/20160826164156.slave_masquerading_ObjectSpoofCounter</local_dir><first>4298</first><last>16728</last><range pcap="attacker"><first>48217</first><offset>52515</offset><last>52651</last></range><range pcap="slave"><first>61998</first><offset>68016</offset><last>68122</last></range><range pcap="master"><first>64579</first><offset>70602</offset><last>70747</last></range></profile>