<profile><master_cap>/root/datasets/OfficialDataset/Flooding/flooding/training/frequent/20161021130706/20160831095216.master_flooding/20160831095216.master_flooding.master.pcap</master_cap><slave_cap>/root/datasets/OfficialDataset/Flooding/flooding/training/frequent/20161021130706/20160831095216.master_flooding/20160831095216.master_flooding.slave.pcap</slave_cap><attack_cap>/root/datasets/OfficialDataset/Flooding/flooding/training/frequent/20161021130706/20160831095216.master_flooding/20160831095216.master_flooding.attacker.pcap</attack_cap><start>2016-08-31 09:52:16.798021</start><finish>2016-08-31 09:53:29.914237</finish><attack>master_flooding</attack><local_dir>/root/datasets/OfficialDataset/Flooding/flooding/training/frequent/20161021130706/20160831095216.master_flooding</local_dir><first>5139</first><last>21845</last><range pcap="attacker"><first>297776</first><offset>302915</offset><last>303776</last></range><range pcap="slave"><first>369120</first><offset>376360</offset><last>377339</last></range><range pcap="master"><first>361825</first><offset>369063</offset><last>369449</last></range></profile>