<profile><master_cap>/root/datasets/OfficialDataset/Attacks/attacks/training/frequent/20161021143503/20161011061158.slave_masquerading_ObjectSpoofCounter/20161011061158.slave_masquerading_ObjectSpoofCounter.master.pcap</master_cap><slave_cap>/root/datasets/OfficialDataset/Attacks/attacks/training/frequent/20161021143503/20161011061158.slave_masquerading_ObjectSpoofCounter/20161011061158.slave_masquerading_ObjectSpoofCounter.slave.pcap</slave_cap><attack_cap>/root/datasets/OfficialDataset/Attacks/attacks/training/frequent/20161021143503/20161011061158.slave_masquerading_ObjectSpoofCounter/20161011061158.slave_masquerading_ObjectSpoofCounter.attacker.pcap</attack_cap><start>2016-10-11 06:11:58.458211</start><finish>2016-10-11 06:12:34.715997</finish><attack>slave_masquerading_ObjectSpoofCounter</attack><local_dir>/root/datasets/OfficialDataset/Attacks/attacks/training/frequent/20161021143503/20161011061158.slave_masquerading_ObjectSpoofCounter</local_dir><first>5854</first><last>22727</last><range pcap="attacker"><first>166895</first><offset>172749</offset><last>172979</last></range><range pcap="slave"><first>428685</first><offset>436806</offset><last>436965</last></range><range pcap="master"><first>421763</first><offset>429879</offset><last>430124</last></range></profile>