<profile><master_cap>/root/datasets/OfficialDataset/Replay/replay/training/frequent/20161021142021/20160729141429.injection_replay/20160729141429.injection_replay.master.pcap</master_cap><slave_cap>/root/datasets/OfficialDataset/Replay/replay/training/frequent/20161021142021/20160729141429.injection_replay/20160729141429.injection_replay.slave.pcap</slave_cap><attack_cap>/root/datasets/OfficialDataset/Replay/replay/training/frequent/20161021142021/20160729141429.injection_replay/20160729141429.injection_replay.attacker.pcap</attack_cap><start>2016-07-29 14:14:29.835705</start><finish>2016-07-29 14:14:34.135754</finish><attack>injection_replay</attack><local_dir>/root/datasets/OfficialDataset/Replay/replay/training/frequent/20161021142021/20160729141429.injection_replay</local_dir><first>3184</first><last>12203</last><range pcap="attacker"><first>280801</first><offset>283985</offset><last>284002</last></range><range pcap="slave"><first>2333109</first><offset>2337592</offset><last>2337612</last></range><range pcap="master"><first>2331379</first><offset>2335856</offset><last>2335876</last></range></profile>