<profile><master_cap>/root/datasets/OfficialDataset/MITM/MITM/training/frequent/20161021140907/20160923212411.MITM_hijack_injection/20160923212411.MITM_hijack_injection.master.pcap</master_cap><slave_cap>/root/datasets/OfficialDataset/MITM/MITM/training/frequent/20161021140907/20160923212411.MITM_hijack_injection/20160923212411.MITM_hijack_injection.slave.pcap</slave_cap><attack_cap>/root/datasets/OfficialDataset/MITM/MITM/training/frequent/20161021140907/20160923212411.MITM_hijack_injection/20160923212411.MITM_hijack_injection.attacker.pcap</attack_cap><start>2016-09-23 21:24:11.910794</start><finish>2016-09-23 21:25:19.495665</finish><attack>MITM_hijack_injection</attack><local_dir>/root/datasets/OfficialDataset/MITM/MITM/training/frequent/20161021140907/20160923212411.MITM_hijack_injection</local_dir><first>4044</first><last>19576</last><range pcap="attacker"><first>54619</first><offset>58663</offset><last>59369</last></range><range pcap="slave"><first>227040</first><offset>232723</offset><last>234486</last></range><range pcap="master"><first>227091</first><offset>232774</offset><last>234469</last></range></profile>