<profile><master_cap>/root/datasets/OfficialDataset/MITM/MITM/training/frequent/20161021140907/20160924031535.MITM_modification_BinaryInputPointInsert/20160924031535.MITM_modification_BinaryInputPointInsert.master.pcap</master_cap><slave_cap>/root/datasets/OfficialDataset/MITM/MITM/training/frequent/20161021140907/20160924031535.MITM_modification_BinaryInputPointInsert/20160924031535.MITM_modification_BinaryInputPointInsert.slave.pcap</slave_cap><attack_cap>/root/datasets/OfficialDataset/MITM/MITM/training/frequent/20161021140907/20160924031535.MITM_modification_BinaryInputPointInsert/20160924031535.MITM_modification_BinaryInputPointInsert.attacker.pcap</attack_cap><start>2016-09-24 03:15:35.810456</start><finish>2016-09-24 03:16:25.515509</finish><attack>MITM_modification_BinaryInputPointInsert</attack><local_dir>/root/datasets/OfficialDataset/MITM/MITM/training/frequent/20161021140907/20160924031535.MITM_modification_BinaryInputPointInsert</local_dir><first>5908</first><last>23546</last><range pcap="attacker"><first>128938</first><offset>134846</offset><last>135250</last></range><range pcap="slave"><first>460568</first><offset>468878</offset><last>469182</last></range><range pcap="master"><first>460663</first><offset>468970</offset><last>469281</last></range></profile>