<profile><master_cap>/root/datasets/OfficialDataset/Attacks/attacks/training/infrequent/20161021143435/20161005092903.MITM_modification_CountBinaryInputPointInsert/20161005092903.MITM_modification_CountBinaryInputPointInsert.master.pcap</master_cap><slave_cap>/root/datasets/OfficialDataset/Attacks/attacks/training/infrequent/20161021143435/20161005092903.MITM_modification_CountBinaryInputPointInsert/20161005092903.MITM_modification_CountBinaryInputPointInsert.slave.pcap</slave_cap><attack_cap>/root/datasets/OfficialDataset/Attacks/attacks/training/infrequent/20161021143435/20161005092903.MITM_modification_CountBinaryInputPointInsert/20161005092903.MITM_modification_CountBinaryInputPointInsert.attacker.pcap</attack_cap><start>2016-10-05 09:29:03.251079</start><finish>2016-10-05 09:30:20.461066</finish><attack>MITM_modification_CountBinaryInputPointInsert</attack><local_dir>/root/datasets/OfficialDataset/Attacks/attacks/training/infrequent/20161021143435/20161005092903.MITM_modification_CountBinaryInputPointInsert</local_dir><first>24721</first><last>95675</last><range pcap="attacker"><first>171478</first><offset>196199</offset><last>196779</last></range><range pcap="slave"><first>260606</first><offset>295354</offset><last>295790</last></range><range pcap="master"><first>262481</first><offset>297217</offset><last>297669</last></range></profile>