<profile><master_cap>/root/datasets/OfficialDataset/Attacks/attacks/training/frequent/20161021143503/20161011000914.slave_masquerading_ObjectSpoofBinary/20161011000914.slave_masquerading_ObjectSpoofBinary.master.pcap</master_cap><slave_cap>/root/datasets/OfficialDataset/Attacks/attacks/training/frequent/20161021143503/20161011000914.slave_masquerading_ObjectSpoofBinary/20161011000914.slave_masquerading_ObjectSpoofBinary.slave.pcap</slave_cap><attack_cap>/root/datasets/OfficialDataset/Attacks/attacks/training/frequent/20161021143503/20161011000914.slave_masquerading_ObjectSpoofBinary/20161011000914.slave_masquerading_ObjectSpoofBinary.attacker.pcap</attack_cap><start>2016-10-11 00:09:14.193160</start><finish>2016-10-11 00:10:15.451014</finish><attack>slave_masquerading_ObjectSpoofBinary</attack><local_dir>/root/datasets/OfficialDataset/Attacks/attacks/training/frequent/20161021143503/20161011000914.slave_masquerading_ObjectSpoofBinary</local_dir><first>2483</first><last>22940</last><range pcap="attacker"><first>88083</first><offset>90566</offset><last>90973</last></range><range pcap="slave"><first>261866</first><offset>271568</offset><last>271814</last></range><range pcap="master"><first>252147</first><offset>261847</offset><last>262247</last></range></profile>