<profile><master_cap>/root/datasets/OfficialDataset/Flooding/flooding/training/frequent/20161021130706/20160831090353.master_hijacking_replay_flooding/20160831090353.master_hijacking_replay_flooding.master.pcap</master_cap><slave_cap>/root/datasets/OfficialDataset/Flooding/flooding/training/frequent/20161021130706/20160831090353.master_hijacking_replay_flooding/20160831090353.master_hijacking_replay_flooding.slave.pcap</slave_cap><attack_cap>/root/datasets/OfficialDataset/Flooding/flooding/training/frequent/20161021130706/20160831090353.master_hijacking_replay_flooding/20160831090353.master_hijacking_replay_flooding.attacker.pcap</attack_cap><start>2016-08-31 09:03:53.912711</start><finish>2016-08-31 09:04:55.486809</finish><attack>master_hijacking_replay_flooding</attack><local_dir>/root/datasets/OfficialDataset/Flooding/flooding/training/frequent/20161021130706/20160831090353.master_hijacking_replay_flooding</local_dir><first>4922</first><last>19718</last><range pcap="attacker"><first>288034</first><offset>292956</offset><last>293216</last></range><range pcap="slave"><first>355412</first><offset>362321</offset><last>362689</last></range><range pcap="master"><first>348164</first><offset>355074</offset><last>355421</last></range></profile>