<profile><master_cap>/root/datasets/OfficialDataset/Replay/replay/training/frequent/20161021142021/20160729115904.master_hijacking_replay/20160729115904.master_hijacking_replay.master.pcap</master_cap><slave_cap>/root/datasets/OfficialDataset/Replay/replay/training/frequent/20161021142021/20160729115904.master_hijacking_replay/20160729115904.master_hijacking_replay.slave.pcap</slave_cap><attack_cap>/root/datasets/OfficialDataset/Replay/replay/training/frequent/20161021142021/20160729115904.master_hijacking_replay/20160729115904.master_hijacking_replay.attacker.pcap</attack_cap><start>2016-07-29 11:59:04.543334</start><finish>2016-07-29 12:00:13.723609</finish><attack>master_hijacking_replay</attack><local_dir>/root/datasets/OfficialDataset/Replay/replay/training/frequent/20161021142021/20160729115904.master_hijacking_replay</local_dir><first>2476</first><last>279445</last><range pcap="attacker"><first>252703</first><offset>255179</offset><last>255496</last></range><range pcap="slave"><first>2118376</first><offset>2256298</offset><last>2256739</last></range><range pcap="master"><first>2117016</first><offset>2254922</offset><last>2255303</last></range></profile>