<profile><master_cap>/root/datasets/OfficialDataset/Injection/injection/training/frequent/20161021132150/20160814040937.injection_replay/20160814040937.injection_replay.master.pcap</master_cap><slave_cap>/root/datasets/OfficialDataset/Injection/injection/training/frequent/20161021132150/20160814040937.injection_replay/20160814040937.injection_replay.slave.pcap</slave_cap><attack_cap>/root/datasets/OfficialDataset/Injection/injection/training/frequent/20161021132150/20160814040937.injection_replay/20160814040937.injection_replay.attacker.pcap</attack_cap><start>2016-08-14 04:09:37.771619</start><finish>2016-08-14 04:09:42.189529</finish><attack>injection_replay</attack><local_dir>/root/datasets/OfficialDataset/Injection/injection/training/frequent/20161021132150/20160814040937.injection_replay</local_dir><first>4007</first><last>15321</last><range pcap="attacker"><first>220680</first><offset>224687</offset><last>224699</last></range><range pcap="slave"><first>2339852</first><offset>2345481</offset><last>2345502</last></range><range pcap="master"><first>2339499</first><offset>2345128</offset><last>2345149</last></range></profile>