<profile><master_cap>/root/datasets/OfficialDataset/Attacks/attacks/training/frequent/20161021143503/20161011111849.injection_push/20161011111849.injection_push.master.pcap</master_cap><slave_cap>/root/datasets/OfficialDataset/Attacks/attacks/training/frequent/20161021143503/20161011111849.injection_push/20161011111849.injection_push.slave.pcap</slave_cap><attack_cap>/root/datasets/OfficialDataset/Attacks/attacks/training/frequent/20161021143503/20161011111849.injection_push/20161011111849.injection_push.attacker.pcap</attack_cap><start>2016-10-11 11:18:49.119040</start><finish>2016-10-11 11:19:12.884730</finish><attack>injection_push</attack><local_dir>/root/datasets/OfficialDataset/Attacks/attacks/training/frequent/20161021143503/20161011111849.injection_push</local_dir><first>3798</first><last>15003</last><range pcap="attacker"><first>235533</first><offset>239331</offset><last>239420</last></range><range pcap="slave"><first>621319</first><offset>626663</offset><last>626874</last></range><range pcap="master"><first>614444</first><offset>619784</offset><last>620003</last></range></profile>