<profile><master_cap>/root/datasets/OfficialDataset/Flooding/flooding/training/frequent/20161021130706/20160831100758.master_flooding_time/20160831100758.master_flooding_time.master.pcap</master_cap><slave_cap>/root/datasets/OfficialDataset/Flooding/flooding/training/frequent/20161021130706/20160831100758.master_flooding_time/20160831100758.master_flooding_time.slave.pcap</slave_cap><attack_cap>/root/datasets/OfficialDataset/Flooding/flooding/training/frequent/20161021130706/20160831100758.master_flooding_time/20160831100758.master_flooding_time.attacker.pcap</attack_cap><start>2016-08-31 10:07:58.026678</start><finish>2016-08-31 10:09:11.076704</finish><attack>master_flooding_time</attack><local_dir>/root/datasets/OfficialDataset/Flooding/flooding/training/frequent/20161021130706/20160831100758.master_flooding_time</local_dir><first>2945</first><last>13281</last><range pcap="attacker"><first>303777</first><offset>306722</offset><last>307507</last></range><range pcap="slave"><first>377340</first><offset>381492</offset><last>382390</last></range><range pcap="master"><first>369450</first><offset>373600</offset><last>373949</last></range></profile>