<profile><master_cap>/root/datasets/OfficialDataset/MITM/MITM/training/frequent/20161021140907/20160924024604.MITM_modification_BinaryInputDataDelete/20160924024604.MITM_modification_BinaryInputDataDelete.master.pcap</master_cap><slave_cap>/root/datasets/OfficialDataset/MITM/MITM/training/frequent/20161021140907/20160924024604.MITM_modification_BinaryInputDataDelete/20160924024604.MITM_modification_BinaryInputDataDelete.slave.pcap</slave_cap><attack_cap>/root/datasets/OfficialDataset/MITM/MITM/training/frequent/20161021140907/20160924024604.MITM_modification_BinaryInputDataDelete/20160924024604.MITM_modification_BinaryInputDataDelete.attacker.pcap</attack_cap><start>2016-09-24 02:46:04.859896</start><finish>2016-09-24 02:46:55.719541</finish><attack>MITM_modification_BinaryInputDataDelete</attack><local_dir>/root/datasets/OfficialDataset/MITM/MITM/training/frequent/20161021140907/20160924024604.MITM_modification_BinaryInputDataDelete</local_dir><first>5213</first><last>20895</last><range pcap="attacker"><first>123334</first><offset>128547</offset><last>128937</last></range><range pcap="slave"><first>452926</first><offset>460270</offset><last>460567</last></range><range pcap="master"><first>453013</first><offset>460357</offset><last>460662</last></range></profile>