<profile><master_cap>/root/datasets/OfficialDataset/Injection/injection/training/frequent/20161021132150/20160814003327.injection_WarmRestart/20160814003327.injection_WarmRestart.master.pcap</master_cap><slave_cap>/root/datasets/OfficialDataset/Injection/injection/training/frequent/20161021132150/20160814003327.injection_WarmRestart/20160814003327.injection_WarmRestart.slave.pcap</slave_cap><attack_cap>/root/datasets/OfficialDataset/Injection/injection/training/frequent/20161021132150/20160814003327.injection_WarmRestart/20160814003327.injection_WarmRestart.attacker.pcap</attack_cap><start>2016-08-14 00:33:27.628862</start><finish>2016-08-14 00:34:45.887604</finish><attack>injection_WarmRestart</attack><local_dir>/root/datasets/OfficialDataset/Injection/injection/training/frequent/20161021132150/20160814003327.injection_WarmRestart</local_dir><first>3747</first><last>120942</last><range pcap="attacker"><first>176019</first><offset>179766</offset><last>180053</last></range><range pcap="slave"><first>2000217</first><offset>2058260</offset><last>2058664</last></range><range pcap="master"><first>1999918</first><offset>2057978</offset><last>2058377</last></range></profile>