<profile><master_cap>/root/datasets/OfficialDataset/MITM/MITM/training/frequent/20161021140907/20160924134445.MITM_modification_ImmedFreezeNR/20160924134445.MITM_modification_ImmedFreezeNR.master.pcap</master_cap><slave_cap>/root/datasets/OfficialDataset/MITM/MITM/training/frequent/20161021140907/20160924134445.MITM_modification_ImmedFreezeNR/20160924134445.MITM_modification_ImmedFreezeNR.slave.pcap</slave_cap><attack_cap>/root/datasets/OfficialDataset/MITM/MITM/training/frequent/20161021140907/20160924134445.MITM_modification_ImmedFreezeNR/20160924134445.MITM_modification_ImmedFreezeNR.attacker.pcap</attack_cap><start>2016-09-24 13:44:45.463115</start><finish>2016-09-24 13:45:19.163682</finish><attack>MITM_modification_ImmedFreezeNR</attack><local_dir>/root/datasets/OfficialDataset/MITM/MITM/training/frequent/20161021140907/20160924134445.MITM_modification_ImmedFreezeNR</local_dir><first>5164</first><last>20285</last><range pcap="attacker"><first>267240</first><offset>272404</offset><last>272612</last></range><range pcap="slave"><first>1387903</first><offset>1395177</offset><last>1395357</last></range><range pcap="master"><first>1387776</first><offset>1395050</offset><last>1395233</last></range></profile>