<profile><master_cap>/root/datasets/OfficialDataset/MITM/MITM/training/frequent/20161021140907/20160923213638.MITM_modification_ImmedFreezeNR/20160923213638.MITM_modification_ImmedFreezeNR.master.pcap</master_cap><slave_cap>/root/datasets/OfficialDataset/MITM/MITM/training/frequent/20161021140907/20160923213638.MITM_modification_ImmedFreezeNR/20160923213638.MITM_modification_ImmedFreezeNR.slave.pcap</slave_cap><attack_cap>/root/datasets/OfficialDataset/MITM/MITM/training/frequent/20161021140907/20160923213638.MITM_modification_ImmedFreezeNR/20160923213638.MITM_modification_ImmedFreezeNR.attacker.pcap</attack_cap><start>2016-09-23 21:36:38.582995</start><finish>2016-09-23 21:37:09.709415</finish><attack>MITM_modification_ImmedFreezeNR</attack><local_dir>/root/datasets/OfficialDataset/MITM/MITM/training/frequent/20161021140907/20160923213638.MITM_modification_ImmedFreezeNR</local_dir><first>2409</first><last>155683</last><range pcap="attacker"><first>59370</first><offset>61779</offset><last>62025</last></range><range pcap="slave"><first>234487</first><offset>310794</offset><last>310999</last></range><range pcap="master"><first>234470</first><offset>310775</offset><last>310984</last></range></profile>