<profile><master_cap>/root/datasets/OfficialDataset/Attacks/attacks/training/frequent/20161021143503/20161011012022.master_replay/20161011012022.master_replay.master.pcap</master_cap><slave_cap>/root/datasets/OfficialDataset/Attacks/attacks/training/frequent/20161021143503/20161011012022.master_replay/20161011012022.master_replay.slave.pcap</slave_cap><attack_cap>/root/datasets/OfficialDataset/Attacks/attacks/training/frequent/20161021143503/20161011012022.master_replay/20161011012022.master_replay.attacker.pcap</attack_cap><start>2016-10-11 01:20:22.608166</start><finish>2016-10-11 01:20:56.836289</finish><attack>master_replay</attack><local_dir>/root/datasets/OfficialDataset/Attacks/attacks/training/frequent/20161021143503/20161011012022.master_replay</local_dir><first>2330</first><last>9404</last><range pcap="attacker"><first>103822</first><offset>106152</offset><last>106300</last></range><range pcap="slave"><first>289281</first><offset>292556</offset><last>292756</last></range><range pcap="master"><first>279674</first><offset>282949</offset><last>283123</last></range></profile>