<profile><master_cap>/root/datasets/OfficialDataset/Replay/replay/training/frequent/20161021142021/20160729015745.injection_replay_updaterAck/20160729015745.injection_replay_updaterAck.master.pcap</master_cap><slave_cap>/root/datasets/OfficialDataset/Replay/replay/training/frequent/20161021142021/20160729015745.injection_replay_updaterAck/20160729015745.injection_replay_updaterAck.slave.pcap</slave_cap><attack_cap>/root/datasets/OfficialDataset/Replay/replay/training/frequent/20161021142021/20160729015745.injection_replay_updaterAck/20160729015745.injection_replay_updaterAck.attacker.pcap</attack_cap><start>2016-07-29 01:57:45.006581</start><finish>2016-07-29 01:57:54.571981</finish><attack>injection_replay_updaterAck</attack><local_dir>/root/datasets/OfficialDataset/Replay/replay/training/frequent/20161021142021/20160729015745.injection_replay_updaterAck</local_dir><first>3194</first><last>12518</last><range pcap="attacker"><first>124968</first><offset>128162</offset><last>128189</last></range><range pcap="slave"><first>669481</first><offset>673909</offset><last>674131</last></range><range pcap="master"><first>668785</first><offset>673204</offset><last>673430</last></range></profile>