<AttackProcessor pcap="20161021132730.attacker"><start>2016-08-25 14:26:03.158749</start><finish>2016-08-26 09:53:10.147669</finish><local_dir>/root/datasets/OfficialDataset/Masqurading/masquerading/training/infrequent</local_dir><first>22532</first><last>271786</last></AttackProcessor><AttackProcessor pcap="20161021132730.master"><start>2016-08-25 14:26:03.158749</start><finish>2016-08-26 09:53:10.147669</finish><local_dir>/root/datasets/OfficialDataset/Masqurading/masquerading/training/infrequent</local_dir><first>31605</first><last>377077</last></AttackProcessor><AttackProcessor pcap="20161021132730.slave"><start>2016-08-25 14:26:03.158749</start><finish>2016-08-26 09:53:10.147669</finish><local_dir>/root/datasets/OfficialDataset/Masqurading/masquerading/training/infrequent</local_dir><first>31605</first><last>373993</last></AttackProcessor>