<profile><master_cap>/root/datasets/OfficialDataset/Masqurading/masquerading/training/frequent/20161021132756/20160827095653.master_hijacking_masquerading/20160827095653.master_hijacking_masquerading.master.pcap</master_cap><slave_cap>/root/datasets/OfficialDataset/Masqurading/masquerading/training/frequent/20161021132756/20160827095653.master_hijacking_masquerading/20160827095653.master_hijacking_masquerading.slave.pcap</slave_cap><attack_cap>/root/datasets/OfficialDataset/Masqurading/masquerading/training/frequent/20161021132756/20160827095653.master_hijacking_masquerading/20160827095653.master_hijacking_masquerading.attacker.pcap</attack_cap><start>2016-08-27 09:56:53.113183</start><finish>2016-08-27 09:59:19.763635</finish><attack>master_hijacking_masquerading</attack><local_dir>/root/datasets/OfficialDataset/Masqurading/masquerading/training/frequent/20161021132756/20160827095653.master_hijacking_masquerading</local_dir><first>4025</first><last>17705</last><range pcap="attacker"><first>280932</first><offset>284957</offset><last>285698</last></range><range pcap="slave"><first>362538</first><offset>368170</offset><last>369117</last></range><range pcap="master"><first>379999</first><offset>385619</offset><last>386357</last></range></profile>