<profile><master_cap>/root/datasets/OfficialDataset/Attacks/attacks/training/infrequent/20161021143435/20161005051331.slave_masquerading_ObjectSpoofBinary/20161005051331.slave_masquerading_ObjectSpoofBinary.master.pcap</master_cap><slave_cap>/root/datasets/OfficialDataset/Attacks/attacks/training/infrequent/20161021143435/20161005051331.slave_masquerading_ObjectSpoofBinary/20161005051331.slave_masquerading_ObjectSpoofBinary.slave.pcap</slave_cap><attack_cap>/root/datasets/OfficialDataset/Attacks/attacks/training/infrequent/20161021143435/20161005051331.slave_masquerading_ObjectSpoofBinary/20161005051331.slave_masquerading_ObjectSpoofBinary.attacker.pcap</attack_cap><start>2016-10-05 05:13:31.404827</start><finish>2016-10-05 05:14:34.633222</finish><attack>slave_masquerading_ObjectSpoofBinary</attack><local_dir>/root/datasets/OfficialDataset/Attacks/attacks/training/infrequent/20161021143435/20161005051331.slave_masquerading_ObjectSpoofBinary</local_dir><first>36418</first><last>164583</last><range pcap="attacker"><first>106850</first><offset>143268</offset><last>143660</last></range><range pcap="slave"><first>157753</first><offset>221339</offset><last>221560</last></range><range pcap="master"><first>159466</first><offset>223050</offset><last>223430</last></range></profile>