<profile><master_cap>/root/datasets/OfficialDataset/MITM/MITM/training/frequent/20161021140907/20160924153026.MITM_modification_BinaryInputPointDelete/20160924153026.MITM_modification_BinaryInputPointDelete.master.pcap</master_cap><slave_cap>/root/datasets/OfficialDataset/MITM/MITM/training/frequent/20161021140907/20160924153026.MITM_modification_BinaryInputPointDelete/20160924153026.MITM_modification_BinaryInputPointDelete.slave.pcap</slave_cap><attack_cap>/root/datasets/OfficialDataset/MITM/MITM/training/frequent/20161021140907/20160924153026.MITM_modification_BinaryInputPointDelete/20160924153026.MITM_modification_BinaryInputPointDelete.attacker.pcap</attack_cap><start>2016-09-24 15:30:26.754282</start><finish>2016-09-24 15:31:14.716178</finish><attack>MITM_modification_BinaryInputPointDelete</attack><local_dir>/root/datasets/OfficialDataset/MITM/MITM/training/frequent/20161021140907/20160924153026.MITM_modification_BinaryInputPointDelete</local_dir><first>5332</first><last>21274</last><range pcap="attacker"><first>289636</first><offset>294968</offset><last>295370</last></range><range pcap="slave"><first>1418521</first><offset>1425978</offset><last>1426287</last></range><range pcap="master"><first>1418418</first><offset>1425872</offset><last>1426190</last></range></profile>