<profile><master_cap>/root/datasets/OfficialDataset/Injection/injection/training/frequent/20161021132150/20160814051712.injection_replay/20160814051712.injection_replay.master.pcap</master_cap><slave_cap>/root/datasets/OfficialDataset/Injection/injection/training/frequent/20161021132150/20160814051712.injection_replay/20160814051712.injection_replay.slave.pcap</slave_cap><attack_cap>/root/datasets/OfficialDataset/Injection/injection/training/frequent/20161021132150/20160814051712.injection_replay/20160814051712.injection_replay.attacker.pcap</attack_cap><start>2016-08-14 05:17:12.468725</start><finish>2016-08-14 05:17:16.867617</finish><attack>injection_replay</attack><local_dir>/root/datasets/OfficialDataset/Injection/injection/training/frequent/20161021132150/20160814051712.injection_replay</local_dir><first>5932</first><last>22668</last><range pcap="attacker"><first>232669</first><offset>238601</offset><last>238613</last></range><range pcap="slave"><first>2382808</first><offset>2391151</offset><last>2391167</last></range><range pcap="master"><first>2382456</first><offset>2390799</offset><last>2390819</last></range></profile>