<profile><master_cap>/root/datasets/OfficialDataset/Replay/replay/training/frequent/20161021142021/20160729125408.injection_replay/20160729125408.injection_replay.master.pcap</master_cap><slave_cap>/root/datasets/OfficialDataset/Replay/replay/training/frequent/20161021142021/20160729125408.injection_replay/20160729125408.injection_replay.slave.pcap</slave_cap><attack_cap>/root/datasets/OfficialDataset/Replay/replay/training/frequent/20161021142021/20160729125408.injection_replay/20160729125408.injection_replay.attacker.pcap</attack_cap><start>2016-07-29 12:54:08.685823</start><finish>2016-07-29 12:54:13.007798</finish><attack>injection_replay</attack><local_dir>/root/datasets/OfficialDataset/Replay/replay/training/frequent/20161021142021/20160729125408.injection_replay</local_dir><first>3216</first><last>12255</last><range pcap="attacker"><first>263730</first><offset>266946</offset><last>266957</last></range><range pcap="slave"><first>2268187</first><offset>2272684</offset><last>2272699</last></range><range pcap="master"><first>2266614</first><offset>2271111</offset><last>2271128</last></range></profile>