<profile><master_cap>/root/datasets/OfficialDataset/Flooding/flooding/training/frequent/20161021130706/20160831113633.master_flooding/20160831113633.master_flooding.master.pcap</master_cap><slave_cap>/root/datasets/OfficialDataset/Flooding/flooding/training/frequent/20161021130706/20160831113633.master_flooding/20160831113633.master_flooding.slave.pcap</slave_cap><attack_cap>/root/datasets/OfficialDataset/Flooding/flooding/training/frequent/20161021130706/20160831113633.master_flooding/20160831113633.master_flooding.attacker.pcap</attack_cap><start>2016-08-31 11:36:33.008666</start><finish>2016-08-31 11:37:46.187932</finish><attack>master_flooding</attack><local_dir>/root/datasets/OfficialDataset/Flooding/flooding/training/frequent/20161021130706/20160831113633.master_flooding</local_dir><first>3334</first><last>14937</last><range pcap="attacker"><first>324003</first><offset>327337</offset><last>328195</last></range><range pcap="slave"><first>404841</first><offset>409542</offset><last>410511</last></range><range pcap="master"><first>394601</first><offset>399300</offset><last>399674</last></range></profile>