<profile><master_cap>/root/datasets/OfficialDataset/Injection/injection/training/infrequent/20161021132245/20160812183132.injection_FreezeObj/20160812183132.injection_FreezeObj.master.pcap</master_cap><slave_cap>/root/datasets/OfficialDataset/Injection/injection/training/infrequent/20161021132245/20160812183132.injection_FreezeObj/20160812183132.injection_FreezeObj.slave.pcap</slave_cap><attack_cap>/root/datasets/OfficialDataset/Injection/injection/training/infrequent/20161021132245/20160812183132.injection_FreezeObj/20160812183132.injection_FreezeObj.attacker.pcap</attack_cap><start>2016-08-12 18:31:32.751184</start><finish>2016-08-12 18:32:03.227663</finish><attack>injection_FreezeObj</attack><local_dir>/root/datasets/OfficialDataset/Injection/injection/training/infrequent/20161021132245/20160812183132.injection_FreezeObj</local_dir><first>37455</first><last>143360</last><range pcap="attacker"><first>52072</first><offset>89527</offset><last>89645</last></range><range pcap="slave"><first>173059</first><offset>225498</offset><last>225960</last></range><range pcap="master"><first>173026</first><offset>225460</offset><last>225910</last></range></profile>