<profile><master_cap>/root/datasets/OfficialDataset/Attacks/attacks/training/frequent/20161021143503/20161010214345.MITM_modification_BinaryInputPointInsert/20161010214345.MITM_modification_BinaryInputPointInsert.master.pcap</master_cap><slave_cap>/root/datasets/OfficialDataset/Attacks/attacks/training/frequent/20161021143503/20161010214345.MITM_modification_BinaryInputPointInsert/20161010214345.MITM_modification_BinaryInputPointInsert.slave.pcap</slave_cap><attack_cap>/root/datasets/OfficialDataset/Attacks/attacks/training/frequent/20161021143503/20161010214345.MITM_modification_BinaryInputPointInsert/20161010214345.MITM_modification_BinaryInputPointInsert.attacker.pcap</attack_cap><start>2016-10-10 21:43:45.559108</start><finish>2016-10-10 21:44:55.421558</finish><attack>MITM_modification_BinaryInputPointInsert</attack><local_dir>/root/datasets/OfficialDataset/Attacks/attacks/training/frequent/20161021143503/20161010214345.MITM_modification_BinaryInputPointInsert</local_dir><first>3665</first><last>45433</last><range pcap="attacker"><first>54758</first><offset>58423</offset><last>59030</last></range><range pcap="slave"><first>159337</first><offset>164479</offset><last>179908</last></range><range pcap="master"><first>150845</first><offset>155987</offset><last>171433</last></range></profile>