<profile><master_cap>/root/datasets/OfficialDataset/Replay/replay/training/frequent/20161021142021/20160729025803.injection_replay_updaterAck/20160729025803.injection_replay_updaterAck.master.pcap</master_cap><slave_cap>/root/datasets/OfficialDataset/Replay/replay/training/frequent/20161021142021/20160729025803.injection_replay_updaterAck/20160729025803.injection_replay_updaterAck.slave.pcap</slave_cap><attack_cap>/root/datasets/OfficialDataset/Replay/replay/training/frequent/20161021142021/20160729025803.injection_replay_updaterAck/20160729025803.injection_replay_updaterAck.attacker.pcap</attack_cap><start>2016-07-29 02:58:03.850062</start><finish>2016-07-29 02:58:14.663666</finish><attack>injection_replay_updaterAck</attack><local_dir>/root/datasets/OfficialDataset/Replay/replay/training/frequent/20161021142021/20160729025803.injection_replay_updaterAck</local_dir><first>3357</first><last>228637</last><range pcap="attacker"><first>137698</first><offset>141055</offset><last>141083</last></range><range pcap="slave"><first>883328</first><offset>995790</offset><last>995954</last></range><range pcap="master"><first>882589</first><offset>995045</offset><last>995213</last></range></profile>