<profile><master_cap>/root/datasets/OfficialDataset/Replay/replay/training/frequent/20161021142021/20160729091036.injection_replay_updaterAck/20160729091036.injection_replay_updaterAck.master.pcap</master_cap><slave_cap>/root/datasets/OfficialDataset/Replay/replay/training/frequent/20161021142021/20160729091036.injection_replay_updaterAck/20160729091036.injection_replay_updaterAck.slave.pcap</slave_cap><attack_cap>/root/datasets/OfficialDataset/Replay/replay/training/frequent/20161021142021/20160729091036.injection_replay_updaterAck/20160729091036.injection_replay_updaterAck.attacker.pcap</attack_cap><start>2016-07-29 09:10:36.421389</start><finish>2016-07-29 09:10:45.575642</finish><attack>injection_replay_updaterAck</attack><local_dir>/root/datasets/OfficialDataset/Replay/replay/training/frequent/20161021142021/20160729091036.injection_replay_updaterAck</local_dir><first>4043</first><last>16467</last><range pcap="attacker"><first>215329</first><offset>219372</offset><last>219399</last></range><range pcap="slave"><first>1824220</first><offset>1829912</offset><last>1830416</last></range><range pcap="master"><first>1823098</first><offset>1828789</offset><last>1829297</last></range></profile>