<profile><master_cap>/root/datasets/OfficialDataset/Attacks/attacks/training/frequent/20161021143503/20161011153733.MITM_modification_BinaryInputDataDelete/20161011153733.MITM_modification_BinaryInputDataDelete.master.pcap</master_cap><slave_cap>/root/datasets/OfficialDataset/Attacks/attacks/training/frequent/20161021143503/20161011153733.MITM_modification_BinaryInputDataDelete/20161011153733.MITM_modification_BinaryInputDataDelete.slave.pcap</slave_cap><attack_cap>/root/datasets/OfficialDataset/Attacks/attacks/training/frequent/20161021143503/20161011153733.MITM_modification_BinaryInputDataDelete/20161011153733.MITM_modification_BinaryInputDataDelete.attacker.pcap</attack_cap><start>2016-10-11 15:37:33.105659</start><finish>2016-10-11 15:38:52.639544</finish><attack>MITM_modification_BinaryInputDataDelete</attack><local_dir>/root/datasets/OfficialDataset/Attacks/attacks/training/frequent/20161021143503/20161011153733.MITM_modification_BinaryInputDataDelete</local_dir><first>5961</first><last>24370</last><range pcap="attacker"><first>288804</first><offset>294765</offset><last>295366</last></range><range pcap="slave"><first>993782</first><offset>1002208</offset><last>1002679</last></range><range pcap="master"><first>986732</first><offset>995154</offset><last>995641</last></range></profile>