<profile><master_cap>/root/datasets/OfficialDataset/Flooding/flooding/training/frequent/20161021130706/20160831015127.master_replay_flooding/20160831015127.master_replay_flooding.master.pcap</master_cap><slave_cap>/root/datasets/OfficialDataset/Flooding/flooding/training/frequent/20161021130706/20160831015127.master_replay_flooding/20160831015127.master_replay_flooding.slave.pcap</slave_cap><attack_cap>/root/datasets/OfficialDataset/Flooding/flooding/training/frequent/20161021130706/20160831015127.master_replay_flooding/20160831015127.master_replay_flooding.attacker.pcap</attack_cap><start>2016-08-31 01:51:27.007828</start><finish>2016-08-31 01:51:48.607655</finish><attack>master_replay_flooding</attack><local_dir>/root/datasets/OfficialDataset/Flooding/flooding/training/frequent/20161021130706/20160831015127.master_replay_flooding</local_dir><first>2545</first><last>10040</last><range pcap="attacker"><first>172665</first><offset>175210</offset><last>175301</last></range><range pcap="slave"><first>210776</first><offset>214361</offset><last>214489</last></range><range pcap="master"><first>219576</first><offset>223157</offset><last>223265</last></range></profile>