<profile><master_cap>/root/datasets/OfficialDataset/Injection/injection/training/infrequent/20161021132245/20160813012920.injection_WarmRestart/20160813012920.injection_WarmRestart.master.pcap</master_cap><slave_cap>/root/datasets/OfficialDataset/Injection/injection/training/infrequent/20161021132245/20160813012920.injection_WarmRestart/20160813012920.injection_WarmRestart.slave.pcap</slave_cap><attack_cap>/root/datasets/OfficialDataset/Injection/injection/training/infrequent/20161021132245/20160813012920.injection_WarmRestart/20160813012920.injection_WarmRestart.attacker.pcap</attack_cap><start>2016-08-13 01:29:20.274289</start><finish>2016-08-13 01:30:36.580623</finish><attack>injection_WarmRestart</attack><local_dir>/root/datasets/OfficialDataset/Injection/injection/training/infrequent/20161021132245/20160813012920.injection_WarmRestart</local_dir><first>28110</first><last>107667</last><range pcap="attacker"><first>148642</first><offset>176752</offset><last>177021</last></range><range pcap="slave"><first>383291</first><offset>422549</offset><last>422938</last></range><range pcap="master"><first>383268</first><offset>422526</offset><last>422907</last></range></profile>