<profile><master_cap>/root/datasets/OfficialDataset/Injection/injection/training/frequent/20161021132150/20160813192813.injection_replay_updaterAck/20160813192813.injection_replay_updaterAck.master.pcap</master_cap><slave_cap>/root/datasets/OfficialDataset/Injection/injection/training/frequent/20161021132150/20160813192813.injection_replay_updaterAck/20160813192813.injection_replay_updaterAck.slave.pcap</slave_cap><attack_cap>/root/datasets/OfficialDataset/Injection/injection/training/frequent/20161021132150/20160813192813.injection_replay_updaterAck/20160813192813.injection_replay_updaterAck.attacker.pcap</attack_cap><start>2016-08-13 19:28:13.663611</start><finish>2016-08-13 19:28:42.596751</finish><attack>injection_replay_updaterAck</attack><local_dir>/root/datasets/OfficialDataset/Injection/injection/training/frequent/20161021132150/20160813192813.injection_replay_updaterAck</local_dir><first>2945</first><last>127553</last><range pcap="attacker"><first>113348</first><offset>116293</offset><last>116405</last></range><range pcap="slave"><first>1268668</first><offset>1330554</offset><last>1330918</last></range><range pcap="master"><first>1268469</first><offset>1330338</offset><last>1330713</last></range></profile>