<profile><master_cap>/root/datasets/OfficialDataset/Replay/replay/training/frequent/20161021142021/20160729033748.master_replay/20160729033748.master_replay.master.pcap</master_cap><slave_cap>/root/datasets/OfficialDataset/Replay/replay/training/frequent/20161021142021/20160729033748.master_replay/20160729033748.master_replay.slave.pcap</slave_cap><attack_cap>/root/datasets/OfficialDataset/Replay/replay/training/frequent/20161021142021/20160729033748.master_replay/20160729033748.master_replay.attacker.pcap</attack_cap><start>2016-07-29 03:37:48.682498</start><finish>2016-07-29 03:38:38.564359</finish><attack>master_replay</attack><local_dir>/root/datasets/OfficialDataset/Replay/replay/training/frequent/20161021142021/20160729033748.master_replay</local_dir><first>3577</first><last>203768</last><range pcap="attacker"><first>145876</first><offset>149453</offset><last>149695</last></range><range pcap="slave"><first>1111385</first><offset>1211072</offset><last>1211401</last></range><range pcap="master"><first>1110629</first><offset>1210297</offset><last>1210560</last></range></profile>