<profile><master_cap>/root/datasets/OfficialDataset/Attacks/attacks/training/frequent/20161021143503/20161011114256.injection_WarmRestart/20161011114256.injection_WarmRestart.master.pcap</master_cap><slave_cap>/root/datasets/OfficialDataset/Attacks/attacks/training/frequent/20161021143503/20161011114256.injection_WarmRestart/20161011114256.injection_WarmRestart.slave.pcap</slave_cap><attack_cap>/root/datasets/OfficialDataset/Attacks/attacks/training/frequent/20161021143503/20161011114256.injection_WarmRestart/20161011114256.injection_WarmRestart.attacker.pcap</attack_cap><start>2016-10-11 11:42:56.970544</start><finish>2016-10-11 11:44:15.488795</finish><attack>injection_WarmRestart</attack><local_dir>/root/datasets/OfficialDataset/Attacks/attacks/training/frequent/20161021143503/20161011114256.injection_WarmRestart</local_dir><first>4898</first><last>317323</last><range pcap="attacker"><first>239421</first><offset>244319</offset><last>244597</last></range><range pcap="slave"><first>626875</first><offset>782560</offset><last>782960</last></range><range pcap="master"><first>620004</first><offset>775671</offset><last>776064</last></range></profile>