<profile><master_cap>/root/datasets/OfficialDataset/Injection/injection/training/frequent/20161021132150/20160813191319.injection_FreezeObj/20160813191319.injection_FreezeObj.master.pcap</master_cap><slave_cap>/root/datasets/OfficialDataset/Injection/injection/training/frequent/20161021132150/20160813191319.injection_FreezeObj/20160813191319.injection_FreezeObj.slave.pcap</slave_cap><attack_cap>/root/datasets/OfficialDataset/Injection/injection/training/frequent/20161021132150/20160813191319.injection_FreezeObj/20160813191319.injection_FreezeObj.attacker.pcap</attack_cap><start>2016-08-13 19:13:19.352044</start><finish>2016-08-13 19:13:49.639713</finish><attack>injection_FreezeObj</attack><local_dir>/root/datasets/OfficialDataset/Injection/injection/training/frequent/20161021132150/20160813191319.injection_FreezeObj</local_dir><first>5276</first><last>134938</last><range pcap="attacker"><first>107969</first><offset>113245</offset><last>113347</last></range><range pcap="slave"><first>1203884</first><offset>1267948</offset><last>1268667</last></range><range pcap="master"><first>1203693</first><offset>1267757</offset><last>1268468</last></range></profile>