<profile><master_cap>/root/datasets/OfficialDataset/Masqurading/masquerading/training/frequent/20161021132756/20160827121421.slave_masquerading_ObjectSpoofCounterFuzz/20160827121421.slave_masquerading_ObjectSpoofCounterFuzz.master.pcap</master_cap><slave_cap>/root/datasets/OfficialDataset/Masqurading/masquerading/training/frequent/20161021132756/20160827121421.slave_masquerading_ObjectSpoofCounterFuzz/20160827121421.slave_masquerading_ObjectSpoofCounterFuzz.slave.pcap</slave_cap><attack_cap>/root/datasets/OfficialDataset/Masqurading/masquerading/training/frequent/20161021132756/20160827121421.slave_masquerading_ObjectSpoofCounterFuzz/20160827121421.slave_masquerading_ObjectSpoofCounterFuzz.attacker.pcap</attack_cap><start>2016-08-27 12:14:21.347792</start><finish>2016-08-27 12:15:26.927648</finish><attack>slave_masquerading_ObjectSpoofCounterFuzz</attack><local_dir>/root/datasets/OfficialDataset/Masqurading/masquerading/training/frequent/20161021132756/20160827121421.slave_masquerading_ObjectSpoofCounterFuzz</local_dir><first>5974</first><last>None</last><range pcap="attacker"><first>308685</first><offset>314659</offset><last>315161</last></range><range pcap="slave"><first>400620</first><offset>408982</offset><last>409203</last></range><range pcap="master"><first>417517</first><offset>425888</offset><last>426389</last></range></profile>