<profile><master_cap>/root/datasets/OfficialDataset/Injection/injection/training/frequent/20161021132150/20160813101151.reconnaissance/20160813101151.reconnaissance.master.pcap</master_cap><slave_cap>/root/datasets/OfficialDataset/Injection/injection/training/frequent/20161021132150/20160813101151.reconnaissance/20160813101151.reconnaissance.slave.pcap</slave_cap><attack_cap>/root/datasets/OfficialDataset/Injection/injection/training/frequent/20161021132150/20160813101151.reconnaissance/20160813101151.reconnaissance.attacker.pcap</attack_cap><start>2016-08-13 10:11:51.087343</start><finish>2016-08-13 10:11:55.173674</finish><attack>reconnaissance</attack><local_dir>/root/datasets/OfficialDataset/Injection/injection/training/frequent/20161021132150/20160813101151.reconnaissance</local_dir><first>27</first><last>162</last><range pcap="attacker"><first>533</first><offset>560</offset><last>582</last></range><range pcap="slave"><first>394</first><offset>430</offset><last>455</last></range><range pcap="master"><first>393</first><offset>429</offset><last>443</last></range></profile>