<profile><master_cap>/root/datasets/OfficialDataset/Attacks/attacks/training/frequent/20161021143503/20161010212459.slave_masquerading_ObjectSpoofCounterFuzz/20161010212459.slave_masquerading_ObjectSpoofCounterFuzz.master.pcap</master_cap><slave_cap>/root/datasets/OfficialDataset/Attacks/attacks/training/frequent/20161021143503/20161010212459.slave_masquerading_ObjectSpoofCounterFuzz/20161010212459.slave_masquerading_ObjectSpoofCounterFuzz.slave.pcap</slave_cap><attack_cap>/root/datasets/OfficialDataset/Attacks/attacks/training/frequent/20161021143503/20161010212459.slave_masquerading_ObjectSpoofCounterFuzz/20161010212459.slave_masquerading_ObjectSpoofCounterFuzz.attacker.pcap</attack_cap><start>2016-10-10 21:24:59.548366</start><finish>2016-10-10 21:25:57.458873</finish><attack>slave_masquerading_ObjectSpoofCounterFuzz</attack><local_dir>/root/datasets/OfficialDataset/Attacks/attacks/training/frequent/20161021143503/20161010212459.slave_masquerading_ObjectSpoofCounterFuzz</local_dir><first>6216</first><last>131544</last><range pcap="attacker"><first>48056</first><offset>54272</offset><last>54757</last></range><range pcap="slave"><first>97030</first><offset>159085</offset><last>159336</last></range><range pcap="master"><first>88309</first><offset>150348</offset><last>150844</last></range></profile>