<profile><master_cap>/root/datasets/OfficialDataset/Flooding/flooding/training/frequent/20161021130706/20160830213025.slave_masquerading_flooding/20160830213025.slave_masquerading_flooding.master.pcap</master_cap><slave_cap>/root/datasets/OfficialDataset/Flooding/flooding/training/frequent/20161021130706/20160830213025.slave_masquerading_flooding/20160830213025.slave_masquerading_flooding.slave.pcap</slave_cap><attack_cap>/root/datasets/OfficialDataset/Flooding/flooding/training/frequent/20161021130706/20160830213025.slave_masquerading_flooding/20160830213025.slave_masquerading_flooding.attacker.pcap</attack_cap><start>2016-08-30 21:30:25.640934</start><finish>2016-08-30 21:30:58.106758</finish><attack>slave_masquerading_flooding</attack><local_dir>/root/datasets/OfficialDataset/Flooding/flooding/training/frequent/20161021130706/20160830213025.slave_masquerading_flooding</local_dir><first>2769</first><last>15650</last><range pcap="attacker"><first>100785</first><offset>103554</offset><last>106064</last></range><range pcap="slave"><first>131872</first><offset>135743</offset><last>135860</last></range><range pcap="master"><first>129102</first><offset>132972</offset><last>135483</last></range></profile>