<profile><master_cap>/root/datasets/OfficialDataset/Replay/replay/training/frequent/20161021142021/20160728223335.master_replay/20160728223335.master_replay.master.pcap</master_cap><slave_cap>/root/datasets/OfficialDataset/Replay/replay/training/frequent/20161021142021/20160728223335.master_replay/20160728223335.master_replay.slave.pcap</slave_cap><attack_cap>/root/datasets/OfficialDataset/Replay/replay/training/frequent/20161021142021/20160728223335.master_replay/20160728223335.master_replay.attacker.pcap</attack_cap><start>2016-07-28 22:33:35.616305</start><finish>2016-07-28 22:34:25.531962</finish><attack>master_replay</attack><local_dir>/root/datasets/OfficialDataset/Replay/replay/training/frequent/20161021142021/20160728223335.master_replay</local_dir><first>3451</first><last>45071</last><range pcap="attacker"><first>81254</first><offset>84705</offset><last>84945</last></range><range pcap="slave"><first>540472</first><offset>560874</offset><last>561188</last></range><range pcap="master"><first>540000</first><offset>560409</offset><last>560662</last></range></profile>