<AttackProcessor pcap="20161021135759.attacker"><start>2016-09-22 18:13:44.774769</start><finish>2016-09-23 16:04:42.046683</finish><local_dir>/root/datasets/OfficialDataset/MITM/MITM/training/infrequent</local_dir><first>19092</first><last>293051</last></AttackProcessor><AttackProcessor pcap="20161021135759.slave"><start>2016-09-22 18:13:44.774769</start><finish>2016-09-23 16:04:42.046683</finish><local_dir>/root/datasets/OfficialDataset/MITM/MITM/training/infrequent</local_dir><first>26869</first><last>538036</last></AttackProcessor><AttackProcessor pcap="20161021135759.master"><start>2016-09-22 18:13:44.774769</start><finish>2016-09-23 16:04:42.046683</finish><local_dir>/root/datasets/OfficialDataset/MITM/MITM/training/infrequent</local_dir><first>26869</first><last>538002</last></AttackProcessor>