<profile><master_cap>/root/datasets/OfficialDataset/MITM/MITM/training/frequent/20161021140907/20160924111651.MITM_modification_BinaryStatus/20160924111651.MITM_modification_BinaryStatus.master.pcap</master_cap><slave_cap>/root/datasets/OfficialDataset/MITM/MITM/training/frequent/20161021140907/20160924111651.MITM_modification_BinaryStatus/20160924111651.MITM_modification_BinaryStatus.slave.pcap</slave_cap><attack_cap>/root/datasets/OfficialDataset/MITM/MITM/training/frequent/20161021140907/20160924111651.MITM_modification_BinaryStatus/20160924111651.MITM_modification_BinaryStatus.attacker.pcap</attack_cap><start>2016-09-24 11:16:51.738781</start><finish>2016-09-24 11:17:38.600349</finish><attack>MITM_modification_BinaryStatus</attack><local_dir>/root/datasets/OfficialDataset/MITM/MITM/training/frequent/20161021140907/20160924111651.MITM_modification_BinaryStatus</local_dir><first>3941</first><last>163204</last><range pcap="attacker"><first>236337</first><offset>240278</offset><last>240645</last></range><range pcap="slave"><first>1134940</first><offset>1214102</offset><last>1214391</last></range><range pcap="master"><first>1134816</first><offset>1213962</offset><last>1214259</last></range></profile>