<profile><master_cap>/root/datasets/OfficialDataset/Masqurading/masquerading/training/frequent/20161021132756/20160826172302.slave_masquerading_ObjectSpoofCounterFuzz/20160826172302.slave_masquerading_ObjectSpoofCounterFuzz.master.pcap</master_cap><slave_cap>/root/datasets/OfficialDataset/Masqurading/masquerading/training/frequent/20161021132756/20160826172302.slave_masquerading_ObjectSpoofCounterFuzz/20160826172302.slave_masquerading_ObjectSpoofCounterFuzz.slave.pcap</slave_cap><attack_cap>/root/datasets/OfficialDataset/Masqurading/masquerading/training/frequent/20161021132756/20160826172302.slave_masquerading_ObjectSpoofCounterFuzz/20160826172302.slave_masquerading_ObjectSpoofCounterFuzz.attacker.pcap</attack_cap><start>2016-08-26 17:23:02.311561</start><finish>2016-08-26 17:23:19.788242</finish><attack>slave_masquerading_ObjectSpoofCounterFuzz</attack><local_dir>/root/datasets/OfficialDataset/Masqurading/masquerading/training/frequent/20161021132756/20160826172302.slave_masquerading_ObjectSpoofCounterFuzz</local_dir><first>3880</first><last>15085</last><range pcap="attacker"><first>57293</first><offset>61173</offset><last>61310</last></range><range pcap="slave"><first>74358</first><offset>79783</offset><last>79858</last></range><range pcap="master"><first>77145</first><offset>82567</offset><last>82711</last></range></profile>