<profile><master_cap>/root/datasets/OfficialDataset/MITM/MITM/training/frequent/20161021140907/20160924105712.MITM_hijack_injection/20160924105712.MITM_hijack_injection.master.pcap</master_cap><slave_cap>/root/datasets/OfficialDataset/MITM/MITM/training/frequent/20161021140907/20160924105712.MITM_hijack_injection/20160924105712.MITM_hijack_injection.slave.pcap</slave_cap><attack_cap>/root/datasets/OfficialDataset/MITM/MITM/training/frequent/20161021140907/20160924105712.MITM_hijack_injection/20160924105712.MITM_hijack_injection.attacker.pcap</attack_cap><start>2016-09-24 10:57:12.481809</start><finish>2016-09-24 10:58:26.736430</finish><attack>MITM_hijack_injection</attack><local_dir>/root/datasets/OfficialDataset/MITM/MITM/training/frequent/20161021140907/20160924105712.MITM_hijack_injection</local_dir><first>3809</first><last>194063</last><range pcap="attacker"><first>231888</first><offset>235697</offset><last>236336</last></range><range pcap="slave"><first>1040089</first><offset>1108391</offset><last>1134939</last></range><range pcap="master"><first>1040052</first><offset>1108334</offset><last>1134815</last></range></profile>