<profile><master_cap>/root/datasets/OfficialDataset/Flooding/flooding/training/frequent/20161021130706/20160831023204.master_flooding/20160831023204.master_flooding.master.pcap</master_cap><slave_cap>/root/datasets/OfficialDataset/Flooding/flooding/training/frequent/20161021130706/20160831023204.master_flooding/20160831023204.master_flooding.slave.pcap</slave_cap><attack_cap>/root/datasets/OfficialDataset/Flooding/flooding/training/frequent/20161021130706/20160831023204.master_flooding/20160831023204.master_flooding.attacker.pcap</attack_cap><start>2016-08-31 02:32:04.611004</start><finish>2016-08-31 02:33:15.731636</finish><attack>master_flooding</attack><local_dir>/root/datasets/OfficialDataset/Flooding/flooding/training/frequent/20161021130706/20160831023204.master_flooding</local_dir><first>4090</first><last>23164</last><range pcap="attacker"><first>179655</first><offset>183745</offset><last>187331</last></range><range pcap="slave"><first>220570</first><offset>226300</offset><last>229986</last></range><range pcap="master"><first>229297</first><offset>235029</offset><last>235367</last></range></profile>