<profile><master_cap>/root/datasets/OfficialDataset/Attacks/attacks/training/frequent/20161021143503/20161010235611.injection_replay_updaterAck/20161010235611.injection_replay_updaterAck.master.pcap</master_cap><slave_cap>/root/datasets/OfficialDataset/Attacks/attacks/training/frequent/20161021143503/20161010235611.injection_replay_updaterAck/20161010235611.injection_replay_updaterAck.slave.pcap</slave_cap><attack_cap>/root/datasets/OfficialDataset/Attacks/attacks/training/frequent/20161021143503/20161010235611.injection_replay_updaterAck/20161010235611.injection_replay_updaterAck.attacker.pcap</attack_cap><start>2016-10-10 23:56:11.829465</start><finish>2016-10-10 23:57:01.092937</finish><attack>injection_replay_updaterAck</attack><local_dir>/root/datasets/OfficialDataset/Attacks/attacks/training/frequent/20161021143503/20161010235611.injection_replay_updaterAck</local_dir><first>4817</first><last>19225</last><range pcap="attacker"><first>83061</first><offset>87878</offset><last>88082</last></range><range pcap="slave"><first>254774</first><offset>261520</offset><last>261865</last></range><range pcap="master"><first>245035</first><offset>251779</offset><last>252146</last></range></profile>