<profile><master_cap>/root/datasets/OfficialDataset/Injection/injection/training/infrequent/20161021132245/20160812112300.nmap/20160812112300.nmap.master.pcap</master_cap><slave_cap>/root/datasets/OfficialDataset/Injection/injection/training/infrequent/20161021132245/20160812112300.nmap/20160812112300.nmap.slave.pcap</slave_cap><attack_cap>/root/datasets/OfficialDataset/Injection/injection/training/infrequent/20161021132245/20160812112300.nmap/20160812112300.nmap.attacker.pcap</attack_cap><start>2016-08-12 11:23:00.895547</start><finish>2016-08-12 11:23:03.596844</finish><attack>nmap</attack><local_dir>/root/datasets/OfficialDataset/Injection/injection/training/infrequent/20161021132245/20160812112300.nmap</local_dir><first>0</first><last>1355</last><range pcap="attacker"><first>0</first><offset>0</offset><last>542</last></range><range pcap="slave"><first>0</first><offset>0</offset><last>407</last></range><range pcap="master"><first>0</first><offset>0</offset><last>404</last></range></profile>