<profile><master_cap>/root/datasets/OfficialDataset/Attacks/attacks/training/frequent/20161021143503/20161011120721.injection_replay/20161011120721.injection_replay.master.pcap</master_cap><slave_cap>/root/datasets/OfficialDataset/Attacks/attacks/training/frequent/20161021143503/20161011120721.injection_replay/20161011120721.injection_replay.slave.pcap</slave_cap><attack_cap>/root/datasets/OfficialDataset/Attacks/attacks/training/frequent/20161021143503/20161011120721.injection_replay/20161011120721.injection_replay.attacker.pcap</attack_cap><start>2016-10-11 12:07:21.537755</start><finish>2016-10-11 12:07:25.866712</finish><attack>injection_replay</attack><local_dir>/root/datasets/OfficialDataset/Attacks/attacks/training/frequent/20161021143503/20161011120721.injection_replay</local_dir><first>4771</first><last>18210</last><range pcap="attacker"><first>244598</first><offset>249369</offset><last>249382</last></range><range pcap="slave"><first>782961</first><offset>789647</offset><last>789672</last></range><range pcap="master"><first>776065</first><offset>782751</offset><last>782778</last></range></profile>