<profile><master_cap>/root/datasets/OfficialDataset/Flooding/flooding/training/frequent/20161021130706/20160831074952.master_flooding_freeze/20160831074952.master_flooding_freeze.master.pcap</master_cap><slave_cap>/root/datasets/OfficialDataset/Flooding/flooding/training/frequent/20161021130706/20160831074952.master_flooding_freeze/20160831074952.master_flooding_freeze.slave.pcap</slave_cap><attack_cap>/root/datasets/OfficialDataset/Flooding/flooding/training/frequent/20161021130706/20160831074952.master_flooding_freeze/20160831074952.master_flooding_freeze.attacker.pcap</attack_cap><start>2016-08-31 07:49:52.096038</start><finish>2016-08-31 07:51:05.420307</finish><attack>master_flooding_freeze</attack><local_dir>/root/datasets/OfficialDataset/Flooding/flooding/training/frequent/20161021130706/20160831074952.master_flooding_freeze</local_dir><first>6070</first><last>25302</last><range pcap="attacker"><first>270816</first><offset>276886</offset><last>277729</last></range><range pcap="slave"><first>331506</first><offset>340058</offset><last>341009</last></range><range pcap="master"><first>324931</first><offset>333479</offset><last>333815</last></range></profile>