<profile><master_cap>/root/datasets/OfficialDataset/Masqurading/masquerading/training/frequent/20161021132756/20160827053656.master_masquerading/20160827053656.master_masquerading.master.pcap</master_cap><slave_cap>/root/datasets/OfficialDataset/Masqurading/masquerading/training/frequent/20161021132756/20160827053656.master_masquerading/20160827053656.master_masquerading.slave.pcap</slave_cap><attack_cap>/root/datasets/OfficialDataset/Masqurading/masquerading/training/frequent/20161021132756/20160827053656.master_masquerading/20160827053656.master_masquerading.attacker.pcap</attack_cap><start>2016-08-27 05:36:56.091036</start><finish>2016-08-27 05:38:12.650311</finish><attack>master_masquerading</attack><local_dir>/root/datasets/OfficialDataset/Masqurading/masquerading/training/frequent/20161021132756/20160827053656.master_masquerading</local_dir><first>2165</first><last>9430</last><range pcap="attacker"><first>222901</first><offset>225066</offset><last>225402</last></range><range pcap="slave"><first>290097</first><offset>293150</offset><last>293601</last></range><range pcap="master"><first>302024</first><offset>305073</offset><last>305447</last></range></profile>