<profile><master_cap>/root/datasets/OfficialDataset/Replay/replay/training/infrequent/20161021141910/20160728004255.injection_replay_updaterAck/20160728004255.injection_replay_updaterAck.master.pcap</master_cap><slave_cap>/root/datasets/OfficialDataset/Replay/replay/training/infrequent/20161021141910/20160728004255.injection_replay_updaterAck/20160728004255.injection_replay_updaterAck.slave.pcap</slave_cap><attack_cap>/root/datasets/OfficialDataset/Replay/replay/training/infrequent/20161021141910/20160728004255.injection_replay_updaterAck/20160728004255.injection_replay_updaterAck.attacker.pcap</attack_cap><start>2016-07-28 00:42:55.354708</start><finish>2016-07-28 00:43:22.639670</finish><attack>injection_replay_updaterAck</attack><local_dir>/root/datasets/OfficialDataset/Replay/replay/training/infrequent/20161021141910/20160728004255.injection_replay_updaterAck</local_dir><first>16092</first><last>289700</last><range pcap="attacker"><first>64126</first><offset>80218</offset><last>80344</last></range><range pcap="slave"><first>250723</first><offset>386754</offset><last>387454</last></range><range pcap="master"><first>250735</first><offset>386769</offset><last>387484</last></range></profile>