<profile><master_cap>/root/datasets/OfficialDataset/MITM/MITM/training/infrequent/20161021135759/20160923103850.MITM_modification_CounterStatus/20160923103850.MITM_modification_CounterStatus.master.pcap</master_cap><slave_cap>/root/datasets/OfficialDataset/MITM/MITM/training/infrequent/20161021135759/20160923103850.MITM_modification_CounterStatus/20160923103850.MITM_modification_CounterStatus.slave.pcap</slave_cap><attack_cap>/root/datasets/OfficialDataset/MITM/MITM/training/infrequent/20161021135759/20160923103850.MITM_modification_CounterStatus/20160923103850.MITM_modification_CounterStatus.attacker.pcap</attack_cap><start>2016-09-23 10:38:50.928745</start><finish>2016-09-23 10:39:39.172745</finish><attack>MITM_modification_CounterStatus</attack><local_dir>/root/datasets/OfficialDataset/MITM/MITM/training/infrequent/20161021135759/20160923103850.MITM_modification_CounterStatus</local_dir><first>14975</first><last>58004</last><range pcap="attacker"><first>191088</first><offset>206063</offset><last>206470</last></range><range pcap="slave"><first>395646</first><offset>416652</offset><last>416951</last></range><range pcap="master"><first>395586</first><offset>416590</offset><last>416901</last></range></profile>