<profile><master_cap>/root/datasets/OfficialDataset/MITM/MITM/training/infrequent/20161021135759/20160923160351.MITM_modification_BinaryStatus/20160923160351.MITM_modification_BinaryStatus.master.pcap</master_cap><slave_cap>/root/datasets/OfficialDataset/MITM/MITM/training/infrequent/20161021135759/20160923160351.MITM_modification_BinaryStatus/20160923160351.MITM_modification_BinaryStatus.slave.pcap</slave_cap><attack_cap>/root/datasets/OfficialDataset/MITM/MITM/training/infrequent/20161021135759/20160923160351.MITM_modification_BinaryStatus/20160923160351.MITM_modification_BinaryStatus.attacker.pcap</attack_cap><start>2016-09-23 16:03:51.343860</start><finish>2016-09-23 16:04:42.046683</finish><attack>MITM_modification_BinaryStatus</attack><local_dir>/root/datasets/OfficialDataset/MITM/MITM/training/infrequent/20161021135759/20160923160351.MITM_modification_BinaryStatus</local_dir><first>31279</first><last>None</last><range pcap="attacker"><first>242283</first><offset>273562</offset><last>273958</last></range><range pcap="slave"><first>466989</first><offset>510862</offset><last>511166</last></range><range pcap="master"><first>466946</first><offset>510818</offset><last>511132</last></range></profile>