<profile><master_cap>/root/datasets/OfficialDataset/Attacks/attacks/training/infrequent/20161021143435/20161005141732.MITM_modification_ImmedFreezeNR/20161005141732.MITM_modification_ImmedFreezeNR.master.pcap</master_cap><slave_cap>/root/datasets/OfficialDataset/Attacks/attacks/training/infrequent/20161021143435/20161005141732.MITM_modification_ImmedFreezeNR/20161005141732.MITM_modification_ImmedFreezeNR.slave.pcap</slave_cap><attack_cap>/root/datasets/OfficialDataset/Attacks/attacks/training/infrequent/20161021143435/20161005141732.MITM_modification_ImmedFreezeNR/20161005141732.MITM_modification_ImmedFreezeNR.attacker.pcap</attack_cap><start>2016-10-05 14:17:32.878469</start><finish>2016-10-05 14:18:09.159563</finish><attack>MITM_modification_ImmedFreezeNR</attack><local_dir>/root/datasets/OfficialDataset/Attacks/attacks/training/infrequent/20161021143435/20161005141732.MITM_modification_ImmedFreezeNR</local_dir><first>30079</first><last>None</last><range pcap="attacker"><first>226989</first><offset>257068</offset><last>257338</last></range><range pcap="slave"><first>337819</first><offset>379934</offset><last>380158</last></range><range pcap="master"><first>339790</first><offset>381908</offset><last>382135</last></range></profile>