<profile><master_cap>/root/datasets/OfficialDataset/Masqurading/masquerading/training/frequent/20161021132756/20160827031951.slave_masquerading/20160827031951.slave_masquerading.master.pcap</master_cap><slave_cap>/root/datasets/OfficialDataset/Masqurading/masquerading/training/frequent/20161021132756/20160827031951.slave_masquerading/20160827031951.slave_masquerading.slave.pcap</slave_cap><attack_cap>/root/datasets/OfficialDataset/Masqurading/masquerading/training/frequent/20161021132756/20160827031951.slave_masquerading/20160827031951.slave_masquerading.attacker.pcap</attack_cap><start>2016-08-27 03:19:51.229767</start><finish>2016-08-27 03:20:15.806194</finish><attack>slave_masquerading</attack><local_dir>/root/datasets/OfficialDataset/Masqurading/masquerading/training/frequent/20161021132756/20160827031951.slave_masquerading</local_dir><first>5663</first><last>22048</last><range pcap="attacker"><first>190364</first><offset>196027</offset><last>196208</last></range><range pcap="slave"><first>245289</first><offset>253232</offset><last>253358</last></range><range pcap="master"><first>257252</first><offset>265195</offset><last>265385</last></range></profile>