<profile><master_cap>/root/datasets/OfficialDataset/Masqurading/masquerading/training/frequent/20161021132756/20160827040827.master_hijacking_masquerading/20160827040827.master_hijacking_masquerading.master.pcap</master_cap><slave_cap>/root/datasets/OfficialDataset/Masqurading/masquerading/training/frequent/20161021132756/20160827040827.master_hijacking_masquerading/20160827040827.master_hijacking_masquerading.slave.pcap</slave_cap><attack_cap>/root/datasets/OfficialDataset/Masqurading/masquerading/training/frequent/20161021132756/20160827040827.master_hijacking_masquerading/20160827040827.master_hijacking_masquerading.attacker.pcap</attack_cap><start>2016-08-27 04:08:27.426468</start><finish>2016-08-27 04:10:53.135621</finish><attack>master_hijacking_masquerading</attack><local_dir>/root/datasets/OfficialDataset/Masqurading/masquerading/training/frequent/20161021132756/20160827040827.master_hijacking_masquerading</local_dir><first>3737</first><last>16597</last><range pcap="attacker"><first>202533</first><offset>206270</offset><last>207008</last></range><range pcap="slave"><first>261943</first><offset>267161</offset><last>268110</last></range><range pcap="master"><first>274131</first><offset>279348</offset><last>280084</last></range></profile>