<profile><master_cap>/root/datasets/OfficialDataset/Attacks/attacks/training/frequent/20161021143503/20161011123323.MITM_forwarding/20161011123323.MITM_forwarding.master.pcap</master_cap><slave_cap>/root/datasets/OfficialDataset/Attacks/attacks/training/frequent/20161021143503/20161011123323.MITM_forwarding/20161011123323.MITM_forwarding.slave.pcap</slave_cap><attack_cap>/root/datasets/OfficialDataset/Attacks/attacks/training/frequent/20161021143503/20161011123323.MITM_forwarding/20161011123323.MITM_forwarding.attacker.pcap</attack_cap><start>2016-10-11 12:33:23.923639</start><finish>2016-10-11 12:33:57.832740</finish><attack>MITM_forwarding</attack><local_dir>/root/datasets/OfficialDataset/Attacks/attacks/training/frequent/20161021143503/20161011123323.MITM_forwarding</local_dir><first>5363</first><last>21127</last><range pcap="attacker"><first>249383</first><offset>254746</offset><last>255036</last></range><range pcap="slave"><first>789673</first><offset>797213</offset><last>797414</last></range><range pcap="master"><first>782779</first><offset>790308</offset><last>790510</last></range></profile>