<profile><master_cap>/root/datasets/OfficialDataset/Replay/replay/training/frequent/20161021142021/20160729131751.master_replay/20160729131751.master_replay.master.pcap</master_cap><slave_cap>/root/datasets/OfficialDataset/Replay/replay/training/frequent/20161021142021/20160729131751.master_replay/20160729131751.master_replay.slave.pcap</slave_cap><attack_cap>/root/datasets/OfficialDataset/Replay/replay/training/frequent/20161021142021/20160729131751.master_replay/20160729131751.master_replay.attacker.pcap</attack_cap><start>2016-07-29 13:17:51.479391</start><finish>2016-07-29 13:18:41.407637</finish><attack>master_replay</attack><local_dir>/root/datasets/OfficialDataset/Replay/replay/training/frequent/20161021142021/20160729131751.master_replay</local_dir><first>4897</first><last>101574</last><range pcap="attacker"><first>266958</first><offset>271855</offset><last>272061</last></range><range pcap="slave"><first>2272700</first><offset>2320682</offset><last>2320962</last></range><range pcap="master"><first>2271129</first><offset>2319114</offset><last>2319336</last></range></profile>