<profile><master_cap>/root/datasets/OfficialDataset/Masqurading/masquerading/training/infrequent/20161021132730/20160826014002.slave_masquerading_ObjectSpoofBinaryFuzz/20160826014002.slave_masquerading_ObjectSpoofBinaryFuzz.master.pcap</master_cap><slave_cap>/root/datasets/OfficialDataset/Masqurading/masquerading/training/infrequent/20161021132730/20160826014002.slave_masquerading_ObjectSpoofBinaryFuzz/20160826014002.slave_masquerading_ObjectSpoofBinaryFuzz.slave.pcap</slave_cap><attack_cap>/root/datasets/OfficialDataset/Masqurading/masquerading/training/infrequent/20161021132730/20160826014002.slave_masquerading_ObjectSpoofBinaryFuzz/20160826014002.slave_masquerading_ObjectSpoofBinaryFuzz.attacker.pcap</attack_cap><start>2016-08-26 01:40:02.531592</start><finish>2016-08-26 01:41:04.053909</finish><attack>slave_masquerading_ObjectSpoofBinaryFuzz</attack><local_dir>/root/datasets/OfficialDataset/Masqurading/masquerading/training/infrequent/20161021132730/20160826014002.slave_masquerading_ObjectSpoofBinaryFuzz</local_dir><first>33445</first><last>128345</last><range pcap="attacker"><first>111577</first><offset>145022</offset><last>145533</last></range><range pcap="slave"><first>150895</first><offset>197721</offset><last>197952</last></range><range pcap="master"><first>153733</first><offset>200551</offset><last>201063</last></range></profile>