<profile><master_cap>/root/datasets/OfficialDataset/Injection/injection/training/frequent/20161021132150/20160814075705.injection_FreezeObj/20160814075705.injection_FreezeObj.master.pcap</master_cap><slave_cap>/root/datasets/OfficialDataset/Injection/injection/training/frequent/20161021132150/20160814075705.injection_FreezeObj/20160814075705.injection_FreezeObj.slave.pcap</slave_cap><attack_cap>/root/datasets/OfficialDataset/Injection/injection/training/frequent/20161021132150/20160814075705.injection_FreezeObj/20160814075705.injection_FreezeObj.attacker.pcap</attack_cap><start>2016-08-14 07:57:05.103093</start><finish>2016-08-14 07:57:23.276834</finish><attack>injection_FreezeObj</attack><local_dir>/root/datasets/OfficialDataset/Injection/injection/training/frequent/20161021132150/20160814075705.injection_FreezeObj</local_dir><first>2959</first><last>12721</last><range pcap="attacker"><first>268715</first><offset>271674</offset><last>271758</last></range><range pcap="slave"><first>2777890</first><offset>2782041</offset><last>2782733</last></range><range pcap="master"><first>2777471</first><offset>2781620</offset><last>2782304</last></range></profile>