<profile><master_cap>/root/datasets/OfficialDataset/MITM/MITM/training/frequent/20161021140907/20160923193936.MITM_modification_BinaryInputDataDelete/20160923193936.MITM_modification_BinaryInputDataDelete.master.pcap</master_cap><slave_cap>/root/datasets/OfficialDataset/MITM/MITM/training/frequent/20161021140907/20160923193936.MITM_modification_BinaryInputDataDelete/20160923193936.MITM_modification_BinaryInputDataDelete.slave.pcap</slave_cap><attack_cap>/root/datasets/OfficialDataset/MITM/MITM/training/frequent/20161021140907/20160923193936.MITM_modification_BinaryInputDataDelete/20160923193936.MITM_modification_BinaryInputDataDelete.attacker.pcap</attack_cap><start>2016-09-23 19:39:36.969697</start><finish>2016-09-23 19:40:30.273258</finish><attack>MITM_modification_BinaryInputDataDelete</attack><local_dir>/root/datasets/OfficialDataset/MITM/MITM/training/frequent/20161021140907/20160923193936.MITM_modification_BinaryInputDataDelete</local_dir><first>2879</first><last>150713</last><range pcap="attacker"><first>33285</first><offset>36164</offset><last>36563</last></range><range pcap="slave"><first>95538</first><offset>168942</offset><last>169248</last></range><range pcap="master"><first>95547</first><offset>168951</offset><last>169270</last></range></profile>