<profile><master_cap>/root/datasets/OfficialDataset/MITM/MITM/training/infrequent/20161021135759/20160923030453.MITM_modification_BinaryInputDataDelete/20160923030453.MITM_modification_BinaryInputDataDelete.master.pcap</master_cap><slave_cap>/root/datasets/OfficialDataset/MITM/MITM/training/infrequent/20161021135759/20160923030453.MITM_modification_BinaryInputDataDelete/20160923030453.MITM_modification_BinaryInputDataDelete.slave.pcap</slave_cap><attack_cap>/root/datasets/OfficialDataset/MITM/MITM/training/infrequent/20161021135759/20160923030453.MITM_modification_BinaryInputDataDelete/20160923030453.MITM_modification_BinaryInputDataDelete.attacker.pcap</attack_cap><start>2016-09-23 03:04:53.423867</start><finish>2016-09-23 03:05:47.650425</finish><attack>MITM_modification_BinaryInputDataDelete</attack><local_dir>/root/datasets/OfficialDataset/MITM/MITM/training/infrequent/20161021135759/20160923030453.MITM_modification_BinaryInputDataDelete</local_dir><first>16427</first><last>226306</last><range pcap="attacker"><first>94739</first><offset>111166</offset><last>111600</last></range><range pcap="slave"><first>156769</first><offset>261151</offset><last>261489</last></range><range pcap="master"><first>156688</first><offset>261070</offset><last>261411</last></range></profile>