<profile><master_cap>/root/datasets/OfficialDataset/Flooding/flooding/training/frequent/20161021130706/20160831103852.master_flooding/20160831103852.master_flooding.master.pcap</master_cap><slave_cap>/root/datasets/OfficialDataset/Flooding/flooding/training/frequent/20161021130706/20160831103852.master_flooding/20160831103852.master_flooding.slave.pcap</slave_cap><attack_cap>/root/datasets/OfficialDataset/Flooding/flooding/training/frequent/20161021130706/20160831103852.master_flooding/20160831103852.master_flooding.attacker.pcap</attack_cap><start>2016-08-31 10:38:52.206455</start><finish>2016-08-31 10:40:05.418514</finish><attack>master_flooding</attack><local_dir>/root/datasets/OfficialDataset/Flooding/flooding/training/frequent/20161021130706/20160831103852.master_flooding</local_dir><first>6212</first><last>25734</last><range pcap="attacker"><first>307508</first><offset>313720</offset><last>314563</last></range><range pcap="slave"><first>382391</first><offset>391079</offset><last>392031</last></range><range pcap="master"><first>373950</first><offset>382634</offset><last>382987</last></range></profile>