<profile><master_cap>/root/datasets/OfficialDataset/Injection/injection/training/infrequent/20161021132245/20160813024851.injection_FreezeObj/20160813024851.injection_FreezeObj.master.pcap</master_cap><slave_cap>/root/datasets/OfficialDataset/Injection/injection/training/infrequent/20161021132245/20160813024851.injection_FreezeObj/20160813024851.injection_FreezeObj.slave.pcap</slave_cap><attack_cap>/root/datasets/OfficialDataset/Injection/injection/training/infrequent/20161021132245/20160813024851.injection_FreezeObj/20160813024851.injection_FreezeObj.attacker.pcap</attack_cap><start>2016-08-13 02:48:51.698058</start><finish>2016-08-13 02:49:19.691663</finish><attack>injection_FreezeObj</attack><local_dir>/root/datasets/OfficialDataset/Injection/injection/training/infrequent/20161021132245/20160813024851.injection_FreezeObj</local_dir><first>16272</first><last>62831</last><range pcap="attacker"><first>177022</first><offset>193294</offset><last>193391</last></range><range pcap="slave"><first>422939</first><offset>445759</offset><last>446173</last></range><range pcap="master"><first>422908</first><offset>445728</offset><last>446134</last></range></profile>