<profile><master_cap>/root/datasets/OfficialDataset/Injection/injection/training/infrequent/20161021132245/20160812153047.injection_WarmRestart/20160812153047.injection_WarmRestart.master.pcap</master_cap><slave_cap>/root/datasets/OfficialDataset/Injection/injection/training/infrequent/20161021132245/20160812153047.injection_WarmRestart/20160812153047.injection_WarmRestart.slave.pcap</slave_cap><attack_cap>/root/datasets/OfficialDataset/Injection/injection/training/infrequent/20161021132245/20160812153047.injection_WarmRestart/20160812153047.injection_WarmRestart.attacker.pcap</attack_cap><start>2016-08-12 15:30:47.036622</start><finish>2016-08-12 15:32:06.669062</finish><attack>injection_WarmRestart</attack><local_dir>/root/datasets/OfficialDataset/Injection/injection/training/infrequent/20161021132245/20160812153047.injection_WarmRestart</local_dir><first>17430</first><last>267613</last><range pcap="attacker"><first>34349</first><offset>51779</offset><last>52071</last></range><range pcap="slave"><first>48101</first><offset>172642</offset><last>173058</last></range><range pcap="master"><first>48093</first><offset>172617</offset><last>173025</last></range></profile>