<profile><master_cap>/root/datasets/OfficialDataset/Injection/injection/training/frequent/20161021132150/20160814065254.injection_push/20160814065254.injection_push.master.pcap</master_cap><slave_cap>/root/datasets/OfficialDataset/Injection/injection/training/frequent/20161021132150/20160814065254.injection_push/20160814065254.injection_push.slave.pcap</slave_cap><attack_cap>/root/datasets/OfficialDataset/Injection/injection/training/frequent/20161021132150/20160814065254.injection_push/20160814065254.injection_push.attacker.pcap</attack_cap><start>2016-08-14 06:52:54.935368</start><finish>2016-08-14 06:53:23.316094</finish><attack>injection_push</attack><local_dir>/root/datasets/OfficialDataset/Injection/injection/training/frequent/20161021132150/20160814065254.injection_push</local_dir><first>5240</first><last>21305</last><range pcap="attacker"><first>253174</first><offset>258414</offset><last>258502</last></range><range pcap="slave"><first>2656064</first><offset>2663381</offset><last>2664052</last></range><range pcap="master"><first>2655676</first><offset>2662983</offset><last>2663663</last></range></profile>