<profile><master_cap>/root/datasets/OfficialDataset/Attacks/attacks/training/frequent/20161021143503/20161010183826.master_replay_flooding/20161010183826.master_replay_flooding.master.pcap</master_cap><slave_cap>/root/datasets/OfficialDataset/Attacks/attacks/training/frequent/20161021143503/20161010183826.master_replay_flooding/20161010183826.master_replay_flooding.slave.pcap</slave_cap><attack_cap>/root/datasets/OfficialDataset/Attacks/attacks/training/frequent/20161021143503/20161010183826.master_replay_flooding/20161010183826.master_replay_flooding.attacker.pcap</attack_cap><start>2016-10-10 18:38:26.354681</start><finish>2016-10-10 18:38:45.525951</finish><attack>master_replay_flooding</attack><local_dir>/root/datasets/OfficialDataset/Attacks/attacks/training/frequent/20161021143503/20161010183826.master_replay_flooding</local_dir><first>4949</first><last>19122</last><range pcap="attacker"><first>13446</first><offset>18395</offset><last>18472</last></range><range pcap="slave"><first>14956</first><offset>21902</offset><last>22014</last></range><range pcap="master"><first>6131</first><offset>13079</offset><last>13167</last></range></profile>