<profile><master_cap>/root/datasets/OfficialDataset/Attacks/attacks/training/frequent/20161021143503/20161011125153.slave_masquerading_ObjectSpoofBinaryFuzz/20161011125153.slave_masquerading_ObjectSpoofBinaryFuzz.master.pcap</master_cap><slave_cap>/root/datasets/OfficialDataset/Attacks/attacks/training/frequent/20161021143503/20161011125153.slave_masquerading_ObjectSpoofBinaryFuzz/20161011125153.slave_masquerading_ObjectSpoofBinaryFuzz.slave.pcap</slave_cap><attack_cap>/root/datasets/OfficialDataset/Attacks/attacks/training/frequent/20161021143503/20161011125153.slave_masquerading_ObjectSpoofBinaryFuzz/20161011125153.slave_masquerading_ObjectSpoofBinaryFuzz.attacker.pcap</attack_cap><start>2016-10-11 12:51:53.899249</start><finish>2016-10-11 12:52:56.871316</finish><attack>slave_masquerading_ObjectSpoofBinaryFuzz</attack><local_dir>/root/datasets/OfficialDataset/Attacks/attacks/training/frequent/20161021143503/20161011125153.slave_masquerading_ObjectSpoofBinaryFuzz</local_dir><first>3689</first><last>15286</last><range pcap="attacker"><first>255037</first><offset>258726</offset><last>259244</last></range><range pcap="slave"><first>797415</first><offset>802592</offset><last>802811</last></range><range pcap="master"><first>790511</first><offset>795688</offset><last>796192</last></range></profile>