<profile><master_cap>/root/datasets/OfficialDataset/Attacks/attacks/training/frequent/20161021143503/20161010220410.injection_WarmRestart/20161010220410.injection_WarmRestart.master.pcap</master_cap><slave_cap>/root/datasets/OfficialDataset/Attacks/attacks/training/frequent/20161021143503/20161010220410.injection_WarmRestart/20161010220410.injection_WarmRestart.slave.pcap</slave_cap><attack_cap>/root/datasets/OfficialDataset/Attacks/attacks/training/frequent/20161021143503/20161010220410.injection_WarmRestart/20161010220410.injection_WarmRestart.attacker.pcap</attack_cap><start>2016-10-10 22:04:10.512744</start><finish>2016-10-10 22:05:30.044778</finish><attack>injection_WarmRestart</attack><local_dir>/root/datasets/OfficialDataset/Attacks/attacks/training/frequent/20161021143503/20161010220410.injection_WarmRestart</local_dir><first>3988</first><last>99763</last><range pcap="attacker"><first>59031</first><offset>63019</offset><last>63301</last></range><range pcap="slave"><first>179909</first><offset>227255</offset><last>227658</last></range><range pcap="master"><first>171434</first><offset>218778</offset><last>219176</last></range></profile>