<profile><master_cap>/root/datasets/OfficialDataset/Injection/injection/training/frequent/20161021132150/20160814053752.injection_FreezeObj/20160814053752.injection_FreezeObj.master.pcap</master_cap><slave_cap>/root/datasets/OfficialDataset/Injection/injection/training/frequent/20161021132150/20160814053752.injection_FreezeObj/20160814053752.injection_FreezeObj.slave.pcap</slave_cap><attack_cap>/root/datasets/OfficialDataset/Injection/injection/training/frequent/20161021132150/20160814053752.injection_FreezeObj/20160814053752.injection_FreezeObj.attacker.pcap</attack_cap><start>2016-08-14 05:37:52.940446</start><finish>2016-08-14 05:38:16.687011</finish><attack>injection_FreezeObj</attack><local_dir>/root/datasets/OfficialDataset/Injection/injection/training/frequent/20161021132150/20160814053752.injection_FreezeObj</local_dir><first>4276</first><last>18199</last><range pcap="attacker"><first>238614</first><offset>242890</offset><last>242976</last></range><range pcap="slave"><first>2391168</first><offset>2397183</offset><last>2398094</last></range><range pcap="master"><first>2390820</first><offset>2396822</offset><last>2397729</last></range></profile>