<profile><master_cap>/root/datasets/OfficialDataset/Masqurading/masquerading/training/frequent/20161021132756/20160826180153.slave_masquerading_ObjectSpoofCounter/20160826180153.slave_masquerading_ObjectSpoofCounter.master.pcap</master_cap><slave_cap>/root/datasets/OfficialDataset/Masqurading/masquerading/training/frequent/20161021132756/20160826180153.slave_masquerading_ObjectSpoofCounter/20160826180153.slave_masquerading_ObjectSpoofCounter.slave.pcap</slave_cap><attack_cap>/root/datasets/OfficialDataset/Masqurading/masquerading/training/frequent/20161021132756/20160826180153.slave_masquerading_ObjectSpoofCounter/20160826180153.slave_masquerading_ObjectSpoofCounter.attacker.pcap</attack_cap><start>2016-08-26 18:01:53.894561</start><finish>2016-08-26 18:02:39.236761</finish><attack>slave_masquerading_ObjectSpoofCounter</attack><local_dir>/root/datasets/OfficialDataset/Masqurading/masquerading/training/frequent/20161021132756/20160826180153.slave_masquerading_ObjectSpoofCounter</local_dir><first>5319</first><last>21029</last><range pcap="attacker"><first>64093</first><offset>69412</offset><last>69698</last></range><range pcap="slave"><first>83542</first><offset>91017</offset><last>91196</last></range><range pcap="master"><first>86528</first><offset>94001</offset><last>94296</last></range></profile>