<profile><master_cap>/root/datasets/OfficialDataset/Attacks/attacks/training/frequent/20161021143503/20161011164125.MITM_hijack_injection/20161011164125.MITM_hijack_injection.master.pcap</master_cap><slave_cap>/root/datasets/OfficialDataset/Attacks/attacks/training/frequent/20161021143503/20161011164125.MITM_hijack_injection/20161011164125.MITM_hijack_injection.slave.pcap</slave_cap><attack_cap>/root/datasets/OfficialDataset/Attacks/attacks/training/frequent/20161021143503/20161011164125.MITM_hijack_injection/20161011164125.MITM_hijack_injection.attacker.pcap</attack_cap><start>2016-10-11 16:41:25.096000</start><finish>2016-10-11 16:41:59.349420</finish><attack>MITM_hijack_injection</attack><local_dir>/root/datasets/OfficialDataset/Attacks/attacks/training/frequent/20161021143503/20161011164125.MITM_hijack_injection</local_dir><first>3715</first><last>130871</last><range pcap="attacker"><first>305332</first><offset>309047</offset><last>309312</last></range><range pcap="slave"><first>1016619</first><offset>1079847</offset><last>1080075</last></range><range pcap="master"><first>1008975</first><offset>1072206</offset><last>1072408</last></range></profile>