<profile><master_cap>/root/datasets/OfficialDataset/Masqurading/masquerading/training/frequent/20161021132756/20160826202958.master_masquerading/20160826202958.master_masquerading.master.pcap</master_cap><slave_cap>/root/datasets/OfficialDataset/Masqurading/masquerading/training/frequent/20161021132756/20160826202958.master_masquerading/20160826202958.master_masquerading.slave.pcap</slave_cap><attack_cap>/root/datasets/OfficialDataset/Masqurading/masquerading/training/frequent/20161021132756/20160826202958.master_masquerading/20160826202958.master_masquerading.attacker.pcap</attack_cap><start>2016-08-26 20:29:58.939988</start><finish>2016-08-26 20:31:15.312838</finish><attack>master_masquerading</attack><local_dir>/root/datasets/OfficialDataset/Masqurading/masquerading/training/frequent/20161021132756/20160826202958.master_masquerading</local_dir><first>6204</first><last>24834</last><range pcap="attacker"><first>97095</first><offset>103299</offset><last>103704</last></range><range pcap="slave"><first>125913</first><offset>134570</offset><last>135093</last></range><range pcap="master"><first>131074</first><offset>139723</offset><last>140117</last></range></profile>