<profile><master_cap>/root/datasets/OfficialDataset/Injection/injection/training/frequent/20161021132150/20160813120405.injection_FreezeObj/20160813120405.injection_FreezeObj.master.pcap</master_cap><slave_cap>/root/datasets/OfficialDataset/Injection/injection/training/frequent/20161021132150/20160813120405.injection_FreezeObj/20160813120405.injection_FreezeObj.slave.pcap</slave_cap><attack_cap>/root/datasets/OfficialDataset/Injection/injection/training/frequent/20161021132150/20160813120405.injection_FreezeObj/20160813120405.injection_FreezeObj.attacker.pcap</attack_cap><start>2016-08-13 12:04:05.795557</start><finish>2016-08-13 12:04:34.559723</finish><attack>injection_FreezeObj</attack><local_dir>/root/datasets/OfficialDataset/Injection/injection/training/frequent/20161021132150/20160813120405.injection_FreezeObj</local_dir><first>5973</first><last>177210</last><range pcap="attacker"><first>18143</first><offset>24116</offset><last>24231</last></range><range pcap="slave"><first>288668</first><offset>373284</offset><last>374241</last></range><range pcap="master"><first>288629</first><offset>373228</offset><last>374176</last></range></profile>