<profile><master_cap>/root/datasets/OfficialDataset/Attacks/attacks/training/frequent/20161021143503/20161011010753.MITM_modification_BinaryStatus/20161011010753.MITM_modification_BinaryStatus.master.pcap</master_cap><slave_cap>/root/datasets/OfficialDataset/Attacks/attacks/training/frequent/20161021143503/20161011010753.MITM_modification_BinaryStatus/20161011010753.MITM_modification_BinaryStatus.slave.pcap</slave_cap><attack_cap>/root/datasets/OfficialDataset/Attacks/attacks/training/frequent/20161021143503/20161011010753.MITM_modification_BinaryStatus/20161011010753.MITM_modification_BinaryStatus.attacker.pcap</attack_cap><start>2016-10-11 01:07:53.669013</start><finish>2016-10-11 01:09:07.524633</finish><attack>MITM_modification_BinaryStatus</attack><local_dir>/root/datasets/OfficialDataset/Attacks/attacks/training/frequent/20161021143503/20161011010753.MITM_modification_BinaryStatus</local_dir><first>5049</first><last>20640</last><range pcap="attacker"><first>98194</first><offset>103243</offset><last>103821</last></range><range pcap="slave"><first>281785</first><offset>288857</offset><last>289280</last></range><range pcap="master"><first>272157</first><offset>279227</offset><last>279673</last></range></profile>