<profile><master_cap>/root/datasets/OfficialDataset/MITM/MITM/training/frequent/20161021140907/20160923203812.MITM_modification_CountBinaryInputPointInsert/20160923203812.MITM_modification_CountBinaryInputPointInsert.master.pcap</master_cap><slave_cap>/root/datasets/OfficialDataset/MITM/MITM/training/frequent/20161021140907/20160923203812.MITM_modification_CountBinaryInputPointInsert/20160923203812.MITM_modification_CountBinaryInputPointInsert.slave.pcap</slave_cap><attack_cap>/root/datasets/OfficialDataset/MITM/MITM/training/frequent/20161021140907/20160923203812.MITM_modification_CountBinaryInputPointInsert/20160923203812.MITM_modification_CountBinaryInputPointInsert.attacker.pcap</attack_cap><start>2016-09-23 20:38:12.404914</start><finish>2016-09-23 20:38:59.144292</finish><attack>MITM_modification_CountBinaryInputPointInsert</attack><local_dir>/root/datasets/OfficialDataset/MITM/MITM/training/frequent/20161021140907/20160923203812.MITM_modification_CountBinaryInputPointInsert</local_dir><first>4637</first><last>69583</last><range pcap="attacker"><first>44228</first><offset>48865</offset><last>49241</last></range><range pcap="slave"><first>179671</first><offset>186136</offset><last>211950</last></range><range pcap="master"><first>179707</first><offset>186170</offset><last>211996</last></range></profile>