<profile><master_cap>/root/datasets/OfficialDataset/MITM/MITM/training/frequent/20161021140907/20160924113435.MITM_forwarding/20160924113435.MITM_forwarding.master.pcap</master_cap><slave_cap>/root/datasets/OfficialDataset/MITM/MITM/training/frequent/20161021140907/20160924113435.MITM_forwarding/20160924113435.MITM_forwarding.slave.pcap</slave_cap><attack_cap>/root/datasets/OfficialDataset/MITM/MITM/training/frequent/20161021140907/20160924113435.MITM_forwarding/20160924113435.MITM_forwarding.attacker.pcap</attack_cap><start>2016-09-24 11:34:35.700419</start><finish>2016-09-24 11:35:21.890217</finish><attack>MITM_forwarding</attack><local_dir>/root/datasets/OfficialDataset/MITM/MITM/training/frequent/20161021140907/20160924113435.MITM_forwarding</local_dir><first>3568</first><last>14425</last><range pcap="attacker"><first>240646</first><offset>244214</offset><last>244576</last></range><range pcap="slave"><first>1214392</first><offset>1219362</offset><last>1219633</last></range><range pcap="master"><first>1214260</first><offset>1219232</offset><last>1219512</last></range></profile>