<profile><master_cap>/root/datasets/OfficialDataset/Masqurading/masquerading/training/frequent/20161021132756/20160827073927.slave_masquerading_ObjectSpoofBinary/20160827073927.slave_masquerading_ObjectSpoofBinary.master.pcap</master_cap><slave_cap>/root/datasets/OfficialDataset/Masqurading/masquerading/training/frequent/20161021132756/20160827073927.slave_masquerading_ObjectSpoofBinary/20160827073927.slave_masquerading_ObjectSpoofBinary.slave.pcap</slave_cap><attack_cap>/root/datasets/OfficialDataset/Masqurading/masquerading/training/frequent/20161021132756/20160827073927.slave_masquerading_ObjectSpoofBinary/20160827073927.slave_masquerading_ObjectSpoofBinary.attacker.pcap</attack_cap><start>2016-08-27 07:39:27.702752</start><finish>2016-08-27 07:40:32.427535</finish><attack>slave_masquerading_ObjectSpoofBinary</attack><local_dir>/root/datasets/OfficialDataset/Masqurading/masquerading/training/frequent/20161021132756/20160827073927.slave_masquerading_ObjectSpoofBinary</local_dir><first>5084</first><last>20374</last><range pcap="attacker"><first>248176</first><offset>253260</offset><last>253666</last></range><range pcap="slave"><first>321528</first><offset>328647</offset><last>328889</last></range><range pcap="master"><first>336000</first><offset>343114</offset><last>343521</last></range></profile>