<profile><master_cap>/root/datasets/OfficialDataset/MITM/MITM/training/frequent/20161021140907/20160924052320.MITM_modification_BinaryStatus/20160924052320.MITM_modification_BinaryStatus.master.pcap</master_cap><slave_cap>/root/datasets/OfficialDataset/MITM/MITM/training/frequent/20161021140907/20160924052320.MITM_modification_BinaryStatus/20160924052320.MITM_modification_BinaryStatus.slave.pcap</slave_cap><attack_cap>/root/datasets/OfficialDataset/MITM/MITM/training/frequent/20161021140907/20160924052320.MITM_modification_BinaryStatus/20160924052320.MITM_modification_BinaryStatus.attacker.pcap</attack_cap><start>2016-09-24 05:23:20.632116</start><finish>2016-09-24 05:24:09.201417</finish><attack>MITM_modification_BinaryStatus</attack><local_dir>/root/datasets/OfficialDataset/MITM/MITM/training/frequent/20161021140907/20160924052320.MITM_modification_BinaryStatus</local_dir><first>5412</first><last>209823</last><range pcap="attacker"><first>157584</first><offset>162996</offset><last>163395</last></range><range pcap="slave"><first>640860</first><offset>742572</offset><last>742870</last></range><range pcap="master"><first>640841</first><offset>742531</offset><last>742841</last></range></profile>