<profile><master_cap>/root/datasets/OfficialDataset/Masqurading/masquerading/training/frequent/20161021132756/20160827091221.slave_masquerading_ObjectSpoofCounter/20160827091221.slave_masquerading_ObjectSpoofCounter.master.pcap</master_cap><slave_cap>/root/datasets/OfficialDataset/Masqurading/masquerading/training/frequent/20161021132756/20160827091221.slave_masquerading_ObjectSpoofCounter/20160827091221.slave_masquerading_ObjectSpoofCounter.slave.pcap</slave_cap><attack_cap>/root/datasets/OfficialDataset/Masqurading/masquerading/training/frequent/20161021132756/20160827091221.slave_masquerading_ObjectSpoofCounter/20160827091221.slave_masquerading_ObjectSpoofCounter.attacker.pcap</attack_cap><start>2016-08-27 09:12:21.407804</start><finish>2016-08-27 09:13:25.845550</finish><attack>slave_masquerading_ObjectSpoofCounter</attack><local_dir>/root/datasets/OfficialDataset/Masqurading/masquerading/training/frequent/20161021132756/20160827091221.slave_masquerading_ObjectSpoofCounter</local_dir><first>4500</first><last>18053</last><range pcap="attacker"><first>268878</first><offset>273378</offset><last>273782</last></range><range pcap="slave"><first>349118</first><offset>355371</offset><last>355610</last></range><range pcap="master"><first>364236</first><offset>370487</offset><last>370891</last></range></profile>