<profile><master_cap>/root/datasets/OfficialDataset/Replay/replay/training/frequent/20161021142021/20160728172113.master_replay_flooding/20160728172113.master_replay_flooding.master.pcap</master_cap><slave_cap>/root/datasets/OfficialDataset/Replay/replay/training/frequent/20161021142021/20160728172113.master_replay_flooding/20160728172113.master_replay_flooding.slave.pcap</slave_cap><attack_cap>/root/datasets/OfficialDataset/Replay/replay/training/frequent/20161021142021/20160728172113.master_replay_flooding/20160728172113.master_replay_flooding.attacker.pcap</attack_cap><start>2016-07-28 17:21:13.588786</start><finish>2016-07-28 17:21:32.777937</finish><attack>master_replay_flooding</attack><local_dir>/root/datasets/OfficialDataset/Replay/replay/training/frequent/20161021142021/20160728172113.master_replay_flooding</local_dir><first>4738</first><last>18378</last><range pcap="attacker"><first>14416</first><offset>19154</offset><last>19253</last></range><range pcap="slave"><first>64180</first><offset>70826</offset><last>70966</last></range><range pcap="master"><first>64036</first><offset>70674</offset><last>70789</last></range></profile>