<profile><master_cap>/root/datasets/OfficialDataset/MITM/MITM/training/frequent/20161021140907/20160924131843.MITM_modification_CountBinaryInputPointInsert/20160924131843.MITM_modification_CountBinaryInputPointInsert.master.pcap</master_cap><slave_cap>/root/datasets/OfficialDataset/MITM/MITM/training/frequent/20161021140907/20160924131843.MITM_modification_CountBinaryInputPointInsert/20160924131843.MITM_modification_CountBinaryInputPointInsert.slave.pcap</slave_cap><attack_cap>/root/datasets/OfficialDataset/MITM/MITM/training/frequent/20161021140907/20160924131843.MITM_modification_CountBinaryInputPointInsert/20160924131843.MITM_modification_CountBinaryInputPointInsert.attacker.pcap</attack_cap><start>2016-09-24 13:18:43.832064</start><finish>2016-09-24 13:19:37.363342</finish><attack>MITM_modification_CountBinaryInputPointInsert</attack><local_dir>/root/datasets/OfficialDataset/MITM/MITM/training/frequent/20161021140907/20160924131843.MITM_modification_CountBinaryInputPointInsert</local_dir><first>6073</first><last>102119</last><range pcap="attacker"><first>260763</first><offset>266836</offset><last>267239</last></range><range pcap="slave"><first>1340084</first><offset>1387594</offset><last>1387902</last></range><range pcap="master"><first>1339952</first><offset>1387462</offset><last>1387775</last></range></profile>