<profile><master_cap>/root/datasets/OfficialDataset/Replay/replay/training/frequent/20161021142021/20160729150742.injection_replay_updaterAck/20160729150742.injection_replay_updaterAck.master.pcap</master_cap><slave_cap>/root/datasets/OfficialDataset/Replay/replay/training/frequent/20161021142021/20160729150742.injection_replay_updaterAck/20160729150742.injection_replay_updaterAck.slave.pcap</slave_cap><attack_cap>/root/datasets/OfficialDataset/Replay/replay/training/frequent/20161021142021/20160729150742.injection_replay_updaterAck/20160729150742.injection_replay_updaterAck.attacker.pcap</attack_cap><start>2016-07-29 15:07:42.910516</start><finish>2016-07-29 15:07:54.659639</finish><attack>injection_replay_updaterAck</attack><local_dir>/root/datasets/OfficialDataset/Replay/replay/training/frequent/20161021142021/20160729150742.injection_replay_updaterAck</local_dir><first>4507</first><last>None</last><range pcap="attacker"><first>290777</first><offset>295284</offset><last>295314</last></range><range pcap="slave"><first>2347514</first><offset>2404027</offset><last>2404188</last></range><range pcap="master"><first>2345710</first><offset>2402206</offset><last>2402370</last></range></profile>