<profile><master_cap>/root/datasets/OfficialDataset/Injection/injection/training/frequent/20161021132150/20160813203517.injection_push/20160813203517.injection_push.master.pcap</master_cap><slave_cap>/root/datasets/OfficialDataset/Injection/injection/training/frequent/20161021132150/20160813203517.injection_push/20160813203517.injection_push.slave.pcap</slave_cap><attack_cap>/root/datasets/OfficialDataset/Injection/injection/training/frequent/20161021132150/20160813203517.injection_push/20160813203517.injection_push.attacker.pcap</attack_cap><start>2016-08-13 20:35:17.994793</start><finish>2016-08-13 20:35:52.671831</finish><attack>injection_push</attack><local_dir>/root/datasets/OfficialDataset/Injection/injection/training/frequent/20161021132150/20160813203517.injection_push</local_dir><first>3307</first><last>55557</last><range pcap="attacker"><first>127017</first><offset>130324</offset><last>130438</last></range><range pcap="slave"><first>1452715</first><offset>1477557</offset><last>1478782</last></range><range pcap="master"><first>1452488</first><offset>1477322</offset><last>1478555</last></range></profile>