<profile><master_cap>/root/datasets/OfficialDataset/Masqurading/masquerading/training/frequent/20161021132756/20160826125114.reconnaissance/20160826125114.reconnaissance.master.pcap</master_cap><slave_cap>/root/datasets/OfficialDataset/Masqurading/masquerading/training/frequent/20161021132756/20160826125114.reconnaissance/20160826125114.reconnaissance.slave.pcap</slave_cap><attack_cap>/root/datasets/OfficialDataset/Masqurading/masquerading/training/frequent/20161021132756/20160826125114.reconnaissance/20160826125114.reconnaissance.attacker.pcap</attack_cap><start>2016-08-26 12:51:14.932882</start><finish>2016-08-26 12:51:19.063483</finish><attack>reconnaissance</attack><local_dir>/root/datasets/OfficialDataset/Masqurading/masquerading/training/frequent/20161021132756/20160826125114.reconnaissance</local_dir><first>25</first><last>160</last><range pcap="attacker"><first>544</first><offset>569</offset><last>590</last></range><range pcap="slave"><first>387</first><offset>426</offset><last>450</last></range><range pcap="master"><first>387</first><offset>424</offset><last>436</last></range></profile>