<profile><master_cap>/root/datasets/OfficialDataset/Attacks/attacks/training/infrequent/20161021143435/20161005005925.slave_masquerading_flooding/20161005005925.slave_masquerading_flooding.master.pcap</master_cap><slave_cap>/root/datasets/OfficialDataset/Attacks/attacks/training/infrequent/20161021143435/20161005005925.slave_masquerading_flooding/20161005005925.slave_masquerading_flooding.slave.pcap</slave_cap><attack_cap>/root/datasets/OfficialDataset/Attacks/attacks/training/infrequent/20161021143435/20161005005925.slave_masquerading_flooding/20161005005925.slave_masquerading_flooding.attacker.pcap</attack_cap><start>2016-10-05 00:59:25.270455</start><finish>2016-10-05 00:59:46.440882</finish><attack>slave_masquerading_flooding</attack><local_dir>/root/datasets/OfficialDataset/Attacks/attacks/training/infrequent/20161021143435/20161005005925.slave_masquerading_flooding</local_dir><first>31022</first><last>121511</last><range pcap="attacker"><first>57558</first><offset>88580</offset><last>90407</last></range><range pcap="slave"><first>91272</first><offset>134632</offset><last>134739</last></range><range pcap="master"><first>91248</first><offset>134610</offset><last>136441</last></range></profile>