<profile><master_cap>/root/datasets/OfficialDataset/Attacks/attacks/training/frequent/20161021143503/20161010201705.slave_masquerading_ObjectSpoofCounter/20161010201705.slave_masquerading_ObjectSpoofCounter.master.pcap</master_cap><slave_cap>/root/datasets/OfficialDataset/Attacks/attacks/training/frequent/20161021143503/20161010201705.slave_masquerading_ObjectSpoofCounter/20161010201705.slave_masquerading_ObjectSpoofCounter.slave.pcap</slave_cap><attack_cap>/root/datasets/OfficialDataset/Attacks/attacks/training/frequent/20161021143503/20161010201705.slave_masquerading_ObjectSpoofCounter/20161010201705.slave_masquerading_ObjectSpoofCounter.attacker.pcap</attack_cap><start>2016-10-10 20:17:05.328780</start><finish>2016-10-10 20:17:20.511615</finish><attack>slave_masquerading_ObjectSpoofCounter</attack><local_dir>/root/datasets/OfficialDataset/Attacks/attacks/training/frequent/20161021143503/20161010201705.slave_masquerading_ObjectSpoofCounter</local_dir><first>4985</first><last>19314</last><range pcap="attacker"><first>34470</first><offset>39455</offset><last>39568</last></range><range pcap="slave"><first>43790</first><offset>50787</offset><last>50877</last></range><range pcap="master"><first>35011</first><offset>42010</offset><last>42138</last></range></profile>