<profile><master_cap>/root/datasets/OfficialDataset/Masqurading/masquerading/training/frequent/20161021132756/20160827060539.slave_masquerading_flooding/20160827060539.slave_masquerading_flooding.master.pcap</master_cap><slave_cap>/root/datasets/OfficialDataset/Masqurading/masquerading/training/frequent/20161021132756/20160827060539.slave_masquerading_flooding/20160827060539.slave_masquerading_flooding.slave.pcap</slave_cap><attack_cap>/root/datasets/OfficialDataset/Masqurading/masquerading/training/frequent/20161021132756/20160827060539.slave_masquerading_flooding/20160827060539.slave_masquerading_flooding.attacker.pcap</attack_cap><start>2016-08-27 06:05:39.738522</start><finish>2016-08-27 06:06:08.023713</finish><attack>slave_masquerading_flooding</attack><local_dir>/root/datasets/OfficialDataset/Masqurading/masquerading/training/frequent/20161021132756/20160827060539.slave_masquerading_flooding</local_dir><first>5615</first><last>25751</last><range pcap="attacker"><first>225403</first><offset>231018</offset><last>233124</last></range><range pcap="slave"><first>293602</first><offset>301522</offset><last>301606</last></range><range pcap="master"><first>305448</first><offset>313366</offset><last>315472</last></range></profile>