<profile><master_cap>/root/datasets/OfficialDataset/Attacks/attacks/training/frequent/20161021143503/20161011030811.MITM_modification_BinaryInputPointInsert/20161011030811.MITM_modification_BinaryInputPointInsert.master.pcap</master_cap><slave_cap>/root/datasets/OfficialDataset/Attacks/attacks/training/frequent/20161021143503/20161011030811.MITM_modification_BinaryInputPointInsert/20161011030811.MITM_modification_BinaryInputPointInsert.slave.pcap</slave_cap><attack_cap>/root/datasets/OfficialDataset/Attacks/attacks/training/frequent/20161021143503/20161011030811.MITM_modification_BinaryInputPointInsert/20161011030811.MITM_modification_BinaryInputPointInsert.attacker.pcap</attack_cap><start>2016-10-11 03:08:11.401523</start><finish>2016-10-11 03:09:23.612956</finish><attack>MITM_modification_BinaryInputPointInsert</attack><local_dir>/root/datasets/OfficialDataset/Attacks/attacks/training/frequent/20161021143503/20161011030811.MITM_modification_BinaryInputPointInsert</local_dir><first>3459</first><last>14598</last><range pcap="attacker"><first>125844</first><offset>129303</offset><last>129867</last></range><range pcap="slave"><first>319343</first><offset>324208</offset><last>324632</last></range><range pcap="master"><first>309716</first><offset>314576</offset><last>315000</last></range></profile>