<profile><master_cap>/root/datasets/OfficialDataset/Flooding/flooding/training/frequent/20161021130706/20160831002231.slave_masquerading_flooding/20160831002231.slave_masquerading_flooding.master.pcap</master_cap><slave_cap>/root/datasets/OfficialDataset/Flooding/flooding/training/frequent/20161021130706/20160831002231.slave_masquerading_flooding/20160831002231.slave_masquerading_flooding.slave.pcap</slave_cap><attack_cap>/root/datasets/OfficialDataset/Flooding/flooding/training/frequent/20161021130706/20160831002231.slave_masquerading_flooding/20160831002231.slave_masquerading_flooding.attacker.pcap</attack_cap><start>2016-08-31 00:22:31.227648</start><finish>2016-08-31 00:22:59.651624</finish><attack>slave_masquerading_flooding</attack><local_dir>/root/datasets/OfficialDataset/Flooding/flooding/training/frequent/20161021130706/20160831002231.slave_masquerading_flooding</local_dir><first>4138</first><last>20039</last><range pcap="attacker"><first>143902</first><offset>148040</offset><last>150092</last></range><range pcap="slave"><first>182034</first><offset>187866</offset><last>187995</last></range><range pcap="master"><first>183506</first><offset>189338</offset><last>191392</last></range></profile>