<profile><master_cap>/root/datasets/OfficialDataset/Masqurading/masquerading/training/frequent/20161021132756/20160826182621.slave_masquerading_ObjectSpoofBinary/20160826182621.slave_masquerading_ObjectSpoofBinary.master.pcap</master_cap><slave_cap>/root/datasets/OfficialDataset/Masqurading/masquerading/training/frequent/20161021132756/20160826182621.slave_masquerading_ObjectSpoofBinary/20160826182621.slave_masquerading_ObjectSpoofBinary.slave.pcap</slave_cap><attack_cap>/root/datasets/OfficialDataset/Masqurading/masquerading/training/frequent/20161021132756/20160826182621.slave_masquerading_ObjectSpoofBinary/20160826182621.slave_masquerading_ObjectSpoofBinary.attacker.pcap</attack_cap><start>2016-08-26 18:26:21.259587</start><finish>2016-08-26 18:27:22.531054</finish><attack>slave_masquerading_ObjectSpoofBinary</attack><local_dir>/root/datasets/OfficialDataset/Masqurading/masquerading/training/frequent/20161021132756/20160826182621.slave_masquerading_ObjectSpoofBinary</local_dir><first>4866</first><last>19614</last><range pcap="attacker"><first>69699</first><offset>74565</offset><last>74974</last></range><range pcap="slave"><first>91197</first><offset>98039</offset><last>98286</last></range><range pcap="master"><first>94297</first><offset>101139</offset><last>101545</last></range></profile>