<profile><master_cap>/root/datasets/OfficialDataset/Replay/replay/training/frequent/20161021142021/20160728231057.injection_replay_updaterAck/20160728231057.injection_replay_updaterAck.master.pcap</master_cap><slave_cap>/root/datasets/OfficialDataset/Replay/replay/training/frequent/20161021142021/20160728231057.injection_replay_updaterAck/20160728231057.injection_replay_updaterAck.slave.pcap</slave_cap><attack_cap>/root/datasets/OfficialDataset/Replay/replay/training/frequent/20161021142021/20160728231057.injection_replay_updaterAck/20160728231057.injection_replay_updaterAck.attacker.pcap</attack_cap><start>2016-07-28 23:10:57.123946</start><finish>2016-07-28 23:11:04.856041</finish><attack>injection_replay_updaterAck</attack><local_dir>/root/datasets/OfficialDataset/Replay/replay/training/frequent/20161021142021/20160728231057.injection_replay_updaterAck</local_dir><first>4052</first><last>15717</last><range pcap="attacker"><first>88663</first><offset>92715</offset><last>92738</last></range><range pcap="slave"><first>566337</first><offset>571989</offset><last>572159</last></range><range pcap="master"><first>565803</first><offset>571447</offset><last>571621</last></range></profile>