<profile><master_cap>/root/datasets/OfficialDataset/Replay/replay/training/frequent/20161021142021/20160728205517.injection_replay/20160728205517.injection_replay.master.pcap</master_cap><slave_cap>/root/datasets/OfficialDataset/Replay/replay/training/frequent/20161021142021/20160728205517.injection_replay/20160728205517.injection_replay.slave.pcap</slave_cap><attack_cap>/root/datasets/OfficialDataset/Replay/replay/training/frequent/20161021142021/20160728205517.injection_replay/20160728205517.injection_replay.attacker.pcap</attack_cap><start>2016-07-28 20:55:17.165623</start><finish>2016-07-28 20:55:21.503927</finish><attack>injection_replay</attack><local_dir>/root/datasets/OfficialDataset/Replay/replay/training/frequent/20161021142021/20160728205517.injection_replay</local_dir><first>5887</first><last>22442</last><range pcap="attacker"><first>58076</first><offset>63963</offset><last>63974</last></range><range pcap="slave"><first>314896</first><offset>323151</offset><last>323166</last></range><range pcap="master"><first>314525</first><offset>322778</offset><last>322797</last></range></profile>