<profile><master_cap>/root/datasets/OfficialDataset/Replay/replay/training/frequent/20161021142021/20160729072332.injection_replay/20160729072332.injection_replay.master.pcap</master_cap><slave_cap>/root/datasets/OfficialDataset/Replay/replay/training/frequent/20161021142021/20160729072332.injection_replay/20160729072332.injection_replay.slave.pcap</slave_cap><attack_cap>/root/datasets/OfficialDataset/Replay/replay/training/frequent/20161021142021/20160729072332.injection_replay/20160729072332.injection_replay.attacker.pcap</attack_cap><start>2016-07-29 07:23:32.862178</start><finish>2016-07-29 07:23:37.359838</finish><attack>injection_replay</attack><local_dir>/root/datasets/OfficialDataset/Replay/replay/training/frequent/20161021142021/20160729072332.injection_replay</local_dir><first>4969</first><last>19027</last><range pcap="attacker"><first>191893</first><offset>196862</offset><last>196876</last></range><range pcap="slave"><first>1690427</first><offset>1697432</offset><last>1697450</last></range><range pcap="master"><first>1689406</first><offset>1696409</offset><last>1696425</last></range></profile>