<profile><master_cap>/root/datasets/OfficialDataset/Masqurading/masquerading/training/frequent/20161021132756/20160827002228.slave_masquerading_ObjectSpoofCounterFuzz/20160827002228.slave_masquerading_ObjectSpoofCounterFuzz.master.pcap</master_cap><slave_cap>/root/datasets/OfficialDataset/Masqurading/masquerading/training/frequent/20161021132756/20160827002228.slave_masquerading_ObjectSpoofCounterFuzz/20160827002228.slave_masquerading_ObjectSpoofCounterFuzz.slave.pcap</slave_cap><attack_cap>/root/datasets/OfficialDataset/Masqurading/masquerading/training/frequent/20161021132756/20160827002228.slave_masquerading_ObjectSpoofCounterFuzz/20160827002228.slave_masquerading_ObjectSpoofCounterFuzz.attacker.pcap</attack_cap><start>2016-08-27 00:22:28.464916</start><finish>2016-08-27 00:23:31.109842</finish><attack>slave_masquerading_ObjectSpoofCounterFuzz</attack><local_dir>/root/datasets/OfficialDataset/Masqurading/masquerading/training/frequent/20161021132756/20160827002228.slave_masquerading_ObjectSpoofCounterFuzz</local_dir><first>3405</first><last>14252</last><range pcap="attacker"><first>149970</first><offset>153375</offset><last>153889</last></range><range pcap="slave"><first>197245</first><offset>202032</offset><last>202270</last></range><range pcap="master"><first>203603</first><offset>208390</offset><last>208909</last></range></profile>