<profile><master_cap>/root/datasets/OfficialDataset/Injection/injection/training/frequent/20161021132150/20160813142030.injection_push/20160813142030.injection_push.master.pcap</master_cap><slave_cap>/root/datasets/OfficialDataset/Injection/injection/training/frequent/20161021132150/20160813142030.injection_push/20160813142030.injection_push.slave.pcap</slave_cap><attack_cap>/root/datasets/OfficialDataset/Injection/injection/training/frequent/20161021132150/20160813142030.injection_push/20160813142030.injection_push.attacker.pcap</attack_cap><start>2016-08-13 14:20:30.054939</start><finish>2016-08-13 14:21:54.717598</finish><attack>injection_push</attack><local_dir>/root/datasets/OfficialDataset/Injection/injection/training/frequent/20161021132150/20160813142030.injection_push</local_dir><first>6313</first><last>25155</last><range pcap="attacker"><first>46361</first><offset>52674</offset><last>53009</last></range><range pcap="slave"><first>493048</first><offset>501872</offset><last>502299</last></range><range pcap="master"><first>492953</first><offset>501779</offset><last>502207</last></range></profile>