<profile><master_cap>/root/datasets/OfficialDataset/MITM/MITM/training/frequent/20161021140907/20160924103732.MITM_hijack_injection/20160924103732.MITM_hijack_injection.master.pcap</master_cap><slave_cap>/root/datasets/OfficialDataset/MITM/MITM/training/frequent/20161021140907/20160924103732.MITM_hijack_injection/20160924103732.MITM_hijack_injection.slave.pcap</slave_cap><attack_cap>/root/datasets/OfficialDataset/MITM/MITM/training/frequent/20161021140907/20160924103732.MITM_hijack_injection/20160924103732.MITM_hijack_injection.attacker.pcap</attack_cap><start>2016-09-24 10:37:32.064188</start><finish>2016-09-24 10:38:44.382377</finish><attack>MITM_hijack_injection</attack><local_dir>/root/datasets/OfficialDataset/MITM/MITM/training/frequent/20161021140907/20160924103732.MITM_hijack_injection</local_dir><first>4414</first><last>220926</last><range pcap="attacker"><first>226869</first><offset>231283</offset><last>231887</last></range><range pcap="slave"><first>932105</first><offset>1015077</offset><last>1040088</last></range><range pcap="master"><first>932128</first><offset>1015098</offset><last>1040051</last></range></profile>