<profile><master_cap>/root/datasets/OfficialDataset/MITM/MITM/training/infrequent/20161021135759/20160923092547.MITM_modification_ImmedFreezeNR/20160923092547.MITM_modification_ImmedFreezeNR.master.pcap</master_cap><slave_cap>/root/datasets/OfficialDataset/MITM/MITM/training/infrequent/20161021135759/20160923092547.MITM_modification_ImmedFreezeNR/20160923092547.MITM_modification_ImmedFreezeNR.slave.pcap</slave_cap><attack_cap>/root/datasets/OfficialDataset/MITM/MITM/training/infrequent/20161021135759/20160923092547.MITM_modification_ImmedFreezeNR/20160923092547.MITM_modification_ImmedFreezeNR.attacker.pcap</attack_cap><start>2016-09-23 09:25:47.192473</start><finish>2016-09-23 09:26:28.866518</finish><attack>MITM_modification_ImmedFreezeNR</attack><local_dir>/root/datasets/OfficialDataset/MITM/MITM/training/infrequent/20161021135759/20160923092547.MITM_modification_ImmedFreezeNR</local_dir><first>16208</first><last>62443</last><range pcap="attacker"><first>174579</first><offset>190787</offset><last>191087</last></range><range pcap="slave"><first>372680</first><offset>395398</offset><last>395645</last></range><range pcap="master"><first>372617</first><offset>395335</offset><last>395585</last></range></profile>