<profile><master_cap>/root/datasets/OfficialDataset/Flooding/flooding/training/frequent/20161021130706/20160831064236.master_flooding_freeze/20160831064236.master_flooding_freeze.master.pcap</master_cap><slave_cap>/root/datasets/OfficialDataset/Flooding/flooding/training/frequent/20161021130706/20160831064236.master_flooding_freeze/20160831064236.master_flooding_freeze.slave.pcap</slave_cap><attack_cap>/root/datasets/OfficialDataset/Flooding/flooding/training/frequent/20161021130706/20160831064236.master_flooding_freeze/20160831064236.master_flooding_freeze.attacker.pcap</attack_cap><start>2016-08-31 06:42:36.943249</start><finish>2016-08-31 06:43:41.331837</finish><attack>master_flooding_freeze</attack><local_dir>/root/datasets/OfficialDataset/Flooding/flooding/training/frequent/20161021130706/20160831064236.master_flooding_freeze</local_dir><first>4824</first><last>20452</last><range pcap="attacker"><first>255269</first><offset>260093</offset><last>260927</last></range><range pcap="slave"><first>312655</first><offset>319438</offset><last>320361</last></range><range pcap="master"><first>305524</first><offset>312293</offset><last>312610</last></range></profile>