<profile><master_cap>/root/datasets/OfficialDataset/Replay/replay/training/frequent/20161021142021/20160729094156.injection_replay_updaterAck/20160729094156.injection_replay_updaterAck.master.pcap</master_cap><slave_cap>/root/datasets/OfficialDataset/Replay/replay/training/frequent/20161021142021/20160729094156.injection_replay_updaterAck/20160729094156.injection_replay_updaterAck.slave.pcap</slave_cap><attack_cap>/root/datasets/OfficialDataset/Replay/replay/training/frequent/20161021142021/20160729094156.injection_replay_updaterAck/20160729094156.injection_replay_updaterAck.attacker.pcap</attack_cap><start>2016-07-29 09:41:56.313596</start><finish>2016-07-29 09:42:09.971599</finish><attack>injection_replay_updaterAck</attack><local_dir>/root/datasets/OfficialDataset/Replay/replay/training/frequent/20161021142021/20160729094156.injection_replay_updaterAck</local_dir><first>2443</first><last>9661</last><range pcap="attacker"><first>223557</first><offset>226000</offset><last>226053</last></range><range pcap="slave"><first>2009438</first><offset>2012822</offset><last>2013016</last></range><range pcap="master"><first>2008273</first><offset>2011657</offset><last>2011858</last></range></profile>