<AttackProcessor pcap="20161021130706.attacker"><start>2016-08-30 14:10:28.047542</start><finish>2016-08-31 13:26:09.027259</finish><local_dir>/root/datasets/OfficialDataset/Flooding/flooding/training/frequent</local_dir><first>3732</first><last>358208</last></AttackProcessor><AttackProcessor pcap="20161021130706.master"><start>2016-08-30 14:10:28.047542</start><finish>2016-08-31 13:26:09.027259</finish><local_dir>/root/datasets/OfficialDataset/Flooding/flooding/training/frequent</local_dir><first>5236</first><last>439506</last></AttackProcessor><AttackProcessor pcap="20161021130706.slave"><start>2016-08-30 14:10:28.047542</start><finish>2016-08-31 13:26:09.027259</finish><local_dir>/root/datasets/OfficialDataset/Flooding/flooding/training/frequent</local_dir><first>5236</first><last>447810</last></AttackProcessor>