<profile><master_cap>/root/datasets/OfficialDataset/Attacks/attacks/training/infrequent/20161021143435/20161004195258.master_hijacking_replay/20161004195258.master_hijacking_replay.master.pcap</master_cap><slave_cap>/root/datasets/OfficialDataset/Attacks/attacks/training/infrequent/20161021143435/20161004195258.master_hijacking_replay/20161004195258.master_hijacking_replay.slave.pcap</slave_cap><attack_cap>/root/datasets/OfficialDataset/Attacks/attacks/training/infrequent/20161021143435/20161004195258.master_hijacking_replay/20161004195258.master_hijacking_replay.attacker.pcap</attack_cap><start>2016-10-04 19:52:58.878390</start><finish>2016-10-04 19:53:55.584662</finish><attack>master_hijacking_replay</attack><local_dir>/root/datasets/OfficialDataset/Attacks/attacks/training/infrequent/20161021143435/20161004195258.master_hijacking_replay</local_dir><first>23360</first><last>89734</last><range pcap="attacker"><first>605</first><offset>23965</offset><last>24197</last></range><range pcap="slave"><first>485</first><offset>33228</offset><last>33568</last></range><range pcap="master"><first>474</first><offset>33217</offset><last>33531</last></range></profile>