<profile><master_cap>/root/datasets/OfficialDataset/Injection/injection/training/frequent/20161021132150/20160813130331.injection_WarmRestart/20160813130331.injection_WarmRestart.master.pcap</master_cap><slave_cap>/root/datasets/OfficialDataset/Injection/injection/training/frequent/20161021132150/20160813130331.injection_WarmRestart/20160813130331.injection_WarmRestart.slave.pcap</slave_cap><attack_cap>/root/datasets/OfficialDataset/Injection/injection/training/frequent/20161021132150/20160813130331.injection_WarmRestart/20160813130331.injection_WarmRestart.attacker.pcap</attack_cap><start>2016-08-13 13:03:31.206974</start><finish>2016-08-13 13:04:42.523609</finish><attack>injection_WarmRestart</attack><local_dir>/root/datasets/OfficialDataset/Injection/injection/training/frequent/20161021132150/20160813130331.injection_WarmRestart</local_dir><first>4667</first><last>141534</last><range pcap="attacker"><first>31704</first><offset>36371</offset><last>36637</last></range><range pcap="slave"><first>411181</first><offset>479100</offset><last>479483</last></range><range pcap="master"><first>411109</first><offset>479028</offset><last>479406</last></range></profile>