<profile><master_cap>/root/datasets/OfficialDataset/Attacks/attacks/training/frequent/20161021143503/20161011144016.MITM_modification_BinaryInputDataDelete/20161011144016.MITM_modification_BinaryInputDataDelete.master.pcap</master_cap><slave_cap>/root/datasets/OfficialDataset/Attacks/attacks/training/frequent/20161021143503/20161011144016.MITM_modification_BinaryInputDataDelete/20161011144016.MITM_modification_BinaryInputDataDelete.slave.pcap</slave_cap><attack_cap>/root/datasets/OfficialDataset/Attacks/attacks/training/frequent/20161021143503/20161011144016.MITM_modification_BinaryInputDataDelete/20161011144016.MITM_modification_BinaryInputDataDelete.attacker.pcap</attack_cap><start>2016-10-11 14:40:16.825201</start><finish>2016-10-11 14:41:29.940310</finish><attack>MITM_modification_BinaryInputDataDelete</attack><local_dir>/root/datasets/OfficialDataset/Attacks/attacks/training/frequent/20161021143503/20161011144016.MITM_modification_BinaryInputDataDelete</local_dir><first>5668</first><last>262796</last><range pcap="attacker"><first>276360</first><offset>282028</offset><last>282590</last></range><range pcap="slave"><first>857052</first><offset>984900</offset><last>985336</last></range><range pcap="master"><first>850599</first><offset>978427</offset><last>978879</last></range></profile>