<profile><master_cap>/root/datasets/OfficialDataset/Replay/replay/training/frequent/20161021142021/20160728233530.master_replay_flooding/20160728233530.master_replay_flooding.master.pcap</master_cap><slave_cap>/root/datasets/OfficialDataset/Replay/replay/training/frequent/20161021142021/20160728233530.master_replay_flooding/20160728233530.master_replay_flooding.slave.pcap</slave_cap><attack_cap>/root/datasets/OfficialDataset/Replay/replay/training/frequent/20161021142021/20160728233530.master_replay_flooding/20160728233530.master_replay_flooding.attacker.pcap</attack_cap><start>2016-07-28 23:35:30.570009</start><finish>2016-07-28 23:35:49.688821</finish><attack>master_replay_flooding</attack><local_dir>/root/datasets/OfficialDataset/Replay/replay/training/frequent/20161021142021/20160728233530.master_replay_flooding</local_dir><first>2909</first><last>11379</last><range pcap="attacker"><first>94957</first><offset>97866</offset><last>97968</last></range><range pcap="slave"><first>621351</first><offset>625407</offset><last>625549</last></range><range pcap="master"><first>620813</first><offset>624862</offset><last>624981</last></range></profile>