<profile><master_cap>/root/datasets/OfficialDataset/Masqurading/masquerading/training/frequent/20161021132756/20160826193257.slave_masquerading_flooding/20160826193257.slave_masquerading_flooding.master.pcap</master_cap><slave_cap>/root/datasets/OfficialDataset/Masqurading/masquerading/training/frequent/20161021132756/20160826193257.slave_masquerading_flooding/20160826193257.slave_masquerading_flooding.slave.pcap</slave_cap><attack_cap>/root/datasets/OfficialDataset/Masqurading/masquerading/training/frequent/20161021132756/20160826193257.slave_masquerading_flooding/20160826193257.slave_masquerading_flooding.attacker.pcap</attack_cap><start>2016-08-26 19:32:57.906141</start><finish>2016-08-26 19:33:29.139964</finish><attack>slave_masquerading_flooding</attack><local_dir>/root/datasets/OfficialDataset/Masqurading/masquerading/training/frequent/20161021132756/20160826193257.slave_masquerading_flooding</local_dir><first>4857</first><last>23466</last><range pcap="attacker"><first>83986</first><offset>88843</offset><last>91251</last></range><range pcap="slave"><first>110792</first><offset>117640</offset><last>117742</last></range><range pcap="master"><first>113904</first><offset>120746</offset><last>123153</last></range></profile>