<AttackProcessor pcap="20161021142021.attacker"><start>2016-07-28 15:53:03.782915</start><finish>2016-07-29 15:07:54.659639</finish><local_dir>/root/datasets/OfficialDataset/Replay/replay/training/frequent</local_dir><first>5722</first><last>301037</last></AttackProcessor><AttackProcessor pcap="20161021142021.slave"><start>2016-07-28 15:53:03.782915</start><finish>2016-07-29 15:07:54.659639</finish><local_dir>/root/datasets/OfficialDataset/Replay/replay/training/frequent</local_dir><first>8026</first><last>2412215</last></AttackProcessor><AttackProcessor pcap="20161021142021.master"><start>2016-07-28 15:53:03.782915</start><finish>2016-07-29 15:07:54.659639</finish><local_dir>/root/datasets/OfficialDataset/Replay/replay/training/frequent</local_dir><first>8024</first><last>2410395</last></AttackProcessor>