<profile><master_cap>/root/datasets/OfficialDataset/Injection/injection/training/infrequent/20161021132245/20160812231533.injection_replay/20160812231533.injection_replay.master.pcap</master_cap><slave_cap>/root/datasets/OfficialDataset/Injection/injection/training/infrequent/20161021132245/20160812231533.injection_replay/20160812231533.injection_replay.slave.pcap</slave_cap><attack_cap>/root/datasets/OfficialDataset/Injection/injection/training/infrequent/20161021132245/20160812231533.injection_replay/20160812231533.injection_replay.attacker.pcap</attack_cap><start>2016-08-12 23:15:33.835501</start><finish>2016-08-12 23:15:38.168265</finish><attack>injection_replay</attack><local_dir>/root/datasets/OfficialDataset/Injection/injection/training/infrequent/20161021132245/20160812231533.injection_replay</local_dir><first>32478</first><last>144775</last><range pcap="attacker"><first>116154</first><offset>148632</offset><last>148641</last></range><range pcap="slave"><first>327151</first><offset>383281</offset><last>383290</last></range><range pcap="master"><first>327120</first><offset>383258</offset><last>383267</last></range></profile>