<profile><master_cap>/root/datasets/OfficialDataset/Flooding/flooding/training/infrequent/20161021130632/20160829232626.master_flooding/20160829232626.master_flooding.master.pcap</master_cap><slave_cap>/root/datasets/OfficialDataset/Flooding/flooding/training/infrequent/20161021130632/20160829232626.master_flooding/20160829232626.master_flooding.slave.pcap</slave_cap><attack_cap>/root/datasets/OfficialDataset/Flooding/flooding/training/infrequent/20161021130632/20160829232626.master_flooding/20160829232626.master_flooding.attacker.pcap</attack_cap><start>2016-08-29 23:26:26.535555</start><finish>2016-08-29 23:27:39.652071</finish><attack>master_flooding</attack><local_dir>/root/datasets/OfficialDataset/Flooding/flooding/training/infrequent/20161021130632/20160829232626.master_flooding</local_dir><first>17839</first><last>76084</last><range pcap="attacker"><first>69986</first><offset>87825</offset><last>91684</last></range><range pcap="slave"><first>95600</first><offset>120617</offset><last>124589</last></range><range pcap="master"><first>97166</first><offset>122185</offset><last>122561</last></range></profile>