<profile><master_cap>/root/datasets/OfficialDataset/MITM/MITM/training/frequent/20161021140907/20160924064952.MITM_modification_ImmedFreezeNR/20160924064952.MITM_modification_ImmedFreezeNR.master.pcap</master_cap><slave_cap>/root/datasets/OfficialDataset/MITM/MITM/training/frequent/20161021140907/20160924064952.MITM_modification_ImmedFreezeNR/20160924064952.MITM_modification_ImmedFreezeNR.slave.pcap</slave_cap><attack_cap>/root/datasets/OfficialDataset/MITM/MITM/training/frequent/20161021140907/20160924064952.MITM_modification_ImmedFreezeNR/20160924064952.MITM_modification_ImmedFreezeNR.attacker.pcap</attack_cap><start>2016-09-24 06:49:52.742586</start><finish>2016-09-24 06:50:35.922016</finish><attack>MITM_modification_ImmedFreezeNR</attack><local_dir>/root/datasets/OfficialDataset/MITM/MITM/training/frequent/20161021140907/20160924064952.MITM_modification_ImmedFreezeNR</local_dir><first>3600</first><last>14575</last><range pcap="attacker"><first>178339</first><offset>181939</offset><last>182273</last></range><range pcap="slave"><first>763076</first><offset>768122</offset><last>768395</last></range><range pcap="master"><first>763068</first><offset>768110</offset><last>768388</last></range></profile>