<profile><master_cap>/root/datasets/OfficialDataset/Flooding/flooding/training/frequent/20161021130706/20160831071918.master_flooding/20160831071918.master_flooding.master.pcap</master_cap><slave_cap>/root/datasets/OfficialDataset/Flooding/flooding/training/frequent/20161021130706/20160831071918.master_flooding/20160831071918.master_flooding.slave.pcap</slave_cap><attack_cap>/root/datasets/OfficialDataset/Flooding/flooding/training/frequent/20161021130706/20160831071918.master_flooding/20160831071918.master_flooding.attacker.pcap</attack_cap><start>2016-08-31 07:19:18.715602</start><finish>2016-08-31 07:20:23.023756</finish><attack>master_flooding</attack><local_dir>/root/datasets/OfficialDataset/Flooding/flooding/training/frequent/20161021130706/20160831071918.master_flooding</local_dir><first>4796</first><last>20267</last><range pcap="attacker"><first>265220</first><offset>270016</offset><last>270815</last></range><range pcap="slave"><first>323876</first><offset>330624</offset><last>331505</last></range><range pcap="master"><first>317889</first><offset>324633</offset><last>324930</last></range></profile>