<profile><master_cap>/root/datasets/OfficialDataset/Attacks/attacks/training/frequent/20161021143503/20161011054302.slave_masquerading_ObjectSpoofCounter/20161011054302.slave_masquerading_ObjectSpoofCounter.master.pcap</master_cap><slave_cap>/root/datasets/OfficialDataset/Attacks/attacks/training/frequent/20161021143503/20161011054302.slave_masquerading_ObjectSpoofCounter/20161011054302.slave_masquerading_ObjectSpoofCounter.slave.pcap</slave_cap><attack_cap>/root/datasets/OfficialDataset/Attacks/attacks/training/frequent/20161021143503/20161011054302.slave_masquerading_ObjectSpoofCounter/20161011054302.slave_masquerading_ObjectSpoofCounter.attacker.pcap</attack_cap><start>2016-10-11 05:43:02.249682</start><finish>2016-10-11 05:44:08.362278</finish><attack>slave_masquerading_ObjectSpoofCounter</attack><local_dir>/root/datasets/OfficialDataset/Attacks/attacks/training/frequent/20161021143503/20161011054302.slave_masquerading_ObjectSpoofCounter</local_dir><first>4750</first><last>105287</last><range pcap="attacker"><first>161737</first><offset>166487</offset><last>166894</last></range><range pcap="slave"><first>378685</first><offset>428440</offset><last>428684</last></range><range pcap="master"><first>371633</first><offset>421366</offset><last>421762</last></range></profile>