<AttackProcessor pcap="20161021130632.attacker"><start>2016-08-29 16:32:09.274128</start><finish>2016-08-30 11:13:09.055202</finish><local_dir>/root/datasets/OfficialDataset/Flooding/flooding/training/infrequent</local_dir><first>33178</first><last>276525</last></AttackProcessor><AttackProcessor pcap="20161021130632.master"><start>2016-08-29 16:32:09.274128</start><finish>2016-08-30 11:13:09.055202</finish><local_dir>/root/datasets/OfficialDataset/Flooding/flooding/training/infrequent</local_dir><first>46655</first><last>378581</last></AttackProcessor><AttackProcessor pcap="20161021130632.slave"><start>2016-08-29 16:32:09.274128</start><finish>2016-08-30 11:13:09.055202</finish><local_dir>/root/datasets/OfficialDataset/Flooding/flooding/training/infrequent</local_dir><first>46658</first><last>377294</last></AttackProcessor>