<profile><master_cap>/root/datasets/OfficialDataset/Attacks/attacks/training/frequent/20161021143503/20161010175458.reconnaissance/20161010175458.reconnaissance.master.pcap</master_cap><slave_cap>/root/datasets/OfficialDataset/Attacks/attacks/training/frequent/20161021143503/20161010175458.reconnaissance/20161010175458.reconnaissance.slave.pcap</slave_cap><attack_cap>/root/datasets/OfficialDataset/Attacks/attacks/training/frequent/20161021143503/20161010175458.reconnaissance/20161010175458.reconnaissance.attacker.pcap</attack_cap><start>2016-10-10 17:54:58.056444</start><finish>2016-10-10 17:55:02.128405</finish><attack>reconnaissance</attack><local_dir>/root/datasets/OfficialDataset/Attacks/attacks/training/frequent/20161021143503/20161010175458.reconnaissance</local_dir><first>40</first><last>212</last><range pcap="attacker"><first>544</first><offset>584</offset><last>608</last></range><range pcap="slave"><first>414</first><offset>460</offset><last>493</last></range><range pcap="master"><first>415</first><offset>461</offset><last>482</last></range></profile>