<profile><master_cap>/root/datasets/OfficialDataset/Replay/replay/training/frequent/20161021142021/20160728193812.injection_replay_updaterAck/20160728193812.injection_replay_updaterAck.master.pcap</master_cap><slave_cap>/root/datasets/OfficialDataset/Replay/replay/training/frequent/20161021142021/20160728193812.injection_replay_updaterAck/20160728193812.injection_replay_updaterAck.slave.pcap</slave_cap><attack_cap>/root/datasets/OfficialDataset/Replay/replay/training/frequent/20161021142021/20160728193812.injection_replay_updaterAck/20160728193812.injection_replay_updaterAck.attacker.pcap</attack_cap><start>2016-07-28 19:38:12.934053</start><finish>2016-07-28 19:38:21.563769</finish><attack>injection_replay_updaterAck</attack><local_dir>/root/datasets/OfficialDataset/Replay/replay/training/frequent/20161021142021/20160728193812.injection_replay_updaterAck</local_dir><first>3325</first><last>13033</last><range pcap="attacker"><first>44507</first><offset>47832</offset><last>47858</last></range><range pcap="slave"><first>294697</first><offset>299365</offset><last>299539</last></range><range pcap="master"><first>294421</first><offset>299082</offset><last>299259</last></range></profile>