<profile><master_cap>/root/datasets/OfficialDataset/Injection/injection/training/frequent/20161021132150/20160814085055.injection_ColdRestart/20160814085055.injection_ColdRestart.master.pcap</master_cap><slave_cap>/root/datasets/OfficialDataset/Injection/injection/training/frequent/20161021132150/20160814085055.injection_ColdRestart/20160814085055.injection_ColdRestart.slave.pcap</slave_cap><attack_cap>/root/datasets/OfficialDataset/Injection/injection/training/frequent/20161021132150/20160814085055.injection_ColdRestart/20160814085055.injection_ColdRestart.attacker.pcap</attack_cap><start>2016-08-14 08:50:55.342559</start><finish>2016-08-14 08:52:10.736877</finish><attack>injection_ColdRestart</attack><local_dir>/root/datasets/OfficialDataset/Injection/injection/training/frequent/20161021132150/20160814085055.injection_ColdRestart</local_dir><first>5382</first><last>217761</last><range pcap="attacker"><first>277339</first><offset>282721</offset><last>283003</last></range><range pcap="slave"><first>2889007</first><offset>2994664</offset><last>2995066</last></range><range pcap="master"><first>2888587</first><offset>2994227</offset><last>2994623</last></range></profile>