<profile><master_cap>/root/datasets/OfficialDataset/Masqurading/masquerading/training/frequent/20161021132756/20160827114422.slave_masquerading_ObjectSpoofBinary/20160827114422.slave_masquerading_ObjectSpoofBinary.master.pcap</master_cap><slave_cap>/root/datasets/OfficialDataset/Masqurading/masquerading/training/frequent/20161021132756/20160827114422.slave_masquerading_ObjectSpoofBinary/20160827114422.slave_masquerading_ObjectSpoofBinary.slave.pcap</slave_cap><attack_cap>/root/datasets/OfficialDataset/Masqurading/masquerading/training/frequent/20161021132756/20160827114422.slave_masquerading_ObjectSpoofBinary/20160827114422.slave_masquerading_ObjectSpoofBinary.attacker.pcap</attack_cap><start>2016-08-27 11:44:22.147541</start><finish>2016-08-27 11:45:24.290693</finish><attack>slave_masquerading_ObjectSpoofBinary</attack><local_dir>/root/datasets/OfficialDataset/Masqurading/masquerading/training/frequent/20161021132756/20160827114422.slave_masquerading_ObjectSpoofBinary</local_dir><first>4103</first><last>16635</last><range pcap="attacker"><first>304183</first><offset>308286</offset><last>308684</last></range><range pcap="slave"><first>394631</first><offset>400384</offset><last>400619</last></range><range pcap="master"><first>411372</first><offset>417121</offset><last>417516</last></range></profile>