<profile><master_cap>/root/datasets/OfficialDataset/Masqurading/masquerading/training/frequent/20161021132756/20160827102310.slave_masquerading_ObjectSpoofCounterFuzz/20160827102310.slave_masquerading_ObjectSpoofCounterFuzz.master.pcap</master_cap><slave_cap>/root/datasets/OfficialDataset/Masqurading/masquerading/training/frequent/20161021132756/20160827102310.slave_masquerading_ObjectSpoofCounterFuzz/20160827102310.slave_masquerading_ObjectSpoofCounterFuzz.slave.pcap</slave_cap><attack_cap>/root/datasets/OfficialDataset/Masqurading/masquerading/training/frequent/20161021132756/20160827102310.slave_masquerading_ObjectSpoofCounterFuzz/20160827102310.slave_masquerading_ObjectSpoofCounterFuzz.attacker.pcap</attack_cap><start>2016-08-27 10:23:10.807846</start><finish>2016-08-27 10:23:26.287253</finish><attack>slave_masquerading_ObjectSpoofCounterFuzz</attack><local_dir>/root/datasets/OfficialDataset/Masqurading/masquerading/training/frequent/20161021132756/20160827102310.slave_masquerading_ObjectSpoofCounterFuzz</local_dir><first>4919</first><last>19184</last><range pcap="attacker"><first>285699</first><offset>290618</offset><last>290788</last></range><range pcap="slave"><first>369118</first><offset>376028</offset><last>376131</last></range><range pcap="master"><first>386358</first><offset>393262</offset><last>393438</last></range></profile>