<profile><master_cap>/root/datasets/OfficialDataset/Attacks/attacks/training/frequent/20161021143503/20161011132146.MITM_modification_BinaryInputPointInsert/20161011132146.MITM_modification_BinaryInputPointInsert.master.pcap</master_cap><slave_cap>/root/datasets/OfficialDataset/Attacks/attacks/training/frequent/20161021143503/20161011132146.MITM_modification_BinaryInputPointInsert/20161011132146.MITM_modification_BinaryInputPointInsert.slave.pcap</slave_cap><attack_cap>/root/datasets/OfficialDataset/Attacks/attacks/training/frequent/20161021143503/20161011132146.MITM_modification_BinaryInputPointInsert/20161011132146.MITM_modification_BinaryInputPointInsert.attacker.pcap</attack_cap><start>2016-10-11 13:21:46.619626</start><finish>2016-10-11 13:23:03.677942</finish><attack>MITM_modification_BinaryInputPointInsert</attack><local_dir>/root/datasets/OfficialDataset/Attacks/attacks/training/frequent/20161021143503/20161011132146.MITM_modification_BinaryInputPointInsert</local_dir><first>2507</first><last>47455</last><range pcap="attacker"><first>262853</first><offset>265360</offset><last>265971</last></range><range pcap="slave"><first>807658</first><offset>811171</offset><last>829820</last></range><range pcap="master"><first>801027</first><offset>804544</offset><last>823200</last></range></profile>