<profile><master_cap>/root/datasets/OfficialDataset/MITM/MITM/training/frequent/20161021140907/20160924044239.MITM_modification_CounterStatus/20160924044239.MITM_modification_CounterStatus.master.pcap</master_cap><slave_cap>/root/datasets/OfficialDataset/MITM/MITM/training/frequent/20161021140907/20160924044239.MITM_modification_CounterStatus/20160924044239.MITM_modification_CounterStatus.slave.pcap</slave_cap><attack_cap>/root/datasets/OfficialDataset/MITM/MITM/training/frequent/20161021140907/20160924044239.MITM_modification_CounterStatus/20160924044239.MITM_modification_CounterStatus.attacker.pcap</attack_cap><start>2016-09-24 04:42:39.114958</start><finish>2016-09-24 04:43:34.337505</finish><attack>MITM_modification_CounterStatus</attack><local_dir>/root/datasets/OfficialDataset/MITM/MITM/training/frequent/20161021140907/20160924044239.MITM_modification_CounterStatus</local_dir><first>3594</first><last>26053</last><range pcap="attacker"><first>150406</first><offset>154000</offset><last>154424</last></range><range pcap="slave"><first>613368</first><offset>618431</offset><last>624382</last></range><range pcap="master"><first>613403</first><offset>618464</offset><last>624422</last></range></profile>