<profile><master_cap>/root/datasets/OfficialDataset/Masqurading/masquerading/training/frequent/20161021132756/20160827081507.slave_masquerading_ObjectSpoofBinaryFuzz/20160827081507.slave_masquerading_ObjectSpoofBinaryFuzz.master.pcap</master_cap><slave_cap>/root/datasets/OfficialDataset/Masqurading/masquerading/training/frequent/20161021132756/20160827081507.slave_masquerading_ObjectSpoofBinaryFuzz/20160827081507.slave_masquerading_ObjectSpoofBinaryFuzz.slave.pcap</slave_cap><attack_cap>/root/datasets/OfficialDataset/Masqurading/masquerading/training/frequent/20161021132756/20160827081507.slave_masquerading_ObjectSpoofBinaryFuzz/20160827081507.slave_masquerading_ObjectSpoofBinaryFuzz.attacker.pcap</attack_cap><start>2016-08-27 08:15:07.011402</start><finish>2016-08-27 08:16:09.449712</finish><attack>slave_masquerading_ObjectSpoofBinaryFuzz</attack><local_dir>/root/datasets/OfficialDataset/Masqurading/masquerading/training/frequent/20161021132756/20160827081507.slave_masquerading_ObjectSpoofBinaryFuzz</local_dir><first>2388</first><last>10329</last><range pcap="attacker"><first>258492</first><offset>260880</offset><last>261380</last></range><range pcap="slave"><first>335568</first><offset>338930</offset><last>339152</last></range><range pcap="master"><first>350149</first><offset>353505</offset><last>354004</last></range></profile>