<profile><master_cap>/root/datasets/OfficialDataset/Replay/replay/training/frequent/20161021142021/20160728213909.injection_replay_updaterAck/20160728213909.injection_replay_updaterAck.master.pcap</master_cap><slave_cap>/root/datasets/OfficialDataset/Replay/replay/training/frequent/20161021142021/20160728213909.injection_replay_updaterAck/20160728213909.injection_replay_updaterAck.slave.pcap</slave_cap><attack_cap>/root/datasets/OfficialDataset/Replay/replay/training/frequent/20161021142021/20160728213909.injection_replay_updaterAck/20160728213909.injection_replay_updaterAck.attacker.pcap</attack_cap><start>2016-07-28 21:39:09.063285</start><finish>2016-07-28 21:39:14.415663</finish><attack>injection_replay_updaterAck</attack><local_dir>/root/datasets/OfficialDataset/Replay/replay/training/frequent/20161021142021/20160728213909.injection_replay_updaterAck</local_dir><first>5868</first><last>22654</last><range pcap="attacker"><first>67441</first><offset>73309</offset><last>73326</last></range><range pcap="slave"><first>327948</first><offset>336128</offset><last>336334</last></range><range pcap="master"><first>327507</first><offset>335679</offset><last>335888</last></range></profile>