<profile><master_cap>/root/datasets/OfficialDataset/Replay/replay/training/frequent/20161021142021/20160728165730.master_replay/20160728165730.master_replay.master.pcap</master_cap><slave_cap>/root/datasets/OfficialDataset/Replay/replay/training/frequent/20161021142021/20160728165730.master_replay/20160728165730.master_replay.slave.pcap</slave_cap><attack_cap>/root/datasets/OfficialDataset/Replay/replay/training/frequent/20161021142021/20160728165730.master_replay/20160728165730.master_replay.attacker.pcap</attack_cap><start>2016-07-28 16:57:30.304301</start><finish>2016-07-28 16:58:20.192220</finish><attack>master_replay</attack><local_dir>/root/datasets/OfficialDataset/Replay/replay/training/frequent/20161021142021/20160728165730.master_replay</local_dir><first>4509</first><last>106368</last><range pcap="attacker"><first>9679</first><offset>14188</offset><last>14415</last></range><range pcap="slave"><first>13335</first><offset>63877</offset><last>64179</last></range><range pcap="master"><first>13249</first><offset>63791</offset><last>64035</last></range></profile>