<profile><master_cap>/root/datasets/OfficialDataset/Masqurading/masquerading/training/frequent/20161021132756/20160827004331.slave_masquerading_ObjectSpoofBinaryFuzz/20160827004331.slave_masquerading_ObjectSpoofBinaryFuzz.master.pcap</master_cap><slave_cap>/root/datasets/OfficialDataset/Masqurading/masquerading/training/frequent/20161021132756/20160827004331.slave_masquerading_ObjectSpoofBinaryFuzz/20160827004331.slave_masquerading_ObjectSpoofBinaryFuzz.slave.pcap</slave_cap><attack_cap>/root/datasets/OfficialDataset/Masqurading/masquerading/training/frequent/20161021132756/20160827004331.slave_masquerading_ObjectSpoofBinaryFuzz/20160827004331.slave_masquerading_ObjectSpoofBinaryFuzz.attacker.pcap</attack_cap><start>2016-08-27 00:43:31.252466</start><finish>2016-08-27 00:43:49.703148</finish><attack>slave_masquerading_ObjectSpoofBinaryFuzz</attack><local_dir>/root/datasets/OfficialDataset/Masqurading/masquerading/training/frequent/20161021132756/20160827004331.slave_masquerading_ObjectSpoofBinaryFuzz</local_dir><first>4130</first><last>16064</last><range pcap="attacker"><first>153890</first><offset>158020</offset><last>158203</last></range><range pcap="slave"><first>202271</first><offset>207993</offset><last>208092</last></range><range pcap="master"><first>208910</first><offset>214650</offset><last>214838</last></range></profile>