<profile><master_cap>/root/datasets/OfficialDataset/Injection/injection/training/frequent/20161021132150/20160814015719.injection_WarmRestart/20160814015719.injection_WarmRestart.master.pcap</master_cap><slave_cap>/root/datasets/OfficialDataset/Injection/injection/training/frequent/20161021132150/20160814015719.injection_WarmRestart/20160814015719.injection_WarmRestart.slave.pcap</slave_cap><attack_cap>/root/datasets/OfficialDataset/Injection/injection/training/frequent/20161021132150/20160814015719.injection_WarmRestart/20160814015719.injection_WarmRestart.attacker.pcap</attack_cap><start>2016-08-14 01:57:19.128930</start><finish>2016-08-14 01:58:39.391614</finish><attack>injection_WarmRestart</attack><local_dir>/root/datasets/OfficialDataset/Injection/injection/training/frequent/20161021132150/20160814015719.injection_WarmRestart</local_dir><first>6198</first><last>24654</last><range pcap="attacker"><first>191059</first><offset>197257</offset><last>197553</last></range><range pcap="slave"><first>2105850</first><offset>2114514</offset><last>2114933</last></range><range pcap="master"><first>2105562</first><offset>2114226</offset><last>2114637</last></range></profile>