<profile><master_cap>/root/datasets/OfficialDataset/Flooding/flooding/training/frequent/20161021130706/20160830175529.master_flooding_time/20160830175529.master_flooding_time.master.pcap</master_cap><slave_cap>/root/datasets/OfficialDataset/Flooding/flooding/training/frequent/20161021130706/20160830175529.master_flooding_time/20160830175529.master_flooding_time.slave.pcap</slave_cap><attack_cap>/root/datasets/OfficialDataset/Flooding/flooding/training/frequent/20161021130706/20160830175529.master_flooding_time/20160830175529.master_flooding_time.attacker.pcap</attack_cap><start>2016-08-30 17:55:29.357774</start><finish>2016-08-30 17:56:42.431260</finish><attack>master_flooding_time</attack><local_dir>/root/datasets/OfficialDataset/Flooding/flooding/training/frequent/20161021130706/20160830175529.master_flooding_time</local_dir><first>4884</first><last>20714</last><range pcap="attacker"><first>50273</first><offset>55157</offset><last>55966</last></range><range pcap="slave"><first>62548</first><offset>69412</offset><last>70336</last></range><range pcap="master"><first>63279</first><offset>70139</offset><last>70510</last></range></profile>