<profile><master_cap>/root/datasets/OfficialDataset/Masqurading/masquerading/training/frequent/20161021132756/20160827082902.slave_masquerading_ObjectSpoofBinaryFuzz/20160827082902.slave_masquerading_ObjectSpoofBinaryFuzz.master.pcap</master_cap><slave_cap>/root/datasets/OfficialDataset/Masqurading/masquerading/training/frequent/20161021132756/20160827082902.slave_masquerading_ObjectSpoofBinaryFuzz/20160827082902.slave_masquerading_ObjectSpoofBinaryFuzz.slave.pcap</slave_cap><attack_cap>/root/datasets/OfficialDataset/Masqurading/masquerading/training/frequent/20161021132756/20160827082902.slave_masquerading_ObjectSpoofBinaryFuzz/20160827082902.slave_masquerading_ObjectSpoofBinaryFuzz.attacker.pcap</attack_cap><start>2016-08-27 08:29:02.527024</start><finish>2016-08-27 08:29:29.103575</finish><attack>slave_masquerading_ObjectSpoofBinaryFuzz</attack><local_dir>/root/datasets/OfficialDataset/Masqurading/masquerading/training/frequent/20161021132756/20160827082902.slave_masquerading_ObjectSpoofBinaryFuzz</local_dir><first>2723</first><last>10831</last><range pcap="attacker"><first>261381</first><offset>264104</offset><last>264331</last></range><range pcap="slave"><first>339153</first><offset>342916</offset><last>343038</last></range><range pcap="master"><first>354005</first><offset>357765</offset><last>357999</last></range></profile>