<profile><master_cap>/root/datasets/OfficialDataset/Replay/replay/training/infrequent/20161021141910/20160727182128.reconnaissance/20160727182128.reconnaissance.master.pcap</master_cap><slave_cap>/root/datasets/OfficialDataset/Replay/replay/training/infrequent/20161021141910/20160727182128.reconnaissance/20160727182128.reconnaissance.slave.pcap</slave_cap><attack_cap>/root/datasets/OfficialDataset/Replay/replay/training/infrequent/20161021141910/20160727182128.reconnaissance/20160727182128.reconnaissance.attacker.pcap</attack_cap><start>2016-07-27 18:21:28.762310</start><finish>2016-07-27 18:21:32.818729</finish><attack>reconnaissance</attack><local_dir>/root/datasets/OfficialDataset/Replay/replay/training/infrequent/20161021141910/20160727182128.reconnaissance</local_dir><first>30</first><last>177</last><range pcap="attacker"><first>553</first><offset>583</offset><last>606</last></range><range pcap="slave"><first>413</first><offset>446</offset><last>480</last></range><range pcap="master"><first>414</first><offset>447</offset><last>469</last></range></profile>