<profile><master_cap>/root/datasets/OfficialDataset/Flooding/flooding/training/frequent/20161021130706/20160830223528.master_flooding_freeze/20160830223528.master_flooding_freeze.master.pcap</master_cap><slave_cap>/root/datasets/OfficialDataset/Flooding/flooding/training/frequent/20161021130706/20160830223528.master_flooding_freeze/20160830223528.master_flooding_freeze.slave.pcap</slave_cap><attack_cap>/root/datasets/OfficialDataset/Flooding/flooding/training/frequent/20161021130706/20160830223528.master_flooding_freeze/20160830223528.master_flooding_freeze.attacker.pcap</attack_cap><start>2016-08-30 22:35:28.579557</start><finish>2016-08-30 22:36:32.737515</finish><attack>master_flooding_freeze</attack><local_dir>/root/datasets/OfficialDataset/Flooding/flooding/training/frequent/20161021130706/20160830223528.master_flooding_freeze</local_dir><first>3633</first><last>15826</last><range pcap="attacker"><first>118604</first><offset>122237</offset><last>123031</last></range><range pcap="slave"><first>150030</first><offset>155142</offset><last>156024</last></range><range pcap="master"><first>151284</first><offset>156399</offset><last>156687</last></range></profile>