<profile><master_cap>/root/datasets/OfficialDataset/Flooding/flooding/training/frequent/20161021130706/20160831061858.slave_masquerading_flooding/20160831061858.slave_masquerading_flooding.master.pcap</master_cap><slave_cap>/root/datasets/OfficialDataset/Flooding/flooding/training/frequent/20161021130706/20160831061858.slave_masquerading_flooding/20160831061858.slave_masquerading_flooding.slave.pcap</slave_cap><attack_cap>/root/datasets/OfficialDataset/Flooding/flooding/training/frequent/20161021130706/20160831061858.slave_masquerading_flooding/20160831061858.slave_masquerading_flooding.attacker.pcap</attack_cap><start>2016-08-31 06:18:58.409952</start><finish>2016-08-31 06:19:27.827553</finish><attack>slave_masquerading_flooding</attack><local_dir>/root/datasets/OfficialDataset/Flooding/flooding/training/frequent/20161021130706/20160831061858.slave_masquerading_flooding</local_dir><first>2838</first><last>14756</last><range pcap="attacker"><first>250503</first><offset>253341</offset><last>255268</last></range><range pcap="slave"><first>308571</first><offset>312551</offset><last>312654</last></range><range pcap="master"><first>299617</first><offset>303597</offset><last>305523</last></range></profile>