<profile><master_cap>/root/datasets/OfficialDataset/Masqurading/masquerading/training/frequent/20161021132756/20160826155743.slave_masquerading_flooding/20160826155743.slave_masquerading_flooding.master.pcap</master_cap><slave_cap>/root/datasets/OfficialDataset/Masqurading/masquerading/training/frequent/20161021132756/20160826155743.slave_masquerading_flooding/20160826155743.slave_masquerading_flooding.slave.pcap</slave_cap><attack_cap>/root/datasets/OfficialDataset/Masqurading/masquerading/training/frequent/20161021132756/20160826155743.slave_masquerading_flooding/20160826155743.slave_masquerading_flooding.attacker.pcap</attack_cap><start>2016-08-26 15:57:43.460648</start><finish>2016-08-26 15:58:13.457054</finish><attack>slave_masquerading_flooding</attack><local_dir>/root/datasets/OfficialDataset/Masqurading/masquerading/training/frequent/20161021132756/20160826155743.slave_masquerading_flooding</local_dir><first>4092</first><last>20290</last><range pcap="attacker"><first>36827</first><offset>40919</offset><last>43196</last></range><range pcap="slave"><first>49575</first><offset>55328</offset><last>55462</last></range><range pcap="master"><first>49734</first><offset>55488</offset><last>57766</last></range></profile>