<profile><master_cap>/root/datasets/OfficialDataset/Masqurading/masquerading/training/frequent/20161021132756/20160826133732.slave_masquerading_ObjectSpoofCounter/20160826133732.slave_masquerading_ObjectSpoofCounter.master.pcap</master_cap><slave_cap>/root/datasets/OfficialDataset/Masqurading/masquerading/training/frequent/20161021132756/20160826133732.slave_masquerading_ObjectSpoofCounter/20160826133732.slave_masquerading_ObjectSpoofCounter.slave.pcap</slave_cap><attack_cap>/root/datasets/OfficialDataset/Masqurading/masquerading/training/frequent/20161021132756/20160826133732.slave_masquerading_ObjectSpoofCounter/20160826133732.slave_masquerading_ObjectSpoofCounter.attacker.pcap</attack_cap><start>2016-08-26 13:37:32.972626</start><finish>2016-08-26 13:38:12.323269</finish><attack>slave_masquerading_ObjectSpoofCounter</attack><local_dir>/root/datasets/OfficialDataset/Masqurading/masquerading/training/frequent/20161021132756/20160826133732.slave_masquerading_ObjectSpoofCounter</local_dir><first>3865</first><last>15427</last><range pcap="attacker"><first>6456</first><offset>10321</offset><last>10579</last></range><range pcap="slave"><first>8384</first><offset>13813</offset><last>13984</last></range><range pcap="master"><first>8549</first><offset>13980</offset><last>14251</last></range></profile>