<profile><master_cap>/root/datasets/OfficialDataset/Attacks/attacks/training/frequent/20161021143503/20161011171043.injection_push/20161011171043.injection_push.master.pcap</master_cap><slave_cap>/root/datasets/OfficialDataset/Attacks/attacks/training/frequent/20161021143503/20161011171043.injection_push/20161011171043.injection_push.slave.pcap</slave_cap><attack_cap>/root/datasets/OfficialDataset/Attacks/attacks/training/frequent/20161021143503/20161011171043.injection_push/20161011171043.injection_push.attacker.pcap</attack_cap><start>2016-10-11 17:10:43.446152</start><finish>2016-10-11 17:11:10.080738</finish><attack>injection_push</attack><local_dir>/root/datasets/OfficialDataset/Attacks/attacks/training/frequent/20161021143503/20161011171043.injection_push</local_dir><first>6033</first><last>23521</last><range pcap="attacker"><first>309313</first><offset>315346</offset><last>315459</last></range><range pcap="slave"><first>1080076</first><offset>1088484</offset><last>1088758</last></range><range pcap="master"><first>1072409</first><offset>1080819</offset><last>1081100</last></range></profile>