<profile><master_cap>/root/datasets/OfficialDataset/Injection/injection/training/frequent/20161021132150/20160814062735.injection_replay/20160814062735.injection_replay.master.pcap</master_cap><slave_cap>/root/datasets/OfficialDataset/Injection/injection/training/frequent/20161021132150/20160814062735.injection_replay/20160814062735.injection_replay.slave.pcap</slave_cap><attack_cap>/root/datasets/OfficialDataset/Injection/injection/training/frequent/20161021132150/20160814062735.injection_replay/20160814062735.injection_replay.attacker.pcap</attack_cap><start>2016-08-14 06:27:35.399299</start><finish>2016-08-14 06:27:39.826971</finish><attack>injection_replay</attack><local_dir>/root/datasets/OfficialDataset/Injection/injection/training/frequent/20161021132150/20160814062735.injection_replay</local_dir><first>2174</first><last>8316</last><range pcap="attacker"><first>250975</first><offset>253149</offset><last>253173</last></range><range pcap="slave"><first>2653004</first><offset>2656031</offset><last>2656063</last></range><range pcap="master"><first>2652618</first><offset>2655639</offset><last>2655675</last></range></profile>