<profile><master_cap>/root/datasets/OfficialDataset/Flooding/flooding/training/frequent/20161021130706/20160830141040.reconnaissance/20160830141040.reconnaissance.master.pcap</master_cap><slave_cap>/root/datasets/OfficialDataset/Flooding/flooding/training/frequent/20161021130706/20160830141040.reconnaissance/20160830141040.reconnaissance.slave.pcap</slave_cap><attack_cap>/root/datasets/OfficialDataset/Flooding/flooding/training/frequent/20161021130706/20160830141040.reconnaissance/20160830141040.reconnaissance.attacker.pcap</attack_cap><start>2016-08-30 14:10:40.927229</start><finish>2016-08-30 14:10:45.079547</finish><attack>reconnaissance</attack><local_dir>/root/datasets/OfficialDataset/Flooding/flooding/training/frequent/20161021130706/20160830141040.reconnaissance</local_dir><first>37</first><last>210</last><range pcap="attacker"><first>540</first><offset>577</offset><last>600</last></range><range pcap="slave"><first>395</first><offset>448</offset><last>475</last></range><range pcap="master"><first>395</first><offset>450</offset><last>463</last></range></profile>