<profile><master_cap>/root/datasets/OfficialDataset/Attacks/attacks/training/frequent/20161021143503/20161011043126.slave_masquerading_flooding/20161011043126.slave_masquerading_flooding.master.pcap</master_cap><slave_cap>/root/datasets/OfficialDataset/Attacks/attacks/training/frequent/20161021143503/20161011043126.slave_masquerading_flooding/20161011043126.slave_masquerading_flooding.slave.pcap</slave_cap><attack_cap>/root/datasets/OfficialDataset/Attacks/attacks/training/frequent/20161021143503/20161011043126.slave_masquerading_flooding/20161011043126.slave_masquerading_flooding.attacker.pcap</attack_cap><start>2016-10-11 04:31:26.492648</start><finish>2016-10-11 04:31:40.324744</finish><attack>slave_masquerading_flooding</attack><local_dir>/root/datasets/OfficialDataset/Attacks/attacks/training/frequent/20161021143503/20161011043126.slave_masquerading_flooding</local_dir><first>4908</first><last>20347</last><range pcap="attacker"><first>145036</first><offset>149944</offset><last>150726</last></range><range pcap="slave"><first>341879</first><offset>348775</offset><last>348850</last></range><range pcap="master"><first>334712</first><offset>341606</offset><last>342396</last></range></profile>