<profile><master_cap>/root/datasets/OfficialDataset/Attacks/attacks/training/frequent/20161021143503/20161011160204.master_flooding/20161011160204.master_flooding.master.pcap</master_cap><slave_cap>/root/datasets/OfficialDataset/Attacks/attacks/training/frequent/20161021143503/20161011160204.master_flooding/20161011160204.master_flooding.slave.pcap</slave_cap><attack_cap>/root/datasets/OfficialDataset/Attacks/attacks/training/frequent/20161021143503/20161011160204.master_flooding/20161011160204.master_flooding.attacker.pcap</attack_cap><start>2016-10-11 16:02:04.738933</start><finish>2016-10-11 16:03:17.896315</finish><attack>master_flooding</attack><local_dir>/root/datasets/OfficialDataset/Attacks/attacks/training/frequent/20161021143503/20161011160204.master_flooding</local_dir><first>4737</first><last>20205</last><range pcap="attacker"><first>295367</first><offset>300104</offset><last>300933</last></range><range pcap="slave"><first>1002680</first><offset>1009361</offset><last>1010295</last></range><range pcap="master"><first>995642</first><offset>1002323</offset><last>1002664</last></range></profile>