<profile><master_cap>/root/datasets/OfficialDataset/MITM/MITM/training/frequent/20161021140907/20160924124819.MITM_modification_BinaryInputPointDelete/20160924124819.MITM_modification_BinaryInputPointDelete.master.pcap</master_cap><slave_cap>/root/datasets/OfficialDataset/MITM/MITM/training/frequent/20161021140907/20160924124819.MITM_modification_BinaryInputPointDelete/20160924124819.MITM_modification_BinaryInputPointDelete.slave.pcap</slave_cap><attack_cap>/root/datasets/OfficialDataset/MITM/MITM/training/frequent/20161021140907/20160924124819.MITM_modification_BinaryInputPointDelete/20160924124819.MITM_modification_BinaryInputPointDelete.attacker.pcap</attack_cap><start>2016-09-24 12:48:19.118982</start><finish>2016-09-24 12:49:07.732970</finish><attack>MITM_modification_BinaryInputPointDelete</attack><local_dir>/root/datasets/OfficialDataset/MITM/MITM/training/frequent/20161021140907/20160924124819.MITM_modification_BinaryInputPointDelete</local_dir><first>2111</first><last>25788</last><range pcap="attacker"><first>258266</first><offset>260377</offset><last>260762</last></range><range pcap="slave"><first>1328445</first><offset>1331381</offset><last>1340083</last></range><range pcap="master"><first>1328299</first><offset>1331235</offset><last>1339951</last></range></profile>