<profile><master_cap>/root/datasets/OfficialDataset/Flooding/flooding/training/frequent/20161021130706/20160830215921.master_flooding_freeze/20160830215921.master_flooding_freeze.master.pcap</master_cap><slave_cap>/root/datasets/OfficialDataset/Flooding/flooding/training/frequent/20161021130706/20160830215921.master_flooding_freeze/20160830215921.master_flooding_freeze.slave.pcap</slave_cap><attack_cap>/root/datasets/OfficialDataset/Flooding/flooding/training/frequent/20161021130706/20160830215921.master_flooding_freeze/20160830215921.master_flooding_freeze.attacker.pcap</attack_cap><start>2016-08-30 21:59:21.207574</start><finish>2016-08-30 22:00:25.381342</finish><attack>master_flooding_freeze</attack><local_dir>/root/datasets/OfficialDataset/Flooding/flooding/training/frequent/20161021130706/20160830215921.master_flooding_freeze</local_dir><first>5884</first><last>24461</last><range pcap="attacker"><first>106065</first><offset>111949</offset><last>112790</last></range><range pcap="slave"><first>135861</first><offset>144090</offset><last>145033</last></range><range pcap="master"><first>135484</first><offset>143703</offset><last>144046</last></range></profile>