<profile><master_cap>/root/datasets/OfficialDataset/Attacks/attacks/training/frequent/20161021143503/20161011062958.slave_masquerading_ObjectSpoofCounterFuzz/20161011062958.slave_masquerading_ObjectSpoofCounterFuzz.master.pcap</master_cap><slave_cap>/root/datasets/OfficialDataset/Attacks/attacks/training/frequent/20161021143503/20161011062958.slave_masquerading_ObjectSpoofCounterFuzz/20161011062958.slave_masquerading_ObjectSpoofCounterFuzz.slave.pcap</slave_cap><attack_cap>/root/datasets/OfficialDataset/Attacks/attacks/training/frequent/20161021143503/20161011062958.slave_masquerading_ObjectSpoofCounterFuzz/20161011062958.slave_masquerading_ObjectSpoofCounterFuzz.attacker.pcap</attack_cap><start>2016-10-11 06:29:58.812865</start><finish>2016-10-11 06:31:00.941273</finish><attack>slave_masquerading_ObjectSpoofCounterFuzz</attack><local_dir>/root/datasets/OfficialDataset/Attacks/attacks/training/frequent/20161021143503/20161011062958.slave_masquerading_ObjectSpoofCounterFuzz</local_dir><first>3601</first><last>14863</last><range pcap="attacker"><first>172980</first><offset>176581</offset><last>177086</last></range><range pcap="slave"><first>436966</first><offset>441990</offset><last>442202</last></range><range pcap="master"><first>430125</first><offset>435149</offset><last>435644</last></range></profile>