<profile><master_cap>/root/datasets/OfficialDataset/Injection/injection/training/infrequent/20161021132245/20160812203924.injection_replay/20160812203924.injection_replay.master.pcap</master_cap><slave_cap>/root/datasets/OfficialDataset/Injection/injection/training/infrequent/20161021132245/20160812203924.injection_replay/20160812203924.injection_replay.slave.pcap</slave_cap><attack_cap>/root/datasets/OfficialDataset/Injection/injection/training/infrequent/20161021132245/20160812203924.injection_replay/20160812203924.injection_replay.attacker.pcap</attack_cap><start>2016-08-12 20:39:24.331977</start><finish>2016-08-12 20:39:28.732729</finish><attack>injection_replay</attack><local_dir>/root/datasets/OfficialDataset/Injection/injection/training/infrequent/20161021132245/20160812203924.injection_replay</local_dir><first>26478</first><last>228906</last><range pcap="attacker"><first>89646</first><offset>116124</offset><last>116153</last></range><range pcap="slave"><first>225961</first><offset>327117</offset><last>327150</last></range><range pcap="master"><first>225911</first><offset>327086</offset><last>327119</last></range></profile>