<profile><master_cap>/root/datasets/OfficialDataset/Injection/injection/training/frequent/20161021132150/20160814005958.injection_FreezeObj/20160814005958.injection_FreezeObj.master.pcap</master_cap><slave_cap>/root/datasets/OfficialDataset/Injection/injection/training/frequent/20161021132150/20160814005958.injection_FreezeObj/20160814005958.injection_FreezeObj.slave.pcap</slave_cap><attack_cap>/root/datasets/OfficialDataset/Injection/injection/training/frequent/20161021132150/20160814005958.injection_FreezeObj/20160814005958.injection_FreezeObj.attacker.pcap</attack_cap><start>2016-08-14 00:59:58.013105</start><finish>2016-08-14 01:00:22.927672</finish><attack>injection_FreezeObj</attack><local_dir>/root/datasets/OfficialDataset/Injection/injection/training/frequent/20161021132150/20160814005958.injection_FreezeObj</local_dir><first>5242</first><last>20838</last><range pcap="attacker"><first>180054</first><offset>185296</offset><last>185407</last></range><range pcap="slave"><first>2058665</first><offset>2065993</offset><last>2066411</last></range><range pcap="master"><first>2058378</first><offset>2065704</offset><last>2066115</last></range></profile>