<profile><master_cap>/root/datasets/OfficialDataset/Replay/replay/training/frequent/20161021142021/20160729024206.injection_replay_updaterAck/20160729024206.injection_replay_updaterAck.master.pcap</master_cap><slave_cap>/root/datasets/OfficialDataset/Replay/replay/training/frequent/20161021142021/20160729024206.injection_replay_updaterAck/20160729024206.injection_replay_updaterAck.slave.pcap</slave_cap><attack_cap>/root/datasets/OfficialDataset/Replay/replay/training/frequent/20161021142021/20160729024206.injection_replay_updaterAck/20160729024206.injection_replay_updaterAck.attacker.pcap</attack_cap><start>2016-07-29 02:42:06.745399</start><finish>2016-07-29 02:42:14.879619</finish><attack>injection_replay_updaterAck</attack><local_dir>/root/datasets/OfficialDataset/Replay/replay/training/frequent/20161021142021/20160729024206.injection_replay_updaterAck</local_dir><first>2803</first><last>11020</last><range pcap="attacker"><first>134871</first><offset>137674</offset><last>137697</last></range><range pcap="slave"><first>879232</first><offset>883184</offset><last>883327</last></range><range pcap="master"><first>878491</first><offset>882441</offset><last>882588</last></range></profile>