<profile><master_cap>/root/datasets/OfficialDataset/Masqurading/masquerading/training/infrequent/20161021132730/20160825215449.slave_masquerading_ObjectSpoofBinary/20160825215449.slave_masquerading_ObjectSpoofBinary.master.pcap</master_cap><slave_cap>/root/datasets/OfficialDataset/Masqurading/masquerading/training/infrequent/20161021132730/20160825215449.slave_masquerading_ObjectSpoofBinary/20160825215449.slave_masquerading_ObjectSpoofBinary.slave.pcap</slave_cap><attack_cap>/root/datasets/OfficialDataset/Masqurading/masquerading/training/infrequent/20161021132730/20160825215449.slave_masquerading_ObjectSpoofBinary/20160825215449.slave_masquerading_ObjectSpoofBinary.attacker.pcap</attack_cap><start>2016-08-25 21:54:49.395840</start><finish>2016-08-25 21:55:33.515559</finish><attack>slave_masquerading_ObjectSpoofBinary</attack><local_dir>/root/datasets/OfficialDataset/Masqurading/masquerading/training/infrequent/20161021132730/20160825215449.slave_masquerading_ObjectSpoofBinary</local_dir><first>26019</first><last>99367</last><range pcap="attacker"><first>71606</first><offset>97625</offset><last>97908</last></range><range pcap="slave"><first>95395</first><offset>131688</offset><last>131872</last></range><range pcap="master"><first>98334</first><offset>134623</offset><last>134920</last></range></profile>