<AttackProcessor pcap="20161021143435.attacker"><start>2016-10-04 18:00:34.321650</start><finish>2016-10-05 14:18:09.159563</finish><local_dir>/root/datasets/OfficialDataset/Attacks/attacks/training/infrequent</local_dir><first>20157</first><last>277496</last></AttackProcessor><AttackProcessor pcap="20161021143435.master"><start>2016-10-04 18:00:34.321650</start><finish>2016-10-05 14:18:09.159563</finish><local_dir>/root/datasets/OfficialDataset/Attacks/attacks/training/infrequent</local_dir><first>35976</first><last>418112</last></AttackProcessor><AttackProcessor pcap="20161021143435.slave"><start>2016-10-04 18:00:34.321650</start><finish>2016-10-05 14:18:09.159563</finish><local_dir>/root/datasets/OfficialDataset/Attacks/attacks/training/infrequent</local_dir><first>35847</first><last>416006</last></AttackProcessor>