<profile><master_cap>/root/datasets/OfficialDataset/Masqurading/masquerading/training/infrequent/20161021132730/20160825142616.reconnaissance/20160825142616.reconnaissance.master.pcap</master_cap><slave_cap>/root/datasets/OfficialDataset/Masqurading/masquerading/training/infrequent/20161021132730/20160825142616.reconnaissance/20160825142616.reconnaissance.slave.pcap</slave_cap><attack_cap>/root/datasets/OfficialDataset/Masqurading/masquerading/training/infrequent/20161021132730/20160825142616.reconnaissance/20160825142616.reconnaissance.attacker.pcap</attack_cap><start>2016-08-25 14:26:16.048800</start><finish>2016-08-25 14:26:20.219529</finish><attack>reconnaissance</attack><local_dir>/root/datasets/OfficialDataset/Masqurading/masquerading/training/infrequent/20161021132730/20160825142616.reconnaissance</local_dir><first>38</first><last>215</last><range pcap="attacker"><first>555</first><offset>593</offset><last>616</last></range><range pcap="slave"><first>413</first><offset>459</offset><last>496</last></range><range pcap="master"><first>414</first><offset>460</offset><last>483</last></range></profile>