<profile><master_cap>/root/datasets/OfficialDataset/Masqurading/masquerading/training/frequent/20161021132756/20160826221918.slave_masquerading/20160826221918.slave_masquerading.master.pcap</master_cap><slave_cap>/root/datasets/OfficialDataset/Masqurading/masquerading/training/frequent/20161021132756/20160826221918.slave_masquerading/20160826221918.slave_masquerading.slave.pcap</slave_cap><attack_cap>/root/datasets/OfficialDataset/Masqurading/masquerading/training/frequent/20161021132756/20160826221918.slave_masquerading/20160826221918.slave_masquerading.attacker.pcap</attack_cap><start>2016-08-26 22:19:18.696361</start><finish>2016-08-26 22:19:49.059581</finish><attack>slave_masquerading</attack><local_dir>/root/datasets/OfficialDataset/Masqurading/masquerading/training/frequent/20161021132756/20160826221918.slave_masquerading</local_dir><first>4893</first><last>19044</last><range pcap="attacker"><first>121979</first><offset>126872</offset><last>127062</last></range><range pcap="slave"><first>159701</first><offset>166514</offset><last>166643</last></range><range pcap="master"><first>165168</first><offset>171976</offset><last>172185</last></range></profile>