<profile><master_cap>/root/datasets/OfficialDataset/MITM/MITM/training/frequent/20161021140907/20160924083229.MITM_hijack_injection/20160924083229.MITM_hijack_injection.master.pcap</master_cap><slave_cap>/root/datasets/OfficialDataset/MITM/MITM/training/frequent/20161021140907/20160924083229.MITM_hijack_injection/20160924083229.MITM_hijack_injection.slave.pcap</slave_cap><attack_cap>/root/datasets/OfficialDataset/MITM/MITM/training/frequent/20161021140907/20160924083229.MITM_hijack_injection/20160924083229.MITM_hijack_injection.attacker.pcap</attack_cap><start>2016-09-24 08:32:29.337982</start><finish>2016-09-24 08:33:43.542263</finish><attack>MITM_hijack_injection</attack><local_dir>/root/datasets/OfficialDataset/MITM/MITM/training/frequent/20161021140907/20160924083229.MITM_hijack_injection</local_dir><first>5723</first><last>85849</last><range pcap="attacker"><first>198074</first><offset>203797</offset><last>204399</last></range><range pcap="slave"><first>789940</first><offset>797996</offset><last>829713</last></range><range pcap="master"><first>789949</first><offset>798003</offset><last>829698</last></range></profile>