<profile><master_cap>/root/datasets/OfficialDataset/MITM/MITM/training/frequent/20161021140907/20160924041058.MITM_modification_BinaryStatus/20160924041058.MITM_modification_BinaryStatus.master.pcap</master_cap><slave_cap>/root/datasets/OfficialDataset/MITM/MITM/training/frequent/20161021140907/20160924041058.MITM_modification_BinaryStatus/20160924041058.MITM_modification_BinaryStatus.slave.pcap</slave_cap><attack_cap>/root/datasets/OfficialDataset/MITM/MITM/training/frequent/20161021140907/20160924041058.MITM_modification_BinaryStatus/20160924041058.MITM_modification_BinaryStatus.attacker.pcap</attack_cap><start>2016-09-24 04:10:58.722504</start><finish>2016-09-24 04:11:44.480337</finish><attack>MITM_modification_BinaryStatus</attack><local_dir>/root/datasets/OfficialDataset/MITM/MITM/training/frequent/20161021140907/20160924041058.MITM_modification_BinaryStatus</local_dir><first>5573</first><last>183664</last><range pcap="attacker"><first>141493</first><offset>147066</offset><last>147445</last></range><range pcap="slave"><first>520590</first><offset>609169</offset><last>609450</last></range><range pcap="master"><first>520623</first><offset>609184</offset><last>609473</last></range></profile>