<profile><master_cap>/root/datasets/OfficialDataset/Attacks/attacks/training/infrequent/20161021143435/20161004180046.reconnaissance/20161004180046.reconnaissance.master.pcap</master_cap><slave_cap>/root/datasets/OfficialDataset/Attacks/attacks/training/infrequent/20161021143435/20161004180046.reconnaissance/20161004180046.reconnaissance.slave.pcap</slave_cap><attack_cap>/root/datasets/OfficialDataset/Attacks/attacks/training/infrequent/20161021143435/20161004180046.reconnaissance/20161004180046.reconnaissance.attacker.pcap</attack_cap><start>2016-10-04 18:00:46.737130</start><finish>2016-10-04 18:00:50.798518</finish><attack>reconnaissance</attack><local_dir>/root/datasets/OfficialDataset/Attacks/attacks/training/infrequent/20161021143435/20161004180046.reconnaissance</local_dir><first>28</first><last>210</last><range pcap="attacker"><first>542</first><offset>570</offset><last>604</last></range><range pcap="slave"><first>406</first><offset>438</offset><last>484</last></range><range pcap="master"><first>405</first><offset>437</offset><last>473</last></range></profile>