<profile><master_cap>/root/datasets/OfficialDataset/Replay/replay/training/frequent/20161021142021/20160729095545.master_replay/20160729095545.master_replay.master.pcap</master_cap><slave_cap>/root/datasets/OfficialDataset/Replay/replay/training/frequent/20161021142021/20160729095545.master_replay/20160729095545.master_replay.slave.pcap</slave_cap><attack_cap>/root/datasets/OfficialDataset/Replay/replay/training/frequent/20161021142021/20160729095545.master_replay/20160729095545.master_replay.attacker.pcap</attack_cap><start>2016-07-29 09:55:45.863974</start><finish>2016-07-29 09:56:35.771063</finish><attack>master_replay</attack><local_dir>/root/datasets/OfficialDataset/Replay/replay/training/frequent/20161021142021/20160729095545.master_replay</local_dir><first>2891</first><last>135777</last><range pcap="attacker"><first>226054</first><offset>228945</offset><last>229172</last></range><range pcap="slave"><first>2013017</first><offset>2079078</offset><last>2079376</last></range><range pcap="master"><first>2011859</first><offset>2077923</offset><last>2078157</last></range></profile>