<profile><master_cap>/root/datasets/OfficialDataset/Flooding/flooding/training/frequent/20161021130706/20160831060405.master_hijacking_replay_flooding/20160831060405.master_hijacking_replay_flooding.master.pcap</master_cap><slave_cap>/root/datasets/OfficialDataset/Flooding/flooding/training/frequent/20161021130706/20160831060405.master_hijacking_replay_flooding/20160831060405.master_hijacking_replay_flooding.slave.pcap</slave_cap><attack_cap>/root/datasets/OfficialDataset/Flooding/flooding/training/frequent/20161021130706/20160831060405.master_hijacking_replay_flooding/20160831060405.master_hijacking_replay_flooding.attacker.pcap</attack_cap><start>2016-08-31 06:04:05.999873</start><finish>2016-08-31 06:05:14.333946</finish><attack>master_hijacking_replay_flooding</attack><local_dir>/root/datasets/OfficialDataset/Flooding/flooding/training/frequent/20161021130706/20160831060405.master_hijacking_replay_flooding</local_dir><first>6095</first><last>24158</last><range pcap="attacker"><first>244142</first><offset>250237</offset><last>250502</last></range><range pcap="slave"><first>299662</first><offset>308195</offset><last>308570</last></range><range pcap="master"><first>290728</first><offset>299261</offset><last>299616</last></range></profile>