<profile><master_cap>/root/datasets/OfficialDataset/Replay/replay/training/frequent/20161021142021/20160728211046.master_replay/20160728211046.master_replay.master.pcap</master_cap><slave_cap>/root/datasets/OfficialDataset/Replay/replay/training/frequent/20161021142021/20160728211046.master_replay/20160728211046.master_replay.slave.pcap</slave_cap><attack_cap>/root/datasets/OfficialDataset/Replay/replay/training/frequent/20161021142021/20160728211046.master_replay/20160728211046.master_replay.attacker.pcap</attack_cap><start>2016-07-28 21:10:46.463246</start><finish>2016-07-28 21:11:36.358282</finish><attack>master_replay</attack><local_dir>/root/datasets/OfficialDataset/Replay/replay/training/frequent/20161021142021/20160728211046.master_replay</local_dir><first>3222</first><last>12955</last><range pcap="attacker"><first>63975</first><offset>67197</offset><last>67440</last></range><range pcap="slave"><first>323167</first><offset>327636</offset><last>327947</last></range><range pcap="master"><first>322798</first><offset>327263</offset><last>327506</last></range></profile>