<profile><master_cap>/root/datasets/OfficialDataset/Masqurading/masquerading/training/frequent/20161021132756/20160826230201.slave_masquerading_ObjectSpoofBinary/20160826230201.slave_masquerading_ObjectSpoofBinary.master.pcap</master_cap><slave_cap>/root/datasets/OfficialDataset/Masqurading/masquerading/training/frequent/20161021132756/20160826230201.slave_masquerading_ObjectSpoofBinary/20160826230201.slave_masquerading_ObjectSpoofBinary.slave.pcap</slave_cap><attack_cap>/root/datasets/OfficialDataset/Masqurading/masquerading/training/frequent/20161021132756/20160826230201.slave_masquerading_ObjectSpoofBinary/20160826230201.slave_masquerading_ObjectSpoofBinary.attacker.pcap</attack_cap><start>2016-08-26 23:02:01.143134</start><finish>2016-08-26 23:02:14.181817</finish><attack>slave_masquerading_ObjectSpoofBinary</attack><local_dir>/root/datasets/OfficialDataset/Masqurading/masquerading/training/frequent/20161021132756/20160826230201.slave_masquerading_ObjectSpoofBinary</local_dir><first>4719</first><last>18231</last><range pcap="attacker"><first>131290</first><offset>136009</offset><last>136106</last></range><range pcap="slave"><first>172211</first><offset>178833</offset><last>178898</last></range><range pcap="master"><first>177969</first><offset>184589</offset><last>184695</last></range></profile>