<AttackProcessor pcap="20161021132756.attacker"><start>2016-08-26 12:51:02.031315</start><finish>2016-08-27 12:15:26.927648</finish><local_dir>/root/datasets/OfficialDataset/Masqurading/masquerading/training/frequent</local_dir><first>2700</first><last>317862</last></AttackProcessor><AttackProcessor pcap="20161021132756.slave"><start>2016-08-26 12:51:02.031315</start><finish>2016-08-27 12:15:26.927648</finish><local_dir>/root/datasets/OfficialDataset/Masqurading/masquerading/training/frequent</local_dir><first>3796</first><last>413000</last></AttackProcessor><AttackProcessor pcap="20161021132756.master"><start>2016-08-26 12:51:02.031315</start><finish>2016-08-27 12:15:26.927648</finish><local_dir>/root/datasets/OfficialDataset/Masqurading/masquerading/training/frequent</local_dir><first>3796</first><last>430186</last></AttackProcessor>