<profile><master_cap>/root/datasets/OfficialDataset/Masqurading/masquerading/training/frequent/20161021132756/20160827112147.master_hijacking_masquerading/20160827112147.master_hijacking_masquerading.master.pcap</master_cap><slave_cap>/root/datasets/OfficialDataset/Masqurading/masquerading/training/frequent/20161021132756/20160827112147.master_hijacking_masquerading/20160827112147.master_hijacking_masquerading.slave.pcap</slave_cap><attack_cap>/root/datasets/OfficialDataset/Masqurading/masquerading/training/frequent/20161021132756/20160827112147.master_hijacking_masquerading/20160827112147.master_hijacking_masquerading.attacker.pcap</attack_cap><start>2016-08-27 11:21:47.853956</start><finish>2016-08-27 11:24:32.027658</finish><attack>master_hijacking_masquerading</attack><local_dir>/root/datasets/OfficialDataset/Masqurading/masquerading/training/frequent/20161021132756/20160827112147.master_hijacking_masquerading</local_dir><first>3479</first><last>15792</last><range pcap="attacker"><first>299915</first><offset>303394</offset><last>304182</last></range><range pcap="slave"><first>388752</first><offset>393601</offset><last>394630</last></range><range pcap="master"><first>405726</first><offset>410569</offset><last>411371</last></range></profile>