<profile><master_cap>/root/datasets/OfficialDataset/Injection/injection/training/frequent/20161021132150/20160813201852.injection_push/20160813201852.injection_push.master.pcap</master_cap><slave_cap>/root/datasets/OfficialDataset/Injection/injection/training/frequent/20161021132150/20160813201852.injection_push/20160813201852.injection_push.slave.pcap</slave_cap><attack_cap>/root/datasets/OfficialDataset/Injection/injection/training/frequent/20161021132150/20160813201852.injection_push/20160813201852.injection_push.attacker.pcap</attack_cap><start>2016-08-13 20:18:52.643742</start><finish>2016-08-13 20:19:16.897212</finish><attack>injection_push</attack><local_dir>/root/datasets/OfficialDataset/Injection/injection/training/frequent/20161021132150/20160813201852.injection_push</local_dir><first>4786</first><last>215178</last><range pcap="attacker"><first>122119</first><offset>126905</offset><last>127016</last></range><range pcap="slave"><first>1347568</first><offset>1452355</offset><last>1452714</last></range><range pcap="master"><first>1347354</first><offset>1452121</offset><last>1452487</last></range></profile>