<profile><master_cap>/root/datasets/OfficialDataset/Flooding/flooding/training/frequent/20161021130706/20160831092558.master_hijacking_replay_flooding/20160831092558.master_hijacking_replay_flooding.master.pcap</master_cap><slave_cap>/root/datasets/OfficialDataset/Flooding/flooding/training/frequent/20161021130706/20160831092558.master_hijacking_replay_flooding/20160831092558.master_hijacking_replay_flooding.slave.pcap</slave_cap><attack_cap>/root/datasets/OfficialDataset/Flooding/flooding/training/frequent/20161021130706/20160831092558.master_hijacking_replay_flooding/20160831092558.master_hijacking_replay_flooding.attacker.pcap</attack_cap><start>2016-08-31 09:25:58.650394</start><finish>2016-08-31 09:27:02.715632</finish><attack>master_hijacking_replay_flooding</attack><local_dir>/root/datasets/OfficialDataset/Flooding/flooding/training/frequent/20161021130706/20160831092558.master_hijacking_replay_flooding</local_dir><first>4300</first><last>17391</last><range pcap="attacker"><first>293217</first><offset>297517</offset><last>297775</last></range><range pcap="slave"><first>362690</first><offset>368752</offset><last>369119</last></range><range pcap="master"><first>355422</first><offset>361486</offset><last>361824</last></range></profile>