<profile><master_cap>/root/datasets/OfficialDataset/Attacks/attacks/training/frequent/20161021143503/20161011065615.master_masquerading/20161011065615.master_masquerading.master.pcap</master_cap><slave_cap>/root/datasets/OfficialDataset/Attacks/attacks/training/frequent/20161021143503/20161011065615.master_masquerading/20161011065615.master_masquerading.slave.pcap</slave_cap><attack_cap>/root/datasets/OfficialDataset/Attacks/attacks/training/frequent/20161021143503/20161011065615.master_masquerading/20161011065615.master_masquerading.attacker.pcap</attack_cap><start>2016-10-11 06:56:15.018134</start><finish>2016-10-11 06:57:22.145887</finish><attack>master_masquerading</attack><local_dir>/root/datasets/OfficialDataset/Attacks/attacks/training/frequent/20161021143503/20161011065615.master_masquerading</local_dir><first>5442</first><last>21417</last><range pcap="attacker"><first>177087</first><offset>182529</offset><last>182828</last></range><range pcap="slave"><first>442203</first><offset>449670</offset><last>450064</last></range><range pcap="master"><first>435645</first><offset>443128</offset><last>443458</last></range></profile>