<profile><master_cap>/root/datasets/OfficialDataset/Masqurading/masquerading/training/frequent/20161021132756/20160827093656.slave_masquerading_flooding/20160827093656.slave_masquerading_flooding.master.pcap</master_cap><slave_cap>/root/datasets/OfficialDataset/Masqurading/masquerading/training/frequent/20161021132756/20160827093656.slave_masquerading_flooding/20160827093656.slave_masquerading_flooding.slave.pcap</slave_cap><attack_cap>/root/datasets/OfficialDataset/Masqurading/masquerading/training/frequent/20161021132756/20160827093656.slave_masquerading_flooding/20160827093656.slave_masquerading_flooding.attacker.pcap</attack_cap><start>2016-08-27 09:36:56.950156</start><finish>2016-08-27 09:37:27.004306</finish><attack>slave_masquerading_flooding</attack><local_dir>/root/datasets/OfficialDataset/Masqurading/masquerading/training/frequent/20161021132756/20160827093656.slave_masquerading_flooding</local_dir><first>4863</first><last>23182</last><range pcap="attacker"><first>273783</first><offset>278646</offset><last>280931</last></range><range pcap="slave"><first>355611</first><offset>362426</offset><last>362537</last></range><range pcap="master"><first>370892</first><offset>377712</offset><last>379998</last></range></profile>