<profile><master_cap>/root/datasets/OfficialDataset/MITM/MITM/training/infrequent/20161021135759/20160922181357.reconnaissance/20160922181357.reconnaissance.master.pcap</master_cap><slave_cap>/root/datasets/OfficialDataset/MITM/MITM/training/infrequent/20161021135759/20160922181357.reconnaissance/20160922181357.reconnaissance.slave.pcap</slave_cap><attack_cap>/root/datasets/OfficialDataset/MITM/MITM/training/infrequent/20161021135759/20160922181357.reconnaissance/20160922181357.reconnaissance.attacker.pcap</attack_cap><start>2016-09-22 18:13:57.295545</start><finish>2016-09-22 18:14:01.409965</finish><attack>reconnaissance</attack><local_dir>/root/datasets/OfficialDataset/MITM/MITM/training/infrequent/20161021135759/20160922181357.reconnaissance</local_dir><first>43</first><last>251</last><range pcap="attacker"><first>544</first><offset>587</offset><last>615</last></range><range pcap="slave"><first>435</first><offset>494</offset><last>530</last></range><range pcap="master"><first>434</first><offset>493</offset><last>517</last></range></profile>