<profile><master_cap>/root/datasets/OfficialDataset/Masqurading/masquerading/training/frequent/20161021132756/20160827010600.slave_masquerading_flooding/20160827010600.slave_masquerading_flooding.master.pcap</master_cap><slave_cap>/root/datasets/OfficialDataset/Masqurading/masquerading/training/frequent/20161021132756/20160827010600.slave_masquerading_flooding/20160827010600.slave_masquerading_flooding.slave.pcap</slave_cap><attack_cap>/root/datasets/OfficialDataset/Masqurading/masquerading/training/frequent/20161021132756/20160827010600.slave_masquerading_flooding/20160827010600.slave_masquerading_flooding.attacker.pcap</attack_cap><start>2016-08-27 01:06:00.719589</start><finish>2016-08-27 01:06:31.931571</finish><attack>slave_masquerading_flooding</attack><local_dir>/root/datasets/OfficialDataset/Masqurading/masquerading/training/frequent/20161021132756/20160827010600.slave_masquerading_flooding</local_dir><first>4654</first><last>22668</last><range pcap="attacker"><first>158204</first><offset>162858</offset><last>165304</last></range><range pcap="slave"><first>208093</first><offset>214604</offset><last>214702</last></range><range pcap="master"><first>214839</first><offset>221352</offset><last>223796</last></range></profile>