<profile><master_cap>/root/datasets/OfficialDataset/Attacks/attacks/training/frequent/20161021143503/20161011051901.MITM_modification_CounterStatus/20161011051901.MITM_modification_CounterStatus.master.pcap</master_cap><slave_cap>/root/datasets/OfficialDataset/Attacks/attacks/training/frequent/20161021143503/20161011051901.MITM_modification_CounterStatus/20161011051901.MITM_modification_CounterStatus.slave.pcap</slave_cap><attack_cap>/root/datasets/OfficialDataset/Attacks/attacks/training/frequent/20161021143503/20161011051901.MITM_modification_CounterStatus/20161011051901.MITM_modification_CounterStatus.attacker.pcap</attack_cap><start>2016-10-11 05:19:01.405655</start><finish>2016-10-11 05:20:20.153608</finish><attack>MITM_modification_CounterStatus</attack><local_dir>/root/datasets/OfficialDataset/Attacks/attacks/training/frequent/20161021143503/20161011051901.MITM_modification_CounterStatus</local_dir><first>3760</first><last>45896</last><range pcap="attacker"><first>157372</first><offset>161132</offset><last>161736</last></range><range pcap="slave"><first>357925</first><offset>363235</offset><last>378684</last></range><range pcap="master"><first>350861</first><offset>356167</offset><last>371632</last></range></profile>